Area_sqft,Bedrooms,Bathrooms,Age_years,Parking_spaces,Location,Property_Type,Furnishing,Price
857,1,2.0,3.0,0,Nagpur,Apartment,Semi-Furnished,5562988.0
3595,1,1.0,20.0,2,Pune,Independent House,Unfurnished,33620327.0
3118,4,3.0,22.0,0,Pune,Apartment,Unfurnished,30202837.0
2255,4,3.0,29.0,2,Thane,Apartment,Semi-Furnished,29250999.0
2232,4,2.0,22.0,2,Nashik,Apartment,Semi-Furnished,15042455.0
3934,5,4.0,7.0,0,Pune,Villa,Furnished,41216966.0
843,3,3.0,14.0,1,Nagpur,Villa,Semi-Furnished,8079377.0
3289,5,1.0,17.0,0,Nashik,Apartment,Furnished,20976376.0
1305,4,4.0,39.0,2,Thane,Villa,Semi-Furnished,19023622.0
876,2,1.0,21.0,1,Nagpur,Apartment,Furnished,5129574.0
2605,5,3.0,25.0,1,Pune,Independent House,Semi-Furnished,26698212.0
4402,1,2.0,29.0,0,Pune,Apartment,Furnished,40237469.0
3443,3,3.0,14.0,1,Pune,Apartment,Semi-Furnished,32861889.0
3544,5,4.0,38.0,1,Nagpur,Apartment,Furnished,18674155.0
3369,4,3.0,26.0,0,Nashik,Villa,Semi-Furnished,22260356.0
3644,5,3.0,33.0,3,Nagpur,Apartment,Unfurnished,18380319.0
2552,1,4.0,29.0,1,Nashik,Apartment,Semi-Furnished,14816133.0
1012,3,3.0,24.0,0,Mumbai,Apartment,Semi-Furnished,19361229.0
3858,4,4.0,1.0,2,Pune,Apartment,Unfurnished,37705111.0
2301,4,2.0,23.0,1,Pune,Independent House,Semi-Furnished,22787226.0
2501,5,1.0,5.0,1,Mumbai,Apartment,Unfurnished,47394059.0
1983,3,1.0,24.0,2,Nashik,Apartment,Furnished,12222885.0
1230,4,3.0,28.0,0,Thane,Villa,Semi-Furnished,18254934.0
4207,3,3.0,21.0,2,Pune,Apartment,Unfurnished,38951480.0
3626,5,1.0,12.0,0,Nagpur,Independent House,Furnished,19294197.0
3075,1,1.0,2.0,0,Pune,Apartment,Semi-Furnished,29788599.0
2109,2,4.0,26.0,0,Nagpur,Independent House,Semi-Furnished,11486357.0
3791,1,3.0,27.0,0,Pune,Independent House,Semi-Furnished,36120176.0
2681,4,4.0,19.0,1,Nagpur,Apartment,Unfurnished,13857355.0
2273,2,1.0,28.0,3,Pune,Apartment,Unfurnished,21511152.0
2301,2,1.0,31.0,3,Pune,Villa,Furnished,23130736.0
1408,5,2.0,20.0,0,Nashik,Villa,Furnished,12373214.0
868,2,4.0,1.0,3,Mumbai,Apartment,Furnished,18522470.0
2718,1,3.0,34.0,2,Mumbai,Apartment,Unfurnished,49954334.0
4051,1,4.0,18.0,2,Mumbai,Apartment,Furnished,74715832.0
755,2,2.0,26.0,3,Thane,Villa,Semi-Furnished,12372804.0
3933,5,2.0,36.0,1,Pune,Villa,Semi-Furnished,39029760.0
3810,3,3.0,14.0,1,Nashik,Apartment,Unfurnished,22523518.0
1607,5,4.0,24.0,2,Thane,Apartment,Furnished,22926974.0
3026,2,2.0,0.0,2,Nagpur,Villa,Furnished,18788628.0
1160,2,3.0,35.0,2,Mumbai,Independent House,Unfurnished,22440693.0
3532,1,4.0,2.0,0,Nashik,Apartment,Furnished,21849105.0
3302,2,2.0,21.0,3,Pune,Apartment,Semi-Furnished,31341695.0
1918,3,4.0,14.0,1,Nashik,Apartment,Unfurnished,13240767.0
771,5,3.0,1.0,3,Mumbai,Villa,Unfurnished,18980435.0
4382,2,4.0,18.0,1,Nagpur,Apartment,Semi-Furnished,20564751.0
2282,4,2.0,37.0,0,Thane,Apartment,Unfurnished,27340575.0
4072,4,3.0,6.0,3,Pune,Villa,Unfurnished,40778044.0
3211,2,2.0,11.0,2,Pune,Apartment,Furnished,30712424.0
3613,5,3.0,7.0,0,Mumbai,Apartment,Semi-Furnished,67802892.0
3539,3,2.0,4.0,0,Nashik,Apartment,Furnished,22103880.0
1278,1,3.0,9.0,0,Mumbai,Apartment,Semi-Furnished,24365338.0
1955,5,4.0,22.0,0,Nashik,Apartment,Semi-Furnished,13509002.0
2366,5,2.0,31.0,3,Nashik,Apartment,Furnished,15424375.0
2491,1,2.0,27.0,0,Thane,Apartment,Unfurnished,29939255.0
675,5,2.0,30.0,0,Mumbai,Apartment,Semi-Furnished,14140505.0
2686,5,3.0,28.0,3,Pune,Independent House,Semi-Furnished,28525589.0
1117,5,3.0,15.0,3,Mumbai,Independent House,Furnished,25277042.0
3473,2,3.0,36.0,0,Nashik,Apartment,Semi-Furnished,19294211.0
3232,4,1.0,6.0,2,Pune,Villa,Furnished,34585470.0
4190,3,,27.0,2,Pune,Apartment,Furnished,39443114.0
3479,4,1.0,4.0,2,Mumbai,Independent House,Semi-Furnished,66691090.0
1966,4,4.0,30.0,1,Nagpur,Independent House,Semi-Furnished,12151193.0
4370,4,4.0,3.0,3,Thane,Villa,Unfurnished,57374056.0
2143,3,1.0,8.0,3,Mumbai,Villa,Semi-Furnished,42660472.0
1803,4,1.0,15.0,2,Pune,Apartment,Unfurnished,17827881.0
4122,3,4.0,27.0,3,Mumbai,Apartment,Semi-Furnished,75852174.0
1981,1,3.0,1.0,0,Mumbai,Apartment,Unfurnished,35842887.0
805,1,2.0,10.0,2,Thane,Apartment,Furnished,11157788.0
2378,5,3.0,13.0,3,Mumbai,Villa,Semi-Furnished,48083625.0
3682,5,1.0,29.0,2,Nagpur,Apartment,Semi-Furnished,18967513.0
1257,3,1.0,38.0,3,Thane,Apartment,Semi-Furnished,16182195.0
2351,1,2.0,24.0,1,Nashik,Apartment,Unfurnished,12734674.0
1019,4,4.0,20.0,3,Pune,Villa,Semi-Furnished,13504921.0
3245,1,4.0,13.0,3,Nashik,Apartment,Furnished,20106557.0
2402,2,1.0,32.0,2,Mumbai,Apartment,Semi-Furnished,43207247.0
1820,2,3.0,,2,Mumbai,Independent House,Semi-Furnished,35118129.0
1407,1,4.0,5.0,2,Thane,Apartment,Furnished,18748685.0
2757,5,4.0,8.0,1,Pune,Villa,Unfurnished,30261634.0
3179,3,4.0,10.0,2,Mumbai,Apartment,Furnished,61267778.0
4261,2,1.0,18.0,3,Pune,Apartment,Unfurnished,39478273.0
2248,3,1.0,37.0,0,Pune,Independent House,Furnished,21955831.0
1142,1,1.0,26.0,0,Nashik,Apartment,Furnished,6054159.0
3830,3,1.0,15.0,1,Nagpur,Apartment,Furnished,19192491.0
3019,3,1.0,8.0,1,Nashik,Apartment,Unfurnished,18259828.0
3301,2,2.0,25.0,2,Mumbai,Independent House,Semi-Furnished,61801447.0
888,5,3.0,10.0,1,Pune,Independent House,Furnished,12981965.0
1749,2,2.0,39.0,2,Mumbai,Apartment,Semi-Furnished,32336306.0
3571,1,2.0,19.0,0,Nashik,Apartment,Semi-Furnished,21014829.0
3829,3,1.0,22.0,1,Nagpur,Apartment,Semi-Furnished,18228240.0
2240,5,1.0,36.0,2,Nashik,Villa,Unfurnished,16442390.0
3719,2,4.0,12.0,1,Thane,Apartment,Semi-Furnished,45699028.0
3866,1,3.0,18.0,2,Nagpur,Apartment,Unfurnished,17706760.0
2049,5,1.0,21.0,2,Mumbai,Apartment,Semi-Furnished,39282000.0
4092,3,4.0,10.0,1,Nashik,Independent House,Semi-Furnished,26283062.0
1653,1,4.0,2.0,1,Nagpur,Apartment,Unfurnished,8886764.0
1458,4,4.0,11.0,3,Thane,Apartment,Unfurnished,20062905.0
3229,2,1.0,4.0,3,Mumbai,Independent House,Furnished,62603163.0
3047,5,3.0,27.0,0,Nashik,Apartment,Semi-Furnished,18663915.0
1059,2,4.0,0.0,2,Mumbai,Apartment,Semi-Furnished,21363282.0
3830,3,4.0,12.0,1,Nagpur,Apartment,Furnished,20925872.0
1299,3,1.0,35.0,0,Thane,Apartment,Semi-Furnished,16320119.0
3719,2,4.0,22.0,2,Thane,Apartment,Semi-Furnished,46780623.0
529,3,2.0,26.0,0,Pune,Apartment,Semi-Furnished,5899142.0
3687,1,2.0,26.0,1,Pune,Apartment,Unfurnished,32393806.0
3647,4,3.0,11.0,2,Nagpur,Apartment,Semi-Furnished,19309579.0
3621,4,4.0,25.0,3,Nashik,Independent House,Unfurnished,22324341.0
3159,5,1.0,8.0,1,Thane,Apartment,Furnished,41297038.0
2386,2,3.0,25.0,3,Mumbai,Villa,Semi-Furnished,46482031.0
3320,2,4.0,27.0,3,Thane,Apartment,Unfurnished,41413939.0
1608,3,3.0,35.0,1,Nagpur,Apartment,Semi-Furnished,8224425.0
3622,4,2.0,36.0,0,Pune,Apartment,Unfurnished,33434640.0
2722,5,1.0,0.0,2,Pune,Apartment,,27451270.0
2335,1,3.0,11.0,0,Nagpur,Villa,Furnished,14392484.0
2522,2,3.0,21.0,3,Pune,Apartment,Furnished,25141560.0
2774,2,3.0,12.0,1,Nagpur,Villa,Semi-Furnished,15652884.0
649,2,4.0,24.0,3,Nashik,Independent House,Semi-Furnished,6548163.0
1059,3,3.0,34.0,2,Mumbai,Apartment,Semi-Furnished,20812375.0
1481,5,3.0,10.0,1,Pune,Independent House,Unfurnished,17044391.0
958,1,1.0,35.0,3,Thane,Apartment,Semi-Furnished,11115869.0
2258,5,3.0,35.0,3,Nagpur,Apartment,Semi-Furnished,12530990.0
3173,4,1.0,36.0,3,Nagpur,Apartment,Unfurnished,15317103.0
3117,4,3.0,2.0,0,Nagpur,Independent House,Unfurnished,17102991.0
2384,4,1.0,11.0,1,Nashik,Villa,Unfurnished,16138560.0
3920,1,4.0,4.0,3,Thane,Independent House,Unfurnished,50064730.0
2760,4,2.0,4.0,3,Nashik,Villa,Unfurnished,19990493.0
816,2,2.0,2.0,1,Nashik,Apartment,Semi-Furnished,7435391.0
3559,3,1.0,17.0,0,Pune,Independent House,Semi-Furnished,34580577.0
2798,4,1.0,3.0,1,Pune,Independent House,Semi-Furnished,28217913.0
3038,4,4.0,11.0,2,Nagpur,Villa,Unfurnished,18998903.0
2761,2,2.0,39.0,2,Mumbai,Apartment,Semi-Furnished,50482744.0
2714,2,3.0,35.0,3,Nagpur,Independent House,Furnished,13750628.0
862,3,4.0,37.0,0,Thane,Apartment,Unfurnished,10380369.0
2736,1,3.0,1.0,1,Mumbai,Independent House,Semi-Furnished,51856799.0
3679,4,1.0,26.0,1,Pune,Independent House,Semi-Furnished,35918144.0
1715,1,2.0,25.0,3,Nagpur,Villa,Unfurnished,8686745.0
2911,3,2.0,5.0,0,Pune,Apartment,Semi-Furnished,28245399.0
623,4,2.0,36.0,0,Nagpur,Apartment,Semi-Furnished,4154972.0
1889,1,1.0,16.0,1,Nashik,Independent House,Semi-Furnished,10694149.0
2246,5,3.0,39.0,0,Mumbai,Independent House,Furnished,43814041.0
4430,2,2.0,4.0,2,Nashik,Villa,Furnished,29115125.0
1358,1,2.0,26.0,2,Nashik,Independent House,Semi-Furnished,8598006.0
1606,4,2.0,5.0,2,Mumbai,Apartment,Semi-Furnished,31299021.0
2134,3,2.0,37.0,3,Pune,Independent House,Furnished,21357968.0
4470,4,1.0,24.0,1,Mumbai,Apartment,Semi-Furnished,80787556.0
3913,4,2.0,3.0,1,Thane,Apartment,Furnished,50139215.0
638,3,4.0,8.0,1,Pune,Apartment,Furnished,8970818.0
1435,5,3.0,14.0,3,Mumbai,Apartment,Unfurnished,28121298.0
3786,2,3.0,0.0,2,Pune,Apartment,Unfurnished,36521422.0
733,3,4.0,0.0,0,Mumbai,Villa,Unfurnished,17390155.0
3922,1,3.0,37.0,2,Pune,Apartment,Furnished,36125008.0
1625,4,1.0,39.0,2,Nagpur,Villa,Semi-Furnished,9891602.0
4170,2,2.0,21.0,0,Pune,Apartment,Semi-Furnished,38714370.0
1674,4,2.0,36.0,2,Nagpur,Independent House,Semi-Furnished,10473752.0
2237,5,2.0,26.0,2,Pune,Apartment,Furnished,22759617.0
3147,5,1.0,1.0,0,Mumbai,Villa,Furnished,62238464.0
1005,5,1.0,28.0,0,Pune,Apartment,Unfurnished,10492412.0
2728,1,2.0,0.0,2,Nagpur,Apartment,Semi-Furnished,14274042.0
2520,1,4.0,32.0,2,Thane,Apartment,Semi-Furnished,31704674.0
3635,5,3.0,14.0,2,Pune,Apartment,Furnished,36048080.0
4484,2,4.0,5.0,1,Thane,Apartment,Semi-Furnished,55948303.0
3157,1,1.0,10.0,2,Mumbai,Apartment,Semi-Furnished,57536368.0
2136,2,2.0,27.0,3,Nashik,Apartment,Furnished,13664260.0
2125,5,3.0,33.0,0,Nagpur,Villa,Semi-Furnished,13089881.0
2171,2,2.0,22.0,2,Pune,Apartment,Unfurnished,19885913.0
3756,1,2.0,6.0,0,Mumbai,Apartment,Furnished,70006416.0
1784,4,2.0,36.0,0,Pune,Apartment,Semi-Furnished,17870278.0
1167,1,1.0,31.0,3,Nagpur,Apartment,Furnished,5793588.0
1837,2,4.0,16.0,0,Mumbai,Apartment,Semi-Furnished,34050666.0
590,1,4.0,22.0,2,Thane,Villa,Semi-Furnished,10928583.0
924,4,1.0,38.0,2,Pune,Apartment,Semi-Furnished,9537829.0
860,3,2.0,15.0,3,Thane,Apartment,Semi-Furnished,12649325.0
3586,5,3.0,1.0,2,Pune,Apartment,Unfurnished,35631250.0
3389,2,4.0,5.0,2,Nashik,Apartment,Semi-Furnished,20789357.0
3287,2,4.0,24.0,3,Mumbai,Villa,Unfurnished,62020022.0
2347,1,2.0,39.0,3,Pune,Apartment,Semi-Furnished,21467974.0
3368,2,3.0,29.0,2,Pune,Independent House,Semi-Furnished,32170598.0
1145,3,4.0,24.0,0,Nagpur,Apartment,Semi-Furnished,6997343.0
4102,1,4.0,12.0,0,Pune,Villa,Semi-Furnished,40074015.0
2504,3,2.0,17.0,1,Nashik,Apartment,Semi-Furnished,14976401.0
4252,5,4.0,1.0,2,Thane,Independent House,Semi-Furnished,56813509.0
1109,4,2.0,14.0,2,Mumbai,Apartment,Semi-Furnished,22689315.0
2489,4,1.0,24.0,3,Pune,Apartment,Semi-Furnished,24439791.0
3285,5,4.0,36.0,0,Pune,Independent House,Unfurnished,32264760.0
2482,4,4.0,36.0,0,Pune,Villa,Semi-Furnished,24831199.0
2284,4,2.0,32.0,0,Mumbai,Apartment,Furnished,42590069.0
1164,5,2.0,0.0,2,Nagpur,Apartment,Semi-Furnished,8160715.0
2024,1,2.0,32.0,2,Pune,Apartment,Furnished,18982109.0
1455,5,1.0,8.0,0,Pune,Independent House,Unfurnished,16341660.0
1706,2,4.0,24.0,3,Nashik,Apartment,Semi-Furnished,11186602.0
3234,4,1.0,37.0,1,Mumbai,Apartment,Semi-Furnished,59622365.0
3021,5,3.0,35.0,2,Nashik,Apartment,Semi-Furnished,18051692.0
2928,3,1.0,26.0,3,Thane,Independent House,Semi-Furnished,37116337.0
1947,1,3.0,11.0,0,Pune,Apartment,Unfurnished,18359457.0
4338,2,4.0,20.0,3,Nashik,Apartment,Semi-Furnished,25917771.0
850,3,3.0,28.0,3,Thane,Independent House,Semi-Furnished,12348056.0
1870,5,3.0,20.0,3,Nagpur,Apartment,Semi-Furnished,11993438.0
972,5,4.0,16.0,0,Nagpur,Villa,Unfurnished,9318450.0
1855,3,4.0,16.0,1,Nagpur,Villa,Unfurnished,12069014.0
4347,5,4.0,23.0,0,Nashik,Apartment,Furnished,26329418.0
1965,3,1.0,1.0,1,Nashik,Villa,Semi-Furnished,14909376.0
4134,3,3.0,39.0,3,Nagpur,Independent House,Semi-Furnished,20946154.0
2480,5,4.0,4.0,3,Nagpur,Apartment,Unfurnished,14627671.0
3298,4,2.0,39.0,3,Nagpur,Apartment,Semi-Furnished,16837260.0
2329,3,3.0,1.0,1,Mumbai,Independent House,Semi-Furnished,45599828.0
1563,3,1.0,20.0,3,Thane,Apartment,Furnished,21843044.0
3556,4,4.0,16.0,3,Pune,Apartment,Semi-Furnished,35396403.0
4376,4,3.0,22.0,3,Pune,Apartment,Unfurnished,41498236.0
1554,3,3.0,17.0,3,Mumbai,Independent House,Unfurnished,31176192.0
3615,1,4.0,35.0,2,Pune,Villa,Unfurnished,35083898.0
1544,1,1.0,0.0,0,Nagpur,Independent House,Semi-Furnished,9552573.0
3367,1,2.0,39.0,1,Pune,Apartment,Furnished,30448874.0
3656,3,4.0,27.0,3,Nagpur,Independent House,Unfurnished,18695036.0
2297,4,1.0,31.0,1,Nashik,Apartment,Semi-Furnished,13308552.0
3447,5,4.0,5.0,0,Pune,Villa,Semi-Furnished,35224676.0
1588,2,2.0,2.0,3,Pune,Villa,Semi-Furnished,18510405.0
817,4,3.0,15.0,1,Nashik,Apartment,Semi-Furnished,6799049.0
885,4,3.0,12.0,3,Nagpur,Apartment,Semi-Furnished,6822142.0
2288,1,3.0,31.0,1,Mumbai,Apartment,Unfurnished,41476986.0
4110,2,4.0,35.0,1,Pune,Apartment,Semi-Furnished,37769567.0
1010,2,2.0,17.0,1,Pune,Villa,Semi-Furnished,12972797.0
2323,5,1.0,30.0,1,Pune,Apartment,Semi-Furnished,22329105.0
3316,5,2.0,2.0,1,Pune,Villa,Unfurnished,34037072.0
1309,5,3.0,29.0,1,Thane,Apartment,Semi-Furnished,17372064.0
3386,3,4.0,3.0,3,Pune,Apartment,Furnished,34539238.0
1723,3,4.0,26.0,1,Pune,Villa,Semi-Furnished,19555169.0
3734,2,2.0,15.0,1,Thane,Apartment,Unfurnished,45370522.0
2816,4,4.0,16.0,3,Nagpur,Independent House,Furnished,16733208.0
2687,1,1.0,11.0,1,Mumbai,Independent House,Unfurnished,50384624.0
1207,2,1.0,16.0,0,Nashik,Apartment,Furnished,7335819.0
2352,1,1.0,34.0,0,Thane,Apartment,Unfurnished,27678599.0
3926,3,4.0,32.0,1,Pune,Apartment,Furnished,37007058.0
578,2,1.0,13.0,2,Pune,Villa,Unfurnished,8040693.0
3534,1,3.0,11.0,3,Thane,Apartment,Semi-Furnished,44582615.0
2471,2,4.0,20.0,0,Nagpur,Independent House,Furnished,14233815.0
3377,5,4.0,27.0,2,Thane,Independent House,Semi-Furnished,44151135.0
3153,3,4.0,7.0,1,Mumbai,Apartment,Unfurnished,59562244.0
2228,5,1.0,29.0,1,Thane,Villa,Unfurnished,29896096.0
1734,5,2.0,37.0,1,Mumbai,Apartment,Unfurnished,33949129.0
3009,5,3.0,33.0,1,Nagpur,Apartment,Unfurnished,14303180.0
1060,2,3.0,21.0,0,Thane,Apartment,Semi-Furnished,13046033.0
2836,5,3.0,12.0,0,Pune,Villa,Semi-Furnished,30671417.0
878,5,3.0,12.0,2,Pune,Apartment,Furnished,11647712.0
3099,5,2.0,29.0,0,Nashik,Independent House,Furnished,20701174.0
3014,2,1.0,18.0,1,Thane,Apartment,Furnished,37103729.0
837,2,2.0,4.0,0,Pune,Villa,Semi-Furnished,11057360.0
3529,3,2.0,27.0,0,Thane,Independent House,Semi-Furnished,44553793.0
2163,5,3.0,5.0,0,Mumbai,Villa,Semi-Furnished,43739330.0
3647,5,4.0,39.0,1,Mumbai,Apartment,Semi-Furnished,67730323.0
666,3,3.0,16.0,0,Mumbai,Apartment,Unfurnished,12675313.0
1217,1,3.0,13.0,0,Thane,Apartment,Furnished,16331670.0
2475,3,1.0,2.0,1,Pune,Apartment,Semi-Furnished,25105452.0
1252,4,3.0,6.0,1,Nashik,Independent House,Semi-Furnished,10259090.0
1819,3,2.0,37.0,0,Pune,Apartment,Semi-Furnished,16286921.0
3142,2,1.0,21.0,0,Thane,Apartment,Unfurnished,38339464.0
1078,2,1.0,36.0,3,Nagpur,Villa,Semi-Furnished,6448963.0
3210,1,4.0,38.0,2,Pune,Apartment,Semi-Furnished,29678270.0
913,2,4.0,1.0,0,Pune,Independent House,Furnished,12091907.0
1200,4,3.0,15.0,1,Mumbai,Apartment,Semi-Furnished,23891980.0
2850,2,4.0,33.0,1,Mumbai,Apartment,Semi-Furnished,52889936.0
3673,5,1.0,19.0,3,Thane,Villa,Semi-Furnished,48883667.0
1182,1,2.0,20.0,3,Nashik,Apartment,Furnished,8116872.0
1699,3,4.0,22.0,3,Mumbai,Independent House,Furnished,33403300.0
4200,3,1.0,28.0,0,Nagpur,Apartment,Semi-Furnished,19920514.0
4458,5,3.0,37.0,1,Mumbai,Apartment,Semi-Furnished,81592113.0
2824,5,1.0,35.0,1,Pune,Apartment,Semi-Furnished,26746378.0
2288,3,2.0,25.0,2,Pune,Apartment,Furnished,22555300.0
1887,4,2.0,23.0,3,Mumbai,Apartment,Furnished,37509775.0
2949,4,2.0,14.0,1,Nashik,Apartment,Semi-Furnished,18385541.0
2863,3,4.0,4.0,2,Pune,Apartment,Semi-Furnished,28136753.0
1679,1,4.0,28.0,1,Nashik,Independent House,Unfurnished,11125840.0
591,3,3.0,0.0,0,Pune,Apartment,Unfurnished,7745579.0
1105,2,3.0,27.0,1,Nagpur,Villa,Unfurnished,7595839.0
4334,3,1.0,19.0,2,Pune,Apartment,Unfurnished,40685788.0
2172,4,1.0,31.0,1,Mumbai,Independent House,Semi-Furnished,42051444.0
2429,2,1.0,37.0,2,Pune,Apartment,Semi-Furnished,21619720.0
2368,2,4.0,22.0,2,Mumbai,Apartment,Semi-Furnished,43658055.0
3630,5,1.0,22.0,1,Pune,Apartment,Semi-Furnished,35129111.0
759,2,2.0,19.0,3,Mumbai,Apartment,Unfurnished,14533890.0
830,1,4.0,14.0,0,Nagpur,Apartment,Semi-Furnished,4907700.0
1603,4,3.0,3.0,3,Pune,Apartment,Unfurnished,16862249.0
2446,4,3.0,1.0,0,Nagpur,Independent House,Unfurnished,14769753.0
3184,5,1.0,28.0,1,Nashik,Apartment,Furnished,19972959.0
2462,4,3.0,36.0,3,Nashik,Independent House,Unfurnished,15761026.0
2264,5,3.0,2.0,2,Nashik,Apartment,Semi-Furnished,15587246.0
4251,3,2.0,13.0,1,Mumbai,Apartment,Semi-Furnished,78942118.0
1144,2,3.0,24.0,3,Nagpur,Apartment,Semi-Furnished,6753067.0
2786,5,4.0,28.0,0,Nagpur,Apartment,Semi-Furnished,15390030.0
2668,2,2.0,29.0,2,Nagpur,Independent House,Semi-Furnished,12869644.0
2393,2,2.0,27.0,2,Pune,Apartment,Semi-Furnished,22472570.0
3730,5,2.0,3.0,0,Nagpur,Independent House,Semi-Furnished,20562396.0
1567,5,4.0,10.0,3,Pune,Apartment,Furnished,18409266.0
4315,2,1.0,18.0,3,Mumbai,Apartment,Unfurnished,78884445.0
1826,4,4.0,2.0,0,Pune,Apartment,Semi-Furnished,19800476.0
2680,5,4.0,13.0,0,Pune,Villa,Unfurnished,28528155.0
2582,4,2.0,15.0,0,Nashik,Apartment,Unfurnished,15756751.0
3899,1,3.0,39.0,1,Thane,Independent House,Furnished,47516106.0
2255,4,4.0,12.0,1,Pune,Apartment,Semi-Furnished,22767044.0
1638,1,4.0,38.0,2,Nashik,Apartment,Unfurnished,9423579.0
586,5,2.0,28.0,2,Nashik,Villa,Semi-Furnished,7005508.0
1954,1,1.0,27.0,0,Thane,Apartment,Unfurnished,23311189.0
3805,5,3.0,32.0,1,Nagpur,Independent House,Semi-Furnished,20574367.0
539,1,1.0,33.0,3,Pune,Apartment,Semi-Furnished,5336642.0
4084,3,1.0,8.0,3,Pune,Villa,Furnished,41445811.0
2671,2,4.0,16.0,1,Nashik,Apartment,Unfurnished,15774296.0
1060,5,2.0,21.0,0,Pune,Independent House,Semi-Furnished,12671982.0
1708,2,3.0,39.0,0,Thane,Apartment,Furnished,21484174.0
2716,4,1.0,1.0,1,Thane,Independent House,Furnished,35815474.0
1762,1,1.0,19.0,1,Thane,Apartment,Unfurnished,21633699.0
934,3,1.0,8.0,1,Pune,Villa,Semi-Furnished,11860946.0
3163,5,2.0,8.0,0,Nagpur,Independent House,Furnished,18544672.0
3188,5,1.0,30.0,1,Nagpur,Independent House,Semi-Furnished,16991052.0
975,2,2.0,8.0,1,Pune,Apartment,Semi-Furnished,10437075.0
1624,2,2.0,,1,Pune,Apartment,Semi-Furnished,14554861.0
1475,3,3.0,39.0,0,Pune,Independent House,Furnished,15493276.0
3137,3,3.0,31.0,3,Mumbai,Apartment,Semi-Furnished,58323464.0
3421,3,2.0,6.0,1,Thane,Villa,Unfurnished,43661997.0
3407,1,2.0,5.0,1,Thane,Apartment,Semi-Furnished,41678646.0
4255,4,1.0,17.0,3,Pune,Apartment,Semi-Furnished,40938139.0
3574,2,2.0,22.0,2,Nashik,Apartment,Semi-Furnished,21136409.0
1782,2,4.0,31.0,0,Pune,Villa,Semi-Furnished,18822434.0
930,5,4.0,16.0,0,Pune,Apartment,Semi-Furnished,11013033.0
2958,4,2.0,6.0,0,Pune,Apartment,Semi-Furnished,29444026.0
4164,2,4.0,39.0,2,Nashik,Independent House,Furnished,24670695.0
4400,5,3.0,36.0,1,Nagpur,Apartment,Semi-Furnished,21618199.0
1420,2,1.0,26.0,1,Thane,Independent House,Semi-Furnished,17982078.0
1445,3,4.0,27.0,2,Thane,Apartment,Semi-Furnished,19127099.0
649,2,2.0,37.0,2,Pune,Apartment,Unfurnished,5287324.0
1065,1,3.0,18.0,0,Nagpur,Apartment,Semi-Furnished,5932615.0
2719,3,3.0,5.0,0,Pune,Apartment,Unfurnished,26515932.0
2687,3,2.0,24.0,3,Mumbai,Villa,Furnished,52099241.0
1983,5,3.0,18.0,3,Nashik,Apartment,Semi-Furnished,14537135.0
1739,2,3.0,31.0,3,Pune,Apartment,Unfurnished,15860658.0
3819,5,2.0,30.0,3,Pune,Apartment,Semi-Furnished,36645122.0
2340,4,2.0,,1,Pune,Villa,Furnished,25163330.0
3733,1,3.0,,3,Pune,Independent House,Unfurnished,35971067.0
4352,4,1.0,16.0,3,Thane,Apartment,Furnished,55303549.0
1768,3,1.0,25.0,3,Pune,Apartment,Unfurnished,17387880.0
1310,2,4.0,25.0,0,Nashik,Apartment,Unfurnished,7892343.0
4311,3,2.0,20.0,0,Thane,Villa,Semi-Furnished,53550181.0
3039,2,3.0,21.0,1,Nashik,Apartment,Unfurnished,17300609.0
1663,4,3.0,39.0,2,Mumbai,Apartment,Furnished,32598367.0
2987,3,4.0,10.0,3,Thane,Villa,Semi-Furnished,40387752.0
2560,3,3.0,6.0,1,Pune,Apartment,Semi-Furnished,24657109.0
4122,2,3.0,31.0,3,Pune,Villa,Semi-Furnished,40240199.0
1523,2,4.0,37.0,3,Nashik,Apartment,Semi-Furnished,9702327.0
4465,3,4.0,24.0,3,Mumbai,Independent House,Semi-Furnished,83232760.0
4244,3,1.0,16.0,0,Nagpur,Apartment,Semi-Furnished,20286963.0
1222,2,3.0,13.0,0,Pune,Apartment,Furnished,12616717.0
1158,3,1.0,18.0,0,Nashik,Apartment,Semi-Furnished,7804156.0
2632,2,4.0,2.0,2,Nagpur,Apartment,Semi-Furnished,14529470.0
679,3,1.0,21.0,2,Thane,Villa,Semi-Furnished,10833401.0
1695,1,1.0,10.0,1,Pune,Apartment,Semi-Furnished,16130705.0
2240,3,1.0,10.0,0,Pune,Apartment,Semi-Furnished,21430139.0
4377,4,3.0,22.0,2,Thane,Villa,Semi-Furnished,57291477.0
4469,5,1.0,38.0,2,Nashik,Apartment,Semi-Furnished,26441664.0
1106,4,1.0,8.0,1,Pune,Villa,Unfurnished,13528974.0
4066,4,3.0,36.0,1,Pune,Villa,Furnished,40360479.0
863,1,4.0,20.0,2,Nagpur,Apartment,Furnished,6149699.0
3494,2,3.0,38.0,2,Nashik,Villa,Semi-Furnished,21548875.0
3882,4,2.0,15.0,2,Nashik,Independent House,Furnished,25602277.0
4063,5,3.0,39.0,3,Thane,Independent House,Furnished,53010824.0
1393,3,3.0,26.0,1,Pune,Apartment,Furnished,14296103.0
4073,5,2.0,26.0,2,Pune,Apartment,Unfurnished,39207765.0
963,2,3.0,22.0,3,Nashik,Independent House,Semi-Furnished,8496303.0
2575,1,1.0,18.0,0,Thane,Apartment,Semi-Furnished,31311851.0
2378,1,1.0,21.0,1,Pune,Apartment,Semi-Furnished,21532240.0
1763,3,3.0,34.0,0,Nagpur,Apartment,Semi-Furnished,8939750.0
588,4,2.0,31.0,1,Pune,Villa,Semi-Furnished,8411975.0
3588,2,1.0,0.0,0,Pune,Villa,Furnished,35885253.0
1842,4,1.0,27.0,2,Thane,Independent House,Furnished,25403524.0
3146,4,4.0,33.0,0,Pune,Independent House,Semi-Furnished,30503414.0
2140,2,2.0,29.0,2,Pune,Apartment,Furnished,20417650.0
1994,2,1.0,19.0,2,Nagpur,Villa,Furnished,12186569.0
4045,4,3.0,13.0,3,Mumbai,Apartment,Semi-Furnished,75135633.0
877,4,3.0,26.0,1,Mumbai,Apartment,Furnished,18512312.0
3446,1,2.0,26.0,1,Nagpur,Apartment,Unfurnished,15234248.0
3487,2,4.0,14.0,0,Pune,Independent House,Unfurnished,34167479.0
2019,3,2.0,16.0,2,Nagpur,Apartment,Furnished,11385406.0
1549,3,3.0,14.0,0,Mumbai,Apartment,Semi-Furnished,29599032.0
521,1,3.0,1.0,0,Pune,Apartment,Semi-Furnished,5931911.0
4247,5,3.0,1.0,3,Nagpur,Apartment,Furnished,23619063.0
4290,2,1.0,3.0,2,Mumbai,Apartment,Semi-Furnished,79100105.0
1463,2,3.0,16.0,0,Thane,Apartment,Unfurnished,18739795.0
627,1,3.0,20.0,2,Thane,Apartment,Unfurnished,8114159.0
991,5,1.0,16.0,1,Thane,Apartment,Semi-Furnished,15214263.0
770,2,1.0,38.0,0,Mumbai,Independent House,Unfurnished,14315298.0
3824,5,3.0,8.0,1,Pune,Villa,Unfurnished,38551923.0
4067,3,1.0,15.0,3,Thane,Independent House,Furnished,51711836.0
1113,5,4.0,9.0,0,Mumbai,Apartment,Semi-Furnished,23574659.0
3486,1,1.0,11.0,1,Nagpur,Apartment,Semi-Furnished,16058752.0
1217,1,4.0,23.0,3,Thane,Apartment,Unfurnished,15711680.0
1968,5,3.0,12.0,1,Pune,Independent House,Semi-Furnished,22195038.0
2897,5,2.0,12.0,0,Pune,Apartment,Semi-Furnished,29136884.0
3379,3,2.0,26.0,1,Nashik,Apartment,Semi-Furnished,19423366.0
3998,1,2.0,33.0,2,Nashik,Independent House,Semi-Furnished,23563662.0
679,5,3.0,8.0,3,Pune,Independent House,Semi-Furnished,10896165.0
1285,2,4.0,4.0,2,Nashik,Apartment,Unfurnished,8853958.0
1622,5,,9.0,0,Nagpur,Villa,Unfurnished,11077269.0
1741,5,3.0,23.0,3,Mumbai,Apartment,Semi-Furnished,34440076.0
4492,5,4.0,38.0,3,Pune,Apartment,Unfurnished,42015217.0
3609,4,2.0,6.0,2,Nagpur,Apartment,Unfurnished,18736337.0
1781,4,3.0,1.0,3,Nagpur,Independent House,Unfurnished,12705021.0
4387,3,1.0,21.0,3,Thane,Apartment,Furnished,55167825.0
2497,1,4.0,39.0,0,Pune,Villa,Semi-Furnished,24309894.0
2502,2,1.0,22.0,1,Thane,Apartment,Semi-Furnished,30859364.0
2234,4,2.0,36.0,2,Nagpur,Villa,Semi-Furnished,12970872.0
1075,5,2.0,25.0,1,Nagpur,Villa,Semi-Furnished,8588047.0
4237,3,2.0,1.0,2,Mumbai,Villa,Unfurnished,79534262.0
555,4,1.0,17.0,2,Pune,Independent House,Semi-Furnished,8167999.0
1197,1,3.0,30.0,0,Nashik,Villa,Semi-Furnished,8890624.0
1418,3,1.0,20.0,2,Pune,Villa,Semi-Furnished,15990120.0
1617,3,4.0,7.0,0,Pune,Apartment,Unfurnished,16158204.0
1027,5,1.0,7.0,2,Thane,Independent House,Furnished,16863758.0
571,2,2.0,26.0,1,Pune,Apartment,Semi-Furnished,6522794.0
3210,2,4.0,18.0,0,Thane,Apartment,Unfurnished,39924092.0
4377,2,1.0,22.0,3,Nashik,Apartment,Furnished,25650237.0
987,1,1.0,14.0,1,Thane,Apartment,Unfurnished,12945344.0
1686,3,3.0,13.0,0,Pune,Apartment,Unfurnished,17838423.0
2525,4,1.0,26.0,1,Nashik,Apartment,Unfurnished,14601436.0
4210,5,4.0,0.0,3,Nashik,Apartment,Furnished,27834352.0
3277,5,2.0,17.0,0,Thane,Independent House,Unfurnished,42535999.0
3564,1,4.0,14.0,1,Pune,Independent House,Furnished,34595161.0
2824,2,1.0,31.0,1,Pune,Apartment,Semi-Furnished,26078110.0
2168,2,1.0,29.0,3,Thane,Independent House,Semi-Furnished,27801660.0
1299,2,4.0,17.0,0,Pune,Apartment,Semi-Furnished,13408237.0
3957,5,4.0,10.0,0,Nashik,Apartment,Unfurnished,24254553.0
3716,1,4.0,9.0,2,Pune,Independent House,Semi-Furnished,35949533.0
600,1,2.0,8.0,0,Pune,Villa,Semi-Furnished,7356541.0
3361,5,2.0,10.0,2,Nashik,Villa,Semi-Furnished,24063651.0
837,5,3.0,30.0,1,Nashik,Apartment,Unfurnished,6707151.0
3455,2,2.0,1.0,2,Nashik,Apartment,Furnished,22015512.0
3803,2,1.0,1.0,0,Mumbai,Apartment,Semi-Furnished,70210747.0
1024,3,2.0,21.0,2,Nagpur,Independent House,Semi-Furnished,6231098.0
2235,3,3.0,8.0,2,Thane,Apartment,Semi-Furnished,29042004.0
995,5,1.0,33.0,0,Pune,Apartment,Semi-Furnished,10189764.0
2769,3,2.0,30.0,1,Mumbai,Apartment,Semi-Furnished,50385394.0
4210,1,2.0,30.0,0,Mumbai,Villa,Unfurnished,76267915.0
823,3,1.0,18.0,0,Nagpur,Apartment,Semi-Furnished,4463687.0
2090,3,1.0,17.0,2,Mumbai,Villa,Unfurnished,40552114.0
4392,3,2.0,17.0,1,Nagpur,Apartment,Unfurnished,20966230.0
1703,3,1.0,7.0,3,Mumbai,Apartment,Unfurnished,32852385.0
1028,5,2.0,22.0,1,Nashik,Apartment,Unfurnished,8412431.0
2454,5,3.0,34.0,2,Thane,Apartment,Semi-Furnished,31916593.0
2533,2,4.0,10.0,2,Nashik,Villa,Semi-Furnished,17912503.0
3151,2,1.0,2.0,2,Mumbai,Independent House,Semi-Furnished,60438147.0
1754,4,2.0,22.0,3,Pune,Apartment,Semi-Furnished,17314129.0
4322,3,1.0,15.0,2,Nashik,Apartment,Semi-Furnished,24545521.0
2584,3,2.0,31.0,2,Pune,Apartment,Semi-Furnished,24016974.0
1645,1,2.0,34.0,2,Thane,Independent House,Furnished,21715484.0
4341,2,4.0,38.0,1,Mumbai,Independent House,Furnished,80393852.0
4199,4,2.0,15.0,2,Pune,Villa,Furnished,41993254.0
2496,5,4.0,36.0,3,Pune,Apartment,Furnished,25126807.0
599,4,1.0,4.0,2,Nashik,Apartment,Furnished,5945832.0
2887,2,1.0,14.0,2,Thane,Independent House,Semi-Furnished,36395321.0
2720,1,1.0,10.0,0,Mumbai,Apartment,Semi-Furnished,50357976.0
1092,1,2.0,36.0,1,Pune,Villa,Semi-Furnished,11393454.0
3035,2,1.0,24.0,0,Mumbai,Independent House,Unfurnished,56376312.0
3863,3,1.0,14.0,0,Thane,Villa,Semi-Furnished,49155494.0
923,5,1.0,6.0,1,Thane,Villa,Furnished,16477006.0
3393,5,4.0,31.0,1,Pune,Apartment,Semi-Furnished,33019187.0
1061,1,4.0,26.0,2,Nashik,Independent House,Unfurnished,7741357.0
3495,4,1.0,34.0,3,Nagpur,Apartment,Semi-Furnished,17232047.0
2176,2,4.0,17.0,3,Nagpur,Independent House,Unfurnished,12825288.0
526,1,1.0,,1,Mumbai,Apartment,Semi-Furnished,10847389.0
4364,3,2.0,13.0,1,Nagpur,Villa,Semi-Furnished,22826928.0
1163,1,2.0,24.0,2,Nashik,Independent House,Semi-Furnished,8336222.0
2884,2,2.0,9.0,1,Pune,Apartment,Semi-Furnished,27539605.0
1225,3,4.0,2.0,3,Pune,Apartment,Unfurnished,13465476.0
4232,2,3.0,32.0,3,Mumbai,Apartment,Semi-Furnished,77578290.0
3453,3,3.0,21.0,2,Pune,Independent House,Unfurnished,33901701.0
3717,3,3.0,15.0,0,Mumbai,Villa,Semi-Furnished,70338396.0
2228,4,3.0,22.0,2,Thane,Apartment,Semi-Furnished,28888246.0
2369,1,1.0,29.0,3,Thane,Independent House,Unfurnished,28593796.0
3037,1,2.0,0.0,0,Pune,Independent House,Furnished,29470873.0
3639,3,1.0,17.0,0,Pune,Independent House,Semi-Furnished,34891961.0
3887,2,3.0,10.0,2,Nagpur,Villa,Unfurnished,21157925.0
571,4,2.0,3.0,1,Mumbai,Independent House,Semi-Furnished,13850030.0
3154,1,3.0,1.0,2,Pune,Independent House,Unfurnished,31538507.0
936,3,3.0,17.0,1,Thane,Apartment,Unfurnished,12569717.0
1651,5,2.0,21.0,3,Pune,Independent House,Furnished,19008546.0
3817,1,1.0,20.0,1,Pune,Apartment,Semi-Furnished,34602909.0
1502,2,4.0,31.0,1,Nagpur,Independent House,Furnished,9730717.0
3687,5,2.0,18.0,0,Nashik,Villa,Semi-Furnished,23996990.0
2352,3,1.0,23.0,0,Mumbai,Villa,Furnished,45527968.0
1430,1,2.0,32.0,0,Nagpur,Apartment,Furnished,6538683.0
1836,2,4.0,26.0,3,Thane,Apartment,Unfurnished,22919294.0
2623,4,2.0,36.0,1,Pune,Apartment,Unfurnished,24302819.0
3560,5,4.0,8.0,0,Nashik,Villa,Semi-Furnished,24679005.0
2924,2,2.0,31.0,1,Pune,Independent House,Semi-Furnished,28319252.0
4232,3,4.0,27.0,2,Mumbai,Apartment,Semi-Furnished,78031152.0
3970,4,3.0,23.0,3,Mumbai,Apartment,Unfurnished,73649753.0
3513,1,1.0,0.0,3,Mumbai,Villa,Furnished,67351740.0
2912,2,3.0,21.0,0,Pune,Apartment,Unfurnished,27439692.0
1659,4,2.0,34.0,3,Thane,Apartment,,21911927.0
2150,1,1.0,25.0,1,Mumbai,Apartment,Semi-Furnished,38695193.0
975,4,3.0,0.0,3,Thane,Villa,Unfurnished,16925267.0
1996,3,1.0,11.0,0,Mumbai,Apartment,Furnished,37835799.0
4205,5,3.0,22.0,2,Thane,Independent House,Semi-Furnished,54444276.0
2203,1,4.0,32.0,3,Nashik,Apartment,Semi-Furnished,14058561.0
954,5,1.0,17.0,0,Mumbai,Apartment,Furnished,19381471.0
3107,2,2.0,34.0,3,Nagpur,Villa,Unfurnished,16710752.0
4350,1,3.0,31.0,0,Nagpur,Independent House,Unfurnished,20003507.0
3969,4,1.0,10.0,3,Mumbai,Apartment,Unfurnished,74133955.0
1596,3,2.0,7.0,2,Mumbai,Independent House,Unfurnished,31896721.0
2315,5,2.0,36.0,3,Nashik,Villa,Furnished,17292647.0
2624,1,1.0,23.0,3,Nashik,Independent House,Furnished,16454067.0
1491,1,4.0,33.0,1,Mumbai,Apartment,Semi-Furnished,27205274.0
1574,3,2.0,36.0,1,Nagpur,Apartment,Semi-Furnished,7488097.0
1446,5,4.0,16.0,2,Mumbai,Apartment,Furnished,29840824.0
4478,3,3.0,1.0,0,Mumbai,Villa,Unfurnished,84371240.0
3484,4,4.0,36.0,1,Nashik,Independent House,Unfurnished,21427958.0
3863,5,4.0,23.0,0,Thane,Apartment,Furnished,48821205.0
3766,5,3.0,4.0,3,Pune,Apartment,Semi-Furnished,37744190.0
4336,3,2.0,21.0,0,Pune,Apartment,Unfurnished,40392194.0
921,4,2.0,1.0,1,Pune,Apartment,Semi-Furnished,11643822.0
4026,3,4.0,11.0,1,Nagpur,Independent House,Unfurnished,21107351.0
766,4,2.0,13.0,1,Mumbai,Apartment,Semi-Furnished,17271088.0
2401,3,3.0,18.0,3,Mumbai,Villa,Semi-Furnished,46998191.0
2877,3,1.0,22.0,3,Pune,Apartment,Unfurnished,26893998.0
1931,3,4.0,33.0,2,Thane,Independent House,Furnished,25579268.0
1084,4,3.0,14.0,3,Mumbai,Independent House,Semi-Furnished,23220364.0
1269,4,2.0,29.0,0,Nashik,Apartment,Semi-Furnished,9134016.0
3798,5,3.0,37.0,3,Pune,Villa,Semi-Furnished,38007533.0
1774,4,2.0,29.0,0,Pune,Independent House,Semi-Furnished,17628476.0
1741,1,1.0,10.0,0,Pune,Independent House,Unfurnished,17261399.0
4193,3,4.0,27.0,0,Mumbai,Apartment,Unfurnished,76649145.0
1075,2,4.0,11.0,0,Mumbai,Apartment,Semi-Furnished,21573791.0
4161,1,4.0,19.0,3,Pune,Apartment,Semi-Furnished,38855327.0
4183,1,2.0,25.0,1,Mumbai,Villa,Unfurnished,76520794.0
2894,3,2.0,11.0,3,Pune,Apartment,Furnished,28803370.0
1162,5,1.0,0.0,1,Mumbai,Independent House,Furnished,25845680.0
1123,3,3.0,33.0,0,Pune,Apartment,Unfurnished,10524453.0
1638,3,2.0,29.0,1,Pune,Independent House,Unfurnished,16496580.0
2809,1,4.0,4.0,0,Pune,Apartment,Semi-Furnished,26789432.0
1114,4,4.0,15.0,1,Nagpur,Apartment,Unfurnished,7434293.0
2322,1,1.0,10.0,2,Thane,Apartment,Furnished,29422644.0
961,5,4.0,39.0,3,Nashik,Villa,Semi-Furnished,9107857.0
2661,5,1.0,37.0,2,Pune,Independent House,Unfurnished,26021978.0
584,5,2.0,27.0,0,Thane,Apartment,Semi-Furnished,8733989.0
3336,2,2.0,17.0,2,Thane,Apartment,Unfurnished,41219724.0
721,1,4.0,2.0,2,Mumbai,Independent House,Semi-Furnished,16580921.0
1279,2,3.0,9.0,0,Pune,Apartment,Unfurnished,12936692.0
1198,4,4.0,3.0,3,Nagpur,Apartment,Furnished,8845256.0
3823,2,3.0,31.0,3,Thane,Independent House,Semi-Furnished,47581853.0
713,5,4.0,3.0,2,Nagpur,Apartment,Furnished,7382040.0
2217,1,4.0,27.0,1,Nashik,Apartment,Unfurnished,12115159.0
2864,1,4.0,38.0,1,Nashik,Apartment,Semi-Furnished,15737719.0
2563,2,2.0,12.0,1,Thane,Villa,Furnished,34952362.0
3222,4,2.0,27.0,0,Pune,Apartment,Semi-Furnished,30762394.0
3712,4,4.0,35.0,1,Pune,Independent House,Semi-Furnished,35947267.0
2074,2,4.0,17.0,0,Thane,Apartment,Furnished,27204307.0
3812,4,4.0,17.0,0,Pune,Independent House,Furnished,38405979.0
1771,4,3.0,8.0,2,Mumbai,Apartment,Furnished,35373214.0
4437,3,4.0,17.0,0,Pune,Apartment,Semi-Furnished,42449701.0
2518,3,3.0,34.0,1,Pune,Apartment,Semi-Furnished,23444417.0
3444,1,3.0,26.0,1,Pune,Apartment,Semi-Furnished,31599742.0
4000,2,1.0,8.0,0,Nashik,Apartment,Semi-Furnished,22777113.0
3670,3,3.0,21.0,3,Mumbai,Independent House,Unfurnished,68198682.0
3904,1,3.0,28.0,3,Nashik,Independent House,Furnished,23199656.0
2646,3,4.0,3.0,2,Mumbai,Villa,Semi-Furnished,52044364.0
673,1,4.0,30.0,2,Thane,Apartment,Semi-Furnished,8923395.0
2472,4,2.0,8.0,0,Nashik,Independent House,Furnished,17359882.0
1225,1,2.0,11.0,3,Thane,Apartment,Furnished,16518558.0
4056,1,4.0,16.0,3,Mumbai,Villa,Unfurnished,75863377.0
1446,4,4.0,20.0,1,Pune,Villa,Semi-Furnished,18091734.0
1412,2,1.0,36.0,2,Nagpur,Apartment,Semi-Furnished,6052269.0
1497,2,2.0,8.0,3,Thane,Apartment,Unfurnished,18944158.0
3070,2,4.0,10.0,2,Pune,Independent House,Unfurnished,30009560.0
2784,2,1.0,15.0,0,Nashik,Apartment,Semi-Furnished,16179647.0
4295,4,4.0,34.0,1,Nagpur,Villa,Furnished,23639147.0
2165,4,1.0,38.0,0,Pune,Independent House,Furnished,21913364.0
1629,2,1.0,18.0,1,Nashik,Apartment,Semi-Furnished,10314587.0
697,4,4.0,27.0,3,Pune,Apartment,Semi-Furnished,8714293.0
528,4,3.0,36.0,0,Pune,Apartment,Unfurnished,5323655.0
1994,3,3.0,33.0,3,Thane,Independent House,Furnished,27653057.0
4203,3,4.0,27.0,1,Mumbai,Apartment,Furnished,76581106.0
2595,5,2.0,21.0,1,Nagpur,Apartment,Furnished,14585742.0
4074,3,3.0,39.0,2,Nagpur,Apartment,Semi-Furnished,19536503.0
906,2,3.0,9.0,0,Thane,Independent House,Unfurnished,13915158.0
873,3,3.0,14.0,0,Mumbai,Independent House,Semi-Furnished,17866745.0
3833,5,2.0,28.0,1,Mumbai,Villa,Semi-Furnished,72634938.0
926,4,3.0,0.0,0,Pune,Independent House,Semi-Furnished,11773075.0
707,1,2.0,20.0,3,Nashik,Villa,Unfurnished,5369276.0
2116,3,3.0,34.0,2,Mumbai,Independent House,Unfurnished,39755963.0
4199,4,4.0,7.0,3,Nagpur,Apartment,Semi-Furnished,22760392.0
3257,2,2.0,32.0,3,Mumbai,Apartment,Furnished,60508686.0
896,5,3.0,16.0,1,Pune,Independent House,Semi-Furnished,11704657.0
3848,5,4.0,34.0,3,Thane,Apartment,Furnished,49565937.0
3874,5,4.0,25.0,0,Thane,Apartment,Unfurnished,48399027.0
3702,1,4.0,6.0,1,Mumbai,Villa,Semi-Furnished,70516458.0
4110,3,3.0,29.0,2,Nagpur,Villa,Semi-Furnished,22324514.0
1459,3,2.0,2.0,1,Mumbai,Apartment,Unfurnished,28104596.0
4418,4,4.0,9.0,2,Nagpur,Apartment,Semi-Furnished,23575638.0
1782,5,3.0,35.0,3,Mumbai,Apartment,Unfurnished,33320138.0
3708,2,1.0,35.0,1,Nashik,Apartment,Furnished,21269430.0
2817,3,2.0,1.0,1,Pune,Apartment,Furnished,28798153.0
3617,4,2.0,15.0,2,Pune,Apartment,Unfurnished,34881594.0
3011,4,4.0,3.0,3,Nagpur,Villa,Semi-Furnished,18506240.0
3069,4,1.0,10.0,3,Mumbai,Apartment,Semi-Furnished,57739385.0
2965,2,3.0,38.0,3,Pune,Apartment,Unfurnished,27110979.0
3615,5,3.0,7.0,0,Pune,Villa,Semi-Furnished,37684374.0
3456,1,1.0,25.0,0,Mumbai,Apartment,Furnished,62710144.0
1038,3,3.0,32.0,2,Nagpur,Apartment,Furnished,7174134.0
3804,4,4.0,35.0,1,Mumbai,Apartment,Unfurnished,69118959.0
2644,1,3.0,14.0,2,Nagpur,Villa,Semi-Furnished,14949887.0
1792,3,3.0,27.0,3,Thane,Apartment,Unfurnished,22034503.0
2556,3,2.0,19.0,2,Mumbai,Apartment,Unfurnished,47547562.0
4367,4,1.0,4.0,1,Thane,Apartment,Unfurnished,54683579.0
3930,1,1.0,8.0,3,Pune,Independent House,Unfurnished,38716872.0
3834,2,2.0,29.0,1,Mumbai,Villa,Semi-Furnished,71903862.0
2351,2,3.0,27.0,2,Pune,Independent House,Semi-Furnished,23468114.0
3636,4,1.0,20.0,0,Pune,Villa,Semi-Furnished,36188703.0
2040,2,4.0,31.0,2,Pune,Apartment,Semi-Furnished,19427525.0
3244,3,3.0,27.0,1,Pune,Apartment,Unfurnished,30184719.0
3058,4,2.0,13.0,0,Thane,Apartment,Furnished,39470312.0
1499,4,4.0,11.0,0,Nashik,Apartment,Furnished,10610358.0
1565,1,1.0,37.0,2,Thane,Apartment,Unfurnished,18078611.0
744,5,4.0,38.0,0,Nashik,Apartment,Semi-Furnished,5987454.0
1059,1,2.0,1.0,0,Nashik,Villa,Unfurnished,9313806.0
2234,1,2.0,31.0,0,Pune,Villa,Furnished,22246748.0
2411,1,2.0,5.0,0,Nashik,Apartment,Semi-Furnished,14116005.0
1160,2,4.0,34.0,1,Mumbai,Apartment,Unfurnished,21380839.0
2167,5,2.0,23.0,1,Thane,Apartment,Semi-Furnished,28317457.0
2916,2,4.0,27.0,2,Thane,Apartment,Semi-Furnished,36343230.0
1430,4,2.0,28.0,2,Pune,Apartment,Unfurnished,13554455.0
1852,3,2.0,24.0,2,Nashik,Apartment,Semi-Furnished,11625791.0
1970,1,3.0,10.0,3,Nashik,Apartment,Semi-Furnished,12314364.0
2520,3,3.0,32.0,0,Nashik,Independent House,Unfurnished,15262583.0
1965,1,2.0,22.0,2,Pune,Apartment,Unfurnished,18224469.0
3447,3,1.0,21.0,0,Nagpur,Apartment,Furnished,16757969.0
1809,3,2.0,12.0,3,Nagpur,Apartment,Furnished,10830945.0
2235,3,3.0,0.0,1,Mumbai,Apartment,Semi-Furnished,43253542.0
2017,2,1.0,22.0,1,Nashik,Apartment,Semi-Furnished,11702269.0
1231,4,1.0,13.0,0,Pune,Independent House,Semi-Furnished,15153134.0
3242,3,4.0,26.0,2,Thane,Apartment,Semi-Furnished,40925990.0
1441,2,1.0,14.0,1,Pune,Apartment,Semi-Furnished,13540146.0
1687,3,2.0,38.0,3,Pune,Independent House,Unfurnished,16295314.0
3671,1,4.0,27.0,0,Pune,Apartment,Unfurnished,32716029.0
4295,5,2.0,18.0,1,Thane,Apartment,Unfurnished,53198738.0
3183,4,2.0,28.0,3,Nagpur,Villa,Semi-Furnished,18305140.0
4165,2,1.0,25.0,3,Pune,Apartment,Semi-Furnished,37927071.0
3916,4,4.0,24.0,3,Pune,Independent House,Semi-Furnished,38734957.0
2423,4,3.0,23.0,2,Nagpur,Apartment,Semi-Furnished,13677736.0
3581,4,4.0,37.0,3,Mumbai,Villa,Furnished,68514103.0
1813,1,4.0,12.0,0,Pune,Apartment,Unfurnished,17469169.0
2341,5,2.0,17.0,3,Thane,Independent House,Semi-Furnished,31274663.0
2641,5,1.0,10.0,2,Pune,Independent House,Furnished,27962223.0
4341,5,2.0,22.0,1,Nashik,Independent House,Semi-Furnished,26806825.0
3894,5,1.0,39.0,0,Pune,Independent House,Semi-Furnished,37230897.0
2457,5,3.0,24.0,2,Nagpur,Villa,Unfurnished,14550850.0
3110,4,1.0,8.0,0,Nagpur,Apartment,Furnished,17576346.0
1309,1,4.0,36.0,2,Mumbai,Apartment,Semi-Furnished,23334277.0
3717,3,3.0,31.0,0,Nagpur,Apartment,Furnished,18787602.0
2712,2,2.0,17.0,1,Thane,Apartment,Furnished,34669225.0
2630,2,4.0,5.0,0,Thane,Apartment,Furnished,34349438.0
3565,5,4.0,16.0,1,Mumbai,Villa,Unfurnished,68624495.0
3031,5,2.0,32.0,1,Mumbai,Villa,Semi-Furnished,59022731.0
789,3,1.0,23.0,0,Thane,Independent House,Unfurnished,12029934.0
1652,4,2.0,7.0,3,Pune,Apartment,Unfurnished,17264730.0
1206,1,3.0,6.0,3,Pune,Villa,Unfurnished,14164996.0
3439,2,4.0,38.0,1,Pune,Villa,Semi-Furnished,33182420.0
640,5,2.0,17.0,0,Thane,Independent House,Semi-Furnished,10553821.0
1309,3,3.0,27.0,3,Pune,Villa,Semi-Furnished,15579401.0
2889,3,2.0,14.0,2,Pune,Apartment,Semi-Furnished,28123330.0
3279,3,1.0,3.0,2,Nashik,Apartment,Unfurnished,19119900.0
2513,2,2.0,16.0,2,Pune,Independent House,Semi-Furnished,25282201.0
3942,5,1.0,27.0,0,Mumbai,Villa,Semi-Furnished,74533413.0
4175,4,2.0,13.0,1,Mumbai,Independent House,Unfurnished,77709440.0
1028,4,2.0,24.0,0,Pune,Villa,Semi-Furnished,12352065.0
4310,2,2.0,17.0,2,Thane,Villa,Semi-Furnished,55120701.0
2957,4,4.0,13.0,3,Pune,Villa,Semi-Furnished,32326997.0
3044,5,2.0,10.0,2,Thane,Independent House,Furnished,41317278.0
880,4,3.0,10.0,2,Mumbai,Independent House,Semi-Furnished,20101218.0
2987,3,3.0,10.0,2,Pune,Apartment,Semi-Furnished,28968512.0
3402,2,3.0,28.0,3,Pune,Apartment,Furnished,32221577.0
2823,3,2.0,13.0,0,Nashik,Apartment,Unfurnished,17000108.0
837,2,4.0,29.0,1,Mumbai,Apartment,Semi-Furnished,15584745.0
2592,4,1.0,12.0,1,Pune,Independent House,Furnished,27051241.0
4243,1,2.0,13.0,2,Thane,Independent House,Furnished,53798040.0
3393,1,,36.0,1,Mumbai,Apartment,Semi-Furnished,61386660.0
1049,4,2.0,35.0,3,Thane,Apartment,Unfurnished,13821717.0
4339,2,3.0,16.0,1,Pune,Apartment,Semi-Furnished,40607019.0
4335,3,1.0,10.0,3,Pune,Independent House,Furnished,42375027.0
1177,3,3.0,28.0,3,Nashik,Villa,Semi-Furnished,9483352.0
3703,3,4.0,2.0,0,Pune,Apartment,Unfurnished,35536359.0
2126,4,3.0,18.0,3,Pune,Apartment,Unfurnished,21911028.0
2874,2,3.0,23.0,3,Pune,Apartment,Furnished,28366971.0
2280,4,4.0,27.0,0,Pune,Apartment,Semi-Furnished,22314600.0
3630,2,2.0,4.0,1,Nagpur,Independent House,Furnished,19550253.0
4486,2,2.0,0.0,3,Pune,Independent House,Semi-Furnished,43616129.0
3680,3,1.0,11.0,3,Thane,Apartment,Semi-Furnished,46052187.0
4225,5,3.0,4.0,1,Pune,Apartment,Unfurnished,41134487.0
4284,2,3.0,20.0,2,Mumbai,Apartment,Semi-Furnished,79097867.0
860,3,4.0,36.0,0,Mumbai,Apartment,Semi-Furnished,17548264.0
1513,1,3.0,11.0,2,Nashik,Apartment,Unfurnished,8958069.0
3387,1,1.0,18.0,2,Thane,Apartment,Semi-Furnished,41597031.0
2860,4,3.0,8.0,1,Thane,Apartment,Unfurnished,36894050.0
700,4,4.0,1.0,1,Pune,Independent House,Furnished,11081614.0
880,2,1.0,28.0,3,Mumbai,Apartment,Unfurnished,15668296.0
2582,4,2.0,10.0,1,Thane,Independent House,Semi-Furnished,34587918.0
2964,2,4.0,21.0,1,Pune,Apartment,Semi-Furnished,29159946.0
1170,2,2.0,27.0,1,Nashik,Apartment,Unfurnished,6786071.0
1185,3,4.0,33.0,1,Pune,Apartment,Semi-Furnished,11690746.0
1017,2,3.0,7.0,1,Mumbai,Apartment,Furnished,20715230.0
2759,5,3.0,23.0,2,Mumbai,Apartment,Semi-Furnished,51858922.0
531,3,3.0,36.0,3,Mumbai,Independent House,Semi-Furnished,11906330.0
2789,2,3.0,19.0,2,Thane,Independent House,Furnished,36835534.0
2403,3,4.0,1.0,0,Nashik,Apartment,Furnished,16204830.0
2363,4,4.0,10.0,1,Thane,Apartment,Furnished,30370975.0
3217,2,,31.0,2,Nagpur,Apartment,Semi-Furnished,15311096.0
2590,5,4.0,31.0,2,Mumbai,Villa,Semi-Furnished,50754301.0
3410,3,3.0,12.0,3,Mumbai,Apartment,Semi-Furnished,63582199.0
3555,4,3.0,7.0,1,Mumbai,Apartment,Semi-Furnished,66528314.0
4180,5,2.0,11.0,1,Thane,Independent House,Semi-Furnished,54220113.0
3696,3,2.0,9.0,2,Pune,Independent House,Furnished,36840442.0
2570,1,3.0,29.0,0,Thane,Villa,Semi-Furnished,33308701.0
2468,4,2.0,33.0,2,Nashik,Apartment,Furnished,16012603.0
1442,1,2.0,1.0,3,Nashik,Apartment,Furnished,10249216.0
2898,3,4.0,29.0,2,Nashik,Apartment,Semi-Furnished,17464610.0
1056,5,2.0,30.0,1,Nashik,Villa,Unfurnished,9095469.0
4224,3,3.0,24.0,3,Nagpur,Villa,Furnished,23182573.0
3880,4,1.0,34.0,2,Nagpur,Apartment,Unfurnished,17381369.0
978,3,1.0,1.0,2,Pune,Independent House,Furnished,13573347.0
3643,2,4.0,27.0,3,Nashik,Apartment,Unfurnished,21447951.0
968,2,1.0,5.0,0,Mumbai,Villa,Unfurnished,19915432.0
3384,3,4.0,35.0,3,Nashik,Apartment,Unfurnished,18889628.0
850,1,4.0,19.0,2,Nashik,Apartment,Unfurnished,5453806.0
2452,3,2.0,3.0,2,Pune,Apartment,Furnished,24863410.0
3131,3,4.0,,0,Nagpur,Villa,Unfurnished,16762242.0
3415,5,2.0,29.0,3,Mumbai,Apartment,Unfurnished,62336258.0
2174,1,4.0,18.0,0,Nashik,Apartment,Semi-Furnished,12794489.0
4186,5,1.0,12.0,3,Nagpur,Villa,Furnished,23891905.0
3597,3,2.0,0.0,3,Nagpur,Villa,Semi-Furnished,20789976.0
1333,4,2.0,36.0,1,Nagpur,Villa,Furnished,9372207.0
3184,3,4.0,7.0,1,Pune,Villa,Unfurnished,32659513.0
3422,2,1.0,33.0,0,Pune,Villa,Furnished,33782530.0
1834,5,4.0,23.0,1,Nagpur,Villa,Semi-Furnished,12601244.0
3452,2,1.0,27.0,0,Pune,Apartment,Furnished,31457979.0
4093,1,2.0,27.0,3,Pune,Apartment,Semi-Furnished,36699701.0
3768,4,3.0,34.0,2,Pune,Apartment,Furnished,35892000.0
3550,4,1.0,1.0,0,Mumbai,Apartment,Semi-Furnished,65769437.0
3037,5,2.0,39.0,3,Thane,Apartment,Semi-Furnished,38716043.0
1582,3,4.0,1.0,0,Pune,Apartment,Semi-Furnished,16994752.0
3680,1,4.0,39.0,2,Pune,Apartment,Unfurnished,33402759.0
1956,1,1.0,10.0,0,Thane,Villa,Furnished,27131564.0
2628,3,3.0,33.0,0,Thane,Villa,Furnished,34396724.0
1757,2,3.0,3.0,0,Pune,Apartment,Furnished,18156688.0
1752,5,1.0,18.0,1,Thane,Independent House,Semi-Furnished,24903259.0
1130,1,3.0,21.0,2,Pune,Apartment,Furnished,11765148.0
4345,5,3.0,38.0,3,Nagpur,Apartment,Semi-Furnished,21927179.0
1091,2,3.0,4.0,3,Pune,Apartment,Furnished,13273840.0
845,1,2.0,1.0,2,Mumbai,Apartment,Unfurnished,16873432.0
4244,2,2.0,25.0,2,Pune,Apartment,Semi-Furnished,39390662.0
2720,1,3.0,1.0,1,Nagpur,Independent House,Unfurnished,15198363.0
2251,3,3.0,31.0,1,Pune,Apartment,Semi-Furnished,21458286.0
3449,2,1.0,1.0,3,Mumbai,Apartment,Semi-Furnished,64455736.0
2033,3,1.0,38.0,2,Nagpur,Apartment,Furnished,10128959.0
1011,3,3.0,21.0,2,Pune,Apartment,Furnished,11968248.0
3418,1,4.0,37.0,0,Thane,Villa,Semi-Furnished,42600656.0
1203,1,1.0,5.0,1,Mumbai,Villa,Furnished,24326715.0
2711,1,1.0,10.0,2,Pune,Villa,Semi-Furnished,27553716.0
4296,1,4.0,18.0,1,Pune,Villa,Semi-Furnished,41234938.0
4244,1,3.0,1.0,2,Mumbai,Apartment,Semi-Furnished,77898341.0
1943,2,4.0,4.0,3,Pune,Apartment,Unfurnished,20296218.0
3621,3,4.0,13.0,0,Nashik,Villa,Unfurnished,23850326.0
2950,2,4.0,29.0,3,Nashik,Apartment,Semi-Furnished,17560875.0
2417,2,1.0,28.0,3,Mumbai,Apartment,Semi-Furnished,42925542.0
1059,3,2.0,3.0,1,Mumbai,Apartment,Semi-Furnished,21681958.0
2005,3,1.0,2.0,3,Nagpur,Villa,Furnished,14160627.0
3107,2,1.0,26.0,0,Mumbai,Apartment,Unfurnished,56008565.0
4446,2,4.0,14.0,1,Nashik,Independent House,,28044884.0
519,3,3.0,31.0,0,Thane,Apartment,Furnished,7696375.0
3371,1,1.0,11.0,2,Pune,Apartment,Furnished,31664289.0
3885,3,1.0,14.0,3,Nashik,Apartment,Semi-Furnished,22809727.0
4304,5,1.0,8.0,2,Thane,Apartment,Unfurnished,53794171.0
2195,2,2.0,10.0,2,Nashik,Apartment,Furnished,14477168.0
973,1,2.0,28.0,0,Thane,Villa,Semi-Furnished,13678067.0
1583,4,2.0,18.0,3,Mumbai,Apartment,Furnished,31789421.0
3902,1,4.0,26.0,0,Nashik,Apartment,Unfurnished,20978106.0
4011,1,1.0,3.0,2,Mumbai,Apartment,Semi-Furnished,72861348.0
3048,1,3.0,21.0,2,Pune,Apartment,Semi-Furnished,28271133.0
990,5,2.0,18.0,3,Thane,Independent House,Semi-Furnished,15311024.0
987,5,2.0,36.0,3,Pune,Apartment,Furnished,11456694.0
2412,3,4.0,16.0,2,Thane,Villa,Unfurnished,32064556.0
2853,4,4.0,4.0,2,Nagpur,Apartment,Unfurnished,16329604.0
629,4,1.0,27.0,1,Thane,Apartment,Unfurnished,8058073.0
3244,4,2.0,5.0,2,Thane,Independent House,Unfurnished,43054703.0
2678,3,1.0,36.0,2,Nashik,Apartment,Unfurnished,15124936.0
549,5,2.0,15.0,2,Thane,Independent House,Unfurnished,9473146.0
882,4,3.0,31.0,2,Nagpur,Apartment,Semi-Furnished,6771635.0
2317,1,2.0,26.0,1,Nashik,Apartment,Semi-Furnished,13192954.0
3390,2,2.0,18.0,0,Nagpur,Independent House,Furnished,17829754.0
3801,5,2.0,23.0,0,Pune,Apartment,Semi-Furnished,36279655.0
2225,3,2.0,7.0,1,Pune,Independent House,Unfurnished,22914949.0
1681,2,2.0,2.0,1,Pune,Independent House,Furnished,18845439.0
4373,5,2.0,30.0,2,Mumbai,Apartment,Semi-Furnished,80434762.0
2334,4,3.0,38.0,3,Pune,Apartment,Unfurnished,22099902.0
1761,3,1.0,34.0,2,Nashik,Independent House,Semi-Furnished,11497565.0
2269,3,1.0,12.0,3,Nagpur,Apartment,Furnished,13012733.0
548,1,3.0,14.0,2,Nagpur,Villa,Semi-Furnished,5895860.0
1707,2,3.0,14.0,3,Thane,Apartment,Furnished,23048044.0
2562,3,2.0,28.0,3,Thane,Apartment,Unfurnished,31486355.0
4173,5,1.0,24.0,0,Thane,Apartment,Unfurnished,51105284.0
3452,2,3.0,31.0,2,Nashik,Villa,Unfurnished,20709830.0
3625,1,2.0,37.0,2,Pune,Villa,Furnished,35151671.0
2679,3,3.0,15.0,3,Thane,Villa,Semi-Furnished,36060810.0
942,5,1.0,26.0,2,Pune,Apartment,Semi-Furnished,10451710.0
2063,3,1.0,20.0,0,Pune,Apartment,Furnished,20273985.0
4488,2,3.0,38.0,0,Mumbai,Apartment,Semi-Furnished,81035770.0
676,4,2.0,14.0,0,Nashik,Apartment,Unfurnished,5315475.0
4016,4,3.0,7.0,0,Nagpur,Apartment,Semi-Furnished,20364767.0
3237,2,3.0,15.0,0,Pune,Apartment,Unfurnished,30153988.0
1635,5,2.0,24.0,3,Nagpur,Apartment,Semi-Furnished,9806727.0
3611,3,1.0,38.0,1,Pune,Apartment,Furnished,33340120.0
3847,1,1.0,33.0,2,Pune,Villa,Semi-Furnished,36854086.0
672,3,4.0,0.0,3,Mumbai,Apartment,Semi-Furnished,15713393.0
925,5,1.0,20.0,2,Mumbai,Independent House,Semi-Furnished,19753137.0
3162,2,3.0,6.0,1,Nagpur,Apartment,Unfurnished,15691989.0
4496,3,4.0,14.0,1,Pune,Apartment,Semi-Furnished,43513747.0
595,4,4.0,37.0,3,Pune,Independent House,Semi-Furnished,8206678.0
3162,4,2.0,39.0,2,Pune,Apartment,Unfurnished,29185947.0
1046,5,1.0,6.0,3,Nagpur,Independent House,Unfurnished,8745866.0
3100,1,4.0,5.0,0,Thane,Apartment,Semi-Furnished,38996836.0
2993,3,3.0,27.0,0,Nagpur,Apartment,Semi-Furnished,14550732.0
861,3,2.0,16.0,0,Nashik,Villa,Semi-Furnished,7750961.0
3222,1,3.0,17.0,2,Thane,Apartment,Furnished,40369455.0
4088,4,1.0,34.0,2,Pune,Apartment,Unfurnished,37798109.0
3953,1,3.0,36.0,1,Pune,Apartment,Unfurnished,35751405.0
615,3,3.0,36.0,1,Nashik,Apartment,Furnished,4203091.0
1483,2,2.0,31.0,2,Pune,Apartment,Unfurnished,14350253.0
1463,1,2.0,39.0,3,Mumbai,Villa,Furnished,28544216.0
2313,5,2.0,28.0,3,Mumbai,Apartment,Semi-Furnished,44440172.0
1072,2,1.0,35.0,1,Mumbai,Independent House,Semi-Furnished,20044109.0
3917,2,1.0,21.0,2,Mumbai,Apartment,Unfurnished,70241122.0
3607,5,4.0,2.0,0,Mumbai,Apartment,Semi-Furnished,67985174.0
3733,5,2.0,32.0,3,Pune,Apartment,Furnished,36138069.0
1292,1,1.0,37.0,0,Thane,Villa,Unfurnished,16389842.0
558,2,1.0,12.0,1,Nagpur,Independent House,Furnished,5255037.0
4142,4,2.0,17.0,2,Pune,Apartment,Furnished,39975394.0
1655,4,4.0,22.0,3,Pune,Apartment,Semi-Furnished,18138110.0
3125,5,2.0,26.0,0,Pune,Villa,Unfurnished,31375894.0
4137,3,4.0,26.0,2,Pune,Apartment,Semi-Furnished,39268903.0
644,1,2.0,15.0,0,Pune,Apartment,Semi-Furnished,7895962.0
521,5,4.0,34.0,0,Pune,Villa,Unfurnished,8035383.0
521,1,4.0,32.0,1,Thane,Apartment,Furnished,6968870.0
1125,1,1.0,37.0,2,Thane,Villa,Unfurnished,14726432.0
706,4,1.0,23.0,1,Nagpur,Villa,Furnished,7387340.0
3779,4,4.0,3.0,3,Nashik,Apartment,Unfurnished,24109943.0
2923,1,4.0,33.0,2,Nagpur,Apartment,Unfurnished,13384111.0
4420,1,1.0,3.0,1,Nagpur,Apartment,Semi-Furnished,21787004.0
3705,3,3.0,7.0,1,Thane,Villa,Unfurnished,48800761.0
4352,2,4.0,11.0,1,Nagpur,Apartment,Unfurnished,21061304.0
1454,4,4.0,7.0,0,Nagpur,Apartment,Unfurnished,8703427.0
1651,3,2.0,28.0,2,Thane,Apartment,Furnished,21815141.0
3897,3,4.0,17.0,3,Nashik,Apartment,Unfurnished,23181345.0
1479,3,3.0,,1,Pune,Apartment,Semi-Furnished,16089323.0
728,2,4.0,0.0,1,Pune,Apartment,Semi-Furnished,9322825.0
3176,2,1.0,8.0,3,Mumbai,Apartment,Semi-Furnished,60159514.0
3703,4,3.0,27.0,2,Pune,Apartment,Semi-Furnished,36049984.0
4372,3,1.0,31.0,1,Pune,Villa,Unfurnished,40892567.0
4211,3,2.0,11.0,0,Pune,Villa,Furnished,41765545.0
980,3,1.0,2.0,3,Mumbai,Apartment,Furnished,19818722.0
3588,2,2.0,22.0,2,Thane,Apartment,Furnished,43754014.0
3884,5,4.0,31.0,2,Mumbai,Apartment,Semi-Furnished,72523222.0
3292,3,3.0,2.0,1,Pune,Apartment,Furnished,32271427.0
3779,4,2.0,31.0,0,Mumbai,Independent House,Furnished,71510534.0
3851,5,2.0,6.0,1,Mumbai,Apartment,Semi-Furnished,72969062.0
2286,5,,10.0,3,Nagpur,Apartment,Furnished,13954828.0
660,4,3.0,24.0,1,Nashik,Apartment,Unfurnished,5012259.0
2324,4,2.0,2.0,2,Pune,Villa,Unfurnished,25944418.0
1307,3,1.0,12.0,3,Nashik,Apartment,Semi-Furnished,10000073.0
954,4,3.0,5.0,0,Pune,Independent House,Semi-Furnished,11966331.0
999,2,4.0,8.0,0,Nagpur,Apartment,Semi-Furnished,6017968.0
3289,4,2.0,30.0,0,Thane,Apartment,Semi-Furnished,40632509.0
2518,1,1.0,9.0,3,Thane,Apartment,Semi-Furnished,31700036.0
2659,5,1.0,1.0,2,Pune,Villa,Furnished,29309848.0
3480,2,4.0,8.0,3,Nagpur,Apartment,Semi-Furnished,18403496.0
2693,4,4.0,3.0,3,Nagpur,Independent House,Semi-Furnished,17686134.0
3020,1,1.0,24.0,1,Thane,Independent House,Semi-Furnished,36787286.0
844,1,1.0,38.0,0,Pune,Apartment,Semi-Furnished,6695446.0
3904,5,1.0,6.0,1,Mumbai,Apartment,Furnished,73027854.0
2295,5,2.0,29.0,2,Pune,Apartment,Semi-Furnished,22438537.0
1120,2,4.0,14.0,1,Pune,Villa,,13127396.0
3753,1,1.0,2.0,0,Nagpur,Villa,Furnished,19961255.0
3438,5,4.0,27.0,3,Mumbai,Apartment,Unfurnished,64557990.0
712,5,1.0,8.0,1,Pune,Independent House,Semi-Furnished,10255930.0
1272,1,3.0,20.0,2,Thane,Apartment,Semi-Furnished,16458559.0
562,4,2.0,20.0,3,Mumbai,Independent House,Semi-Furnished,13317986.0
1583,2,4.0,23.0,2,Thane,Independent House,Furnished,22009426.0
899,4,2.0,5.0,2,Nagpur,Apartment,Semi-Furnished,6797689.0
3339,3,2.0,10.0,0,Thane,Apartment,Unfurnished,41306104.0
2590,1,1.0,29.0,2,Nagpur,Apartment,Furnished,12453554.0
4420,2,4.0,37.0,3,Pune,Independent House,Unfurnished,40504429.0
3497,3,2.0,0.0,3,Pune,Apartment,Unfurnished,33992574.0
2946,4,2.0,16.0,0,Thane,Independent House,Semi-Furnished,37961071.0
2537,1,3.0,35.0,0,Pune,Apartment,Semi-Furnished,22630514.0
718,5,3.0,11.0,0,Mumbai,Apartment,Semi-Furnished,15171310.0
780,4,3.0,17.0,3,Nashik,Independent House,Semi-Furnished,7868598.0
2965,5,2.0,36.0,1,Pune,Apartment,Semi-Furnished,28440048.0
517,5,1.0,38.0,2,Pune,Villa,Semi-Furnished,8118688.0
669,1,,26.0,1,Mumbai,Apartment,Furnished,12088151.0
1376,1,1.0,27.0,2,Mumbai,Apartment,Unfurnished,24661977.0
4036,4,3.0,24.0,3,Nagpur,Apartment,Furnished,21564899.0
2335,1,3.0,11.0,1,Pune,Apartment,Semi-Furnished,22122839.0
3338,1,3.0,35.0,3,Mumbai,Villa,Semi-Furnished,62374411.0
2146,3,4.0,1.0,1,Pune,Apartment,Semi-Furnished,21363154.0
1192,5,1.0,2.0,0,Nashik,Apartment,Semi-Furnished,9052335.0
1984,4,4.0,24.0,0,Pune,Apartment,Semi-Furnished,20077734.0
866,3,4.0,33.0,1,Pune,Villa,Furnished,11903960.0
3581,1,3.0,32.0,2,Thane,Independent House,Furnished,44662325.0
1234,2,3.0,27.0,3,Pune,Villa,Semi-Furnished,15447224.0
2005,4,1.0,15.0,3,Nagpur,Independent House,Semi-Furnished,12503750.0
4420,1,1.0,14.0,2,Pune,Apartment,Semi-Furnished,40066989.0
2867,3,1.0,17.0,1,Pune,Apartment,Furnished,28312232.0
2334,1,3.0,10.0,0,Pune,Apartment,Unfurnished,21142176.0
2672,2,2.0,16.0,3,Thane,Apartment,Unfurnished,33351792.0
3636,2,1.0,4.0,1,Mumbai,Villa,Semi-Furnished,68459842.0
1517,4,1.0,12.0,3,Pune,Villa,Unfurnished,16832154.0
3045,5,1.0,37.0,2,Nashik,Apartment,Semi-Furnished,18690468.0
3990,1,3.0,28.0,3,Mumbai,Independent House,Unfurnished,73043100.0
2789,4,3.0,5.0,3,Nagpur,Apartment,Unfurnished,16167052.0
2286,4,3.0,11.0,2,Thane,Villa,Semi-Furnished,31633930.0
1080,5,1.0,10.0,2,Nashik,Apartment,Semi-Furnished,8098162.0
1493,5,1.0,11.0,0,Mumbai,Villa,Furnished,31408151.0
4284,1,1.0,27.0,0,Mumbai,Apartment,Unfurnished,77762729.0
2665,4,4.0,35.0,2,Thane,Independent House,Unfurnished,34765262.0
1705,3,3.0,28.0,2,Mumbai,Independent House,Unfurnished,32999252.0
2173,1,2.0,19.0,2,Pune,Apartment,Semi-Furnished,20681123.0
2812,2,1.0,6.0,1,Thane,Apartment,Unfurnished,34555820.0
2650,5,2.0,5.0,2,Thane,Villa,Furnished,38688208.0
3299,3,4.0,32.0,3,Mumbai,Apartment,Unfurnished,60878138.0
1529,2,1.0,27.0,0,Mumbai,Apartment,Furnished,28485942.0
3096,2,4.0,20.0,1,Nagpur,Apartment,Semi-Furnished,15955188.0
2270,5,2.0,23.0,3,Thane,Independent House,Semi-Furnished,30307041.0
4262,2,1.0,33.0,0,Mumbai,Villa,Unfurnished,77620294.0
1131,1,4.0,32.0,1,Mumbai,Apartment,Unfurnished,20277519.0
1093,3,3.0,3.0,1,Mumbai,Independent House,Semi-Furnished,23750098.0
2346,5,3.0,15.0,2,Mumbai,Apartment,Semi-Furnished,44753876.0
2533,1,1.0,1.0,1,Pune,Apartment,Semi-Furnished,24096691.0
3263,2,2.0,15.0,3,Nagpur,Independent House,Semi-Furnished,17279518.0
2116,3,3.0,25.0,0,Pune,Apartment,Unfurnished,19185526.0
4154,1,3.0,8.0,1,Mumbai,Apartment,Furnished,76522981.0
2396,4,1.0,6.0,2,Thane,Apartment,Unfurnished,31106013.0
1017,2,3.0,19.0,0,Mumbai,Independent House,Unfurnished,19338529.0
976,1,4.0,20.0,3,Pune,Apartment,Semi-Furnished,10909101.0
4393,2,4.0,28.0,2,Thane,Apartment,Semi-Furnished,54286620.0
1036,5,1.0,0.0,3,Pune,Apartment,Semi-Furnished,13019703.0
4291,5,4.0,9.0,1,Thane,Apartment,Semi-Furnished,54975685.0
1612,3,3.0,31.0,1,Pune,Apartment,Semi-Furnished,15246455.0
873,3,1.0,27.0,3,Mumbai,Apartment,Semi-Furnished,16711636.0
1718,5,1.0,35.0,0,Nashik,Independent House,Unfurnished,11361835.0
2958,1,4.0,32.0,1,Mumbai,Villa,Unfurnished,54780755.0
2211,4,1.0,33.0,1,Nashik,Independent House,Furnished,14825437.0
3642,4,1.0,20.0,1,Pune,Independent House,Unfurnished,34603503.0
2943,4,2.0,38.0,1,Nashik,Independent House,Semi-Furnished,18469643.0
2103,2,3.0,16.0,2,Pune,Villa,Semi-Furnished,22673736.0
3038,4,3.0,36.0,0,Nagpur,Apartment,Semi-Furnished,14188540.0
4385,4,3.0,15.0,3,Nashik,Independent House,Unfurnished,27487789.0
2147,5,4.0,17.0,3,Mumbai,Apartment,Furnished,41901249.0
1113,1,4.0,27.0,0,Pune,Apartment,Semi-Furnished,9779532.0
2135,4,1.0,15.0,3,Mumbai,Apartment,Furnished,41002748.0
3860,5,1.0,5.0,1,Nashik,Apartment,Unfurnished,24918613.0
1370,2,1.0,35.0,0,Pune,Apartment,Semi-Furnished,12578925.0
4296,4,2.0,18.0,1,Nagpur,Villa,Semi-Furnished,23838447.0
2853,1,2.0,37.0,3,Pune,Apartment,Furnished,26590787.0
2906,4,4.0,15.0,3,Pune,Apartment,Semi-Furnished,29336450.0
1768,4,2.0,38.0,2,Nagpur,Apartment,Furnished,10118926.0
4181,1,1.0,24.0,3,Pune,Independent House,Furnished,39381193.0
644,1,4.0,30.0,1,Pune,Apartment,Semi-Furnished,6637732.0
1694,4,2.0,30.0,3,Nagpur,Apartment,Unfurnished,9492694.0
2173,2,4.0,8.0,2,Nagpur,Villa,Unfurnished,13753240.0
2409,3,4.0,32.0,0,Pune,Independent House,Furnished,24990251.0
2396,1,4.0,37.0,0,Pune,Apartment,Furnished,22246170.0
1091,5,4.0,26.0,1,Mumbai,Villa,Unfurnished,24329436.0
1402,3,1.0,37.0,0,Nashik,Apartment,Unfurnished,7367296.0
880,5,3.0,33.0,1,Mumbai,Independent House,Unfurnished,19322962.0
2789,1,2.0,26.0,3,Nashik,Apartment,Unfurnished,15787623.0
1903,2,3.0,19.0,0,Nagpur,Villa,Unfurnished,10890724.0
2763,4,3.0,34.0,2,Thane,Apartment,Furnished,34835391.0
2858,4,3.0,7.0,3,Mumbai,Villa,Unfurnished,55620404.0
3308,4,2.0,22.0,1,Pune,Apartment,Furnished,31720287.0
2688,5,4.0,32.0,2,Pune,Apartment,Furnished,27162076.0
3091,5,3.0,37.0,1,Pune,Villa,Unfurnished,30375719.0
2848,1,4.0,10.0,1,Mumbai,Villa,Semi-Furnished,55275741.0
3109,2,1.0,3.0,3,Thane,Apartment,Semi-Furnished,39397825.0
2966,5,4.0,13.0,2,Mumbai,Independent House,Unfurnished,57379567.0
1764,3,2.0,34.0,1,Pune,Apartment,Semi-Furnished,16181576.0
1485,5,2.0,20.0,3,Nashik,Apartment,Semi-Furnished,10611433.0
3649,3,4.0,2.0,3,Thane,Apartment,Unfurnished,45578835.0
1870,1,2.0,4.0,3,Pune,Apartment,Furnished,19848012.0
2696,3,2.0,13.0,3,Nagpur,Independent House,Semi-Furnished,14734028.0
1287,5,4.0,13.0,1,Thane,Apartment,Unfurnished,17620143.0
2225,4,4.0,5.0,1,Mumbai,Independent House,Furnished,45415928.0
2618,1,2.0,19.0,0,Nashik,Apartment,Unfurnished,14573404.0
3004,2,2.0,19.0,2,Mumbai,Villa,Unfurnished,56736332.0
2605,5,1.0,7.0,3,Pune,Apartment,Unfurnished,26288121.0
1942,5,,9.0,2,Mumbai,Villa,Semi-Furnished,40095255.0
4347,4,3.0,26.0,2,Pune,Independent House,Semi-Furnished,42277944.0
2550,1,2.0,38.0,3,Nagpur,Apartment,Semi-Furnished,10870409.0
3733,4,4.0,39.0,0,Thane,Apartment,Semi-Furnished,46475935.0
3446,5,1.0,22.0,1,Mumbai,Villa,Semi-Furnished,66098055.0
2733,4,3.0,1.0,2,Nashik,Villa,Unfurnished,20218699.0
4045,3,3.0,35.0,0,Pune,Apartment,Semi-Furnished,36692906.0
1013,3,3.0,38.0,3,Pune,Villa,Furnished,12328796.0
4184,2,1.0,11.0,0,Nagpur,Villa,Furnished,22404440.0
3900,2,2.0,16.0,3,Pune,Villa,Semi-Furnished,38114970.0
2514,4,3.0,1.0,2,Nagpur,Apartment,Semi-Furnished,13614221.0
3433,1,2.0,32.0,3,Pune,Apartment,Semi-Furnished,31375799.0
2581,1,4.0,31.0,3,Thane,Independent House,Furnished,33814753.0
1575,2,3.0,0.0,2,Mumbai,Apartment,Furnished,31301981.0
3699,4,2.0,28.0,3,Mumbai,Apartment,Semi-Furnished,68768661.0
1483,4,1.0,16.0,1,Nagpur,Independent House,Semi-Furnished,9785015.0
1757,3,1.0,21.0,2,Nashik,Apartment,Unfurnished,10578223.0
2577,3,2.0,8.0,3,Pune,Apartment,Unfurnished,25244183.0
3849,1,2.0,32.0,0,Thane,Villa,Unfurnished,47945112.0
2035,2,4.0,16.0,1,Mumbai,Villa,Semi-Furnished,39776087.0
2476,1,4.0,33.0,0,Pune,Independent House,Unfurnished,23431870.0
666,4,1.0,5.0,2,Mumbai,Villa,Semi-Furnished,15916605.0
963,4,3.0,,3,Nashik,Apartment,Semi-Furnished,7378849.0
723,2,2.0,12.0,0,Nashik,Apartment,Semi-Furnished,5814663.0
788,2,1.0,38.0,2,Thane,Apartment,Semi-Furnished,9021576.0
3974,2,3.0,22.0,1,Nashik,Independent House,Unfurnished,23478284.0
3867,5,3.0,28.0,3,Pune,Apartment,Semi-Furnished,38505606.0
3787,3,1.0,3.0,0,Pune,Apartment,Furnished,36994498.0
722,4,2.0,27.0,0,Pune,Apartment,Semi-Furnished,7616273.0
810,3,3.0,4.0,0,Nagpur,Apartment,Furnished,6290379.0
1622,4,2.0,14.0,1,Pune,Apartment,Semi-Furnished,16801448.0
2761,3,2.0,8.0,1,Nashik,Villa,Semi-Furnished,19705875.0
1836,2,1.0,0.0,3,Nashik,Apartment,Semi-Furnished,11837259.0
2450,5,1.0,23.0,1,Nagpur,Independent House,Semi-Furnished,13577024.0
1191,4,4.0,9.0,0,Pune,Independent House,Furnished,15390009.0
3423,4,3.0,20.0,2,Pune,Apartment,Semi-Furnished,32460488.0
1755,5,1.0,30.0,0,Thane,Independent House,Furnished,23650015.0
766,2,2.0,7.0,1,Nashik,Apartment,Furnished,6404710.0
3470,1,1.0,28.0,2,Mumbai,Apartment,Furnished,63104781.0
4111,3,2.0,11.0,1,Nagpur,Apartment,Unfurnished,19365421.0
558,2,1.0,13.0,2,Thane,Independent House,Unfurnished,8715183.0
2246,3,3.0,23.0,1,Pune,Villa,Furnished,24393194.0
3808,2,3.0,25.0,3,Thane,Apartment,Semi-Furnished,46837880.0
3324,2,3.0,26.0,1,Pune,Villa,Furnished,33993341.0
3926,2,2.0,7.0,3,Thane,Villa,Unfurnished,50654823.0
2160,2,2.0,23.0,2,Pune,Villa,Furnished,22397813.0
1989,4,1.0,10.0,2,Pune,Apartment,Furnished,21540351.0
3336,3,1.0,11.0,0,Pune,Independent House,Furnished,32838504.0
1114,3,2.0,37.0,0,Thane,Villa,Semi-Furnished,15748493.0
1457,1,2.0,4.0,2,Thane,Apartment,Unfurnished,18374948.0
2903,3,3.0,16.0,1,Pune,Independent House,Semi-Furnished,29387869.0
3173,1,1.0,17.0,1,Mumbai,Apartment,Semi-Furnished,57427312.0
978,2,2.0,9.0,3,Pune,Villa,Semi-Furnished,12402615.0
2533,3,4.0,31.0,1,Pune,Villa,Unfurnished,25505010.0
1959,1,4.0,19.0,1,Nagpur,Apartment,Furnished,10269622.0
2506,2,4.0,28.0,2,Pune,Apartment,Unfurnished,23896317.0
4333,2,2.0,15.0,3,Thane,Villa,Semi-Furnished,54919993.0
806,5,1.0,35.0,3,Thane,Independent House,Semi-Furnished,12445284.0
4481,5,1.0,29.0,2,Pune,Independent House,Furnished,43779259.0
2298,1,1.0,13.0,0,Nashik,Villa,Semi-Furnished,14932915.0
3588,4,4.0,38.0,0,Thane,Apartment,Semi-Furnished,44891734.0
2197,4,4.0,34.0,2,Thane,Apartment,Unfurnished,27147223.0
1743,2,4.0,23.0,2,Nagpur,Villa,Semi-Furnished,11509063.0
3582,3,3.0,0.0,0,Pune,Apartment,Unfurnished,33777771.0
3250,4,2.0,23.0,2,Pune,Villa,Furnished,33331051.0
1076,2,2.0,27.0,3,Nagpur,Apartment,Semi-Furnished,5325539.0
3321,1,4.0,14.0,0,Mumbai,Apartment,Unfurnished,60378559.0
3512,2,4.0,5.0,3,Nagpur,Villa,Furnished,20533805.0
2051,2,3.0,22.0,1,Nagpur,Villa,Unfurnished,12496722.0
4202,2,4.0,32.0,1,Mumbai,Villa,Unfurnished,78024615.0
3063,2,2.0,12.0,2,Pune,Apartment,Semi-Furnished,29424904.0
1834,1,2.0,18.0,0,Mumbai,Independent House,Unfurnished,33563623.0
542,5,4.0,0.0,0,Thane,Apartment,Unfurnished,10087035.0
3199,1,2.0,28.0,3,Mumbai,Villa,Furnished,61209202.0
1336,4,4.0,34.0,1,Pune,Villa,Furnished,16495459.0
3526,4,2.0,31.0,0,Thane,Apartment,Furnished,43471594.0
2600,4,2.0,17.0,2,Nagpur,Villa,Semi-Furnished,15601136.0
2366,5,1.0,1.0,0,Nashik,Apartment,Unfurnished,15511821.0
1155,1,3.0,19.0,3,Thane,Apartment,Furnished,15390277.0
3346,2,2.0,37.0,0,Mumbai,Villa,Semi-Furnished,63217846.0
1163,1,2.0,3.0,2,Thane,Apartment,Unfurnished,14898976.0
2171,3,3.0,8.0,1,Thane,Independent House,Semi-Furnished,29412492.0
3845,4,1.0,33.0,3,Pune,Apartment,Semi-Furnished,35774897.0
4181,5,1.0,22.0,2,Mumbai,Apartment,Unfurnished,77122258.0
4456,2,4.0,6.0,3,Pune,Villa,Unfurnished,44666058.0
4332,2,3.0,0.0,0,Nagpur,Apartment,Semi-Furnished,21695685.0
2723,5,3.0,16.0,1,Nashik,Independent House,Semi-Furnished,18757944.0
1301,4,1.0,23.0,3,Nashik,Apartment,Unfurnished,8112240.0
3856,4,3.0,33.0,0,Thane,Apartment,Semi-Furnished,48215976.0
3706,3,2.0,35.0,3,Mumbai,Apartment,Unfurnished,67283338.0
4461,3,3.0,18.0,3,Nagpur,Apartment,Semi-Furnished,22230487.0
3103,2,1.0,16.0,2,Nagpur,Apartment,Unfurnished,13620978.0
1066,4,3.0,37.0,0,Nashik,Apartment,Semi-Furnished,7005753.0
2511,2,3.0,31.0,3,Pune,Apartment,Semi-Furnished,23558503.0
2292,5,2.0,8.0,3,Nagpur,Apartment,Semi-Furnished,12882298.0
3871,1,1.0,27.0,1,Nashik,Apartment,Unfurnished,21265825.0
2070,3,4.0,28.0,2,Pune,Apartment,Semi-Furnished,20199141.0
1814,2,3.0,9.0,0,Nagpur,Apartment,Furnished,11216006.0
820,4,3.0,39.0,1,Mumbai,Apartment,Unfurnished,16176499.0
3841,4,4.0,11.0,0,Mumbai,Apartment,Semi-Furnished,71564043.0
3521,5,3.0,21.0,2,Thane,Apartment,Semi-Furnished,45678191.0
664,4,1.0,19.0,2,Mumbai,Apartment,Furnished,15136744.0
2235,2,2.0,27.0,2,Nashik,Apartment,Semi-Furnished,12950934.0
2418,2,4.0,36.0,2,Nashik,Independent House,Furnished,15294303.0
2377,5,2.0,15.0,3,Pune,Apartment,Semi-Furnished,23463090.0
4175,3,4.0,15.0,0,Mumbai,Apartment,Semi-Furnished,77421199.0
1102,1,1.0,30.0,0,Pune,Villa,Unfurnished,10480003.0
1725,5,2.0,38.0,0,Pune,Apartment,Semi-Furnished,17059722.0
1223,4,2.0,36.0,3,Nagpur,Apartment,Unfurnished,6287967.0
1476,1,3.0,30.0,0,Pune,Villa,Semi-Furnished,14933121.0
4128,4,1.0,28.0,0,Thane,Villa,Unfurnished,51733329.0
4262,4,1.0,30.0,0,Mumbai,Independent House,Semi-Furnished,78181082.0
678,4,3.0,37.0,3,Pune,Independent House,Furnished,9089121.0
3028,5,2.0,0.0,2,Thane,Apartment,Furnished,40114524.0
1431,3,4.0,23.0,3,Mumbai,Villa,Unfurnished,29291630.0
1270,3,4.0,1.0,0,Nashik,Apartment,Furnished,10331916.0
1668,4,2.0,23.0,1,Nagpur,Independent House,Furnished,10353971.0
1277,1,3.0,15.0,2,Thane,Apartment,Furnished,17629362.0
2460,1,2.0,12.0,0,Pune,Apartment,Semi-Furnished,22918194.0
4482,5,2.0,35.0,3,Pune,Apartment,Unfurnished,42554098.0
2845,2,3.0,28.0,3,Thane,Apartment,Furnished,36038487.0
3392,3,2.0,22.0,0,Pune,Apartment,Semi-Furnished,31809097.0
2473,2,1.0,35.0,3,Nagpur,Independent House,Semi-Furnished,12347560.0
555,2,2.0,3.0,1,Nashik,Apartment,Unfurnished,4759178.0
836,3,4.0,25.0,1,Nashik,Independent House,Unfurnished,6893105.0
1575,5,2.0,6.0,3,Nagpur,Apartment,Unfurnished,10463810.0
1474,3,2.0,9.0,2,Thane,Apartment,Semi-Furnished,20670098.0
3862,1,3.0,7.0,0,Pune,Apartment,Semi-Furnished,35780916.0
3874,2,1.0,21.0,3,Nashik,Apartment,Furnished,23223059.0
3916,1,2.0,25.0,2,Nagpur,Apartment,Unfurnished,17945302.0
3050,5,1.0,30.0,0,Mumbai,Apartment,Unfurnished,56106150.0
2724,2,4.0,17.0,2,Thane,Apartment,Semi-Furnished,34403060.0
3096,2,4.0,37.0,2,Mumbai,Independent House,Unfurnished,56952165.0
2127,1,4.0,14.0,1,Pune,Apartment,Semi-Furnished,20310253.0
3180,3,1.0,6.0,1,Thane,Villa,Semi-Furnished,41668327.0
3677,5,3.0,1.0,3,Thane,Villa,Furnished,50035944.0
3551,3,3.0,5.0,0,Pune,Apartment,Unfurnished,33761976.0
2955,4,4.0,17.0,2,Nagpur,Independent House,Unfurnished,16266482.0
732,1,1.0,16.0,3,Pune,Villa,Furnished,10024040.0
3399,1,3.0,34.0,3,Pune,Villa,Unfurnished,32456629.0
1966,4,1.0,5.0,1,Pune,Independent House,Semi-Furnished,21250105.0
3474,1,3.0,10.0,1,Thane,Apartment,Semi-Furnished,42944930.0
2658,3,4.0,39.0,3,Pune,Independent House,Furnished,26893004.0
4024,2,1.0,1.0,1,Pune,Apartment,Unfurnished,37384705.0
1853,1,1.0,16.0,2,Nagpur,Apartment,Furnished,9949294.0
4225,3,4.0,7.0,2,Mumbai,Villa,Furnished,81010925.0
3877,5,1.0,21.0,2,Pune,Apartment,Unfurnished,36871986.0
1824,1,3.0,38.0,2,Pune,Villa,Semi-Furnished,17788133.0
2430,5,3.0,9.0,1,Nagpur,Apartment,Semi-Furnished,14485434.0
2625,3,2.0,14.0,1,Nashik,Apartment,Unfurnished,15515833.0
3574,4,4.0,17.0,1,Nagpur,Independent House,Furnished,19802478.0
3256,1,4.0,31.0,2,Pune,Apartment,Unfurnished,29051540.0
3908,5,2.0,39.0,3,Mumbai,Apartment,Unfurnished,71135935.0
1979,1,1.0,3.0,2,Nagpur,Villa,Unfurnished,11398838.0
2519,5,1.0,19.0,2,Pune,Villa,Semi-Furnished,27555382.0
2223,4,1.0,30.0,1,Pune,Independent House,Furnished,22447505.0
4138,2,4.0,0.0,3,Mumbai,Apartment,Semi-Furnished,76429873.0
1719,1,3.0,32.0,1,Mumbai,Independent House,Semi-Furnished,32386460.0
2848,4,3.0,9.0,1,Pune,Villa,Unfurnished,29210585.0
980,1,1.0,20.0,0,Thane,Independent House,Semi-Furnished,13326663.0
3901,4,4.0,39.0,1,Mumbai,Apartment,Semi-Furnished,71558515.0
2036,4,3.0,25.0,2,Nashik,Apartment,Semi-Furnished,13234696.0
1862,2,4.0,39.0,0,Pune,Apartment,Semi-Furnished,17746790.0
2831,2,2.0,24.0,0,Nashik,Apartment,Furnished,17048478.0
2495,2,3.0,8.0,3,Nashik,Apartment,Semi-Furnished,15451630.0
3891,2,3.0,27.0,3,Thane,Apartment,Semi-Furnished,47537334.0
2625,1,2.0,24.0,1,Mumbai,Villa,Semi-Furnished,48677412.0
2567,2,3.0,12.0,1,Nagpur,Apartment,Unfurnished,13952949.0
919,4,2.0,3.0,2,Mumbai,Apartment,Semi-Furnished,19163782.0
587,2,4.0,25.0,3,Nashik,Apartment,Semi-Furnished,5444916.0
2094,4,3.0,23.0,1,Thane,Independent House,Semi-Furnished,27968476.0
4492,5,3.0,30.0,0,Nashik,Apartment,Semi-Furnished,26220065.0
4169,4,3.0,5.0,1,Nagpur,Apartment,Semi-Furnished,21750202.0
3015,3,2.0,21.0,1,Thane,Independent House,Unfurnished,38013001.0
3023,2,4.0,32.0,2,Thane,Villa,Unfurnished,39096844.0
2066,5,1.0,35.0,0,Pune,Apartment,Semi-Furnished,20210473.0
1210,2,3.0,37.0,2,Pune,Villa,Furnished,13584437.0
534,3,1.0,8.0,0,Nashik,Independent House,Semi-Furnished,4989021.0
1855,3,2.0,6.0,3,Thane,Apartment,Semi-Furnished,24311276.0
1765,4,3.0,23.0,2,Mumbai,Villa,Semi-Furnished,34802894.0
1266,3,2.0,18.0,0,Mumbai,Apartment,Unfurnished,23614493.0
1536,4,4.0,9.0,3,Nashik,Independent House,Unfurnished,12332690.0
599,5,3.0,4.0,2,Pune,Villa,Unfurnished,9836727.0
2931,2,2.0,5.0,2,Pune,Independent House,Furnished,29320357.0
4209,5,2.0,13.0,0,Pune,Villa,Unfurnished,41773762.0
3263,1,3.0,29.0,0,Pune,Apartment,Semi-Furnished,29332620.0
2292,5,4.0,2.0,3,Nagpur,Apartment,Semi-Furnished,14408182.0
2181,1,2.0,4.0,1,Mumbai,Independent House,Semi-Furnished,41522749.0
1730,5,3.0,10.0,2,Pune,Apartment,Unfurnished,18541929.0
1069,2,3.0,34.0,3,Nashik,Apartment,Furnished,7115124.0
2893,5,1.0,39.0,1,Mumbai,Villa,Semi-Furnished,54884065.0
2766,1,4.0,17.0,1,Mumbai,Apartment,Furnished,50721191.0
529,3,3.0,1.0,3,Mumbai,Apartment,Semi-Furnished,12589350.0
2162,5,1.0,0.0,0,Pune,Apartment,Semi-Furnished,22497911.0
1612,1,3.0,34.0,1,Nagpur,Apartment,Semi-Furnished,7354035.0
1181,2,3.0,17.0,3,Pune,Villa,Semi-Furnished,15129325.0
3312,1,4.0,3.0,0,Pune,Apartment,Unfurnished,31181250.0
2603,2,1.0,33.0,1,Pune,Apartment,Semi-Furnished,23536585.0
3035,2,2.0,21.0,1,Mumbai,Independent House,Semi-Furnished,56884615.0
3353,4,1.0,13.0,0,Pune,Apartment,Semi-Furnished,33027789.0
4427,2,3.0,18.0,0,Mumbai,Villa,Semi-Furnished,82849725.0
3711,1,3.0,9.0,1,Pune,Apartment,Semi-Furnished,33828432.0
2981,1,2.0,37.0,3,Pune,Apartment,Semi-Furnished,27163426.0
4016,5,4.0,31.0,0,Thane,Apartment,Semi-Furnished,49996344.0
2410,5,3.0,7.0,2,Mumbai,Villa,Unfurnished,47324886.0
4439,2,2.0,29.0,1,Pune,Independent House,Semi-Furnished,42344903.0
3545,1,1.0,7.0,3,Nashik,Apartment,Unfurnished,21054151.0
3103,1,2.0,18.0,1,Pune,Apartment,Unfurnished,27749670.0
4113,5,4.0,29.0,3,Nagpur,Apartment,Furnished,21444116.0
2560,4,2.0,1.0,1,Pune,Apartment,Unfurnished,25542075.0
3382,4,4.0,29.0,3,Mumbai,Apartment,Unfurnished,62367670.0
1638,2,3.0,9.0,3,Thane,Independent House,Furnished,23335217.0
4352,4,3.0,27.0,1,Pune,Villa,Semi-Furnished,42527068.0
2993,1,2.0,19.0,2,Pune,Apartment,Furnished,28116819.0
3628,4,3.0,1.0,0,Nashik,Apartment,Semi-Furnished,22322040.0
2342,3,1.0,30.0,1,Thane,Apartment,Semi-Furnished,29256104.0
3967,2,1.0,10.0,1,Mumbai,Apartment,Furnished,73777705.0
796,4,2.0,38.0,3,Nashik,Apartment,Unfurnished,5272908.0
956,4,3.0,33.0,3,Pune,Independent House,Unfurnished,11027691.0
2528,3,3.0,7.0,3,Nashik,Apartment,Unfurnished,16477121.0
3429,1,2.0,24.0,3,Pune,Apartment,Furnished,32151856.0
3736,1,2.0,14.0,3,Nashik,Apartment,Unfurnished,22116304.0
2260,5,3.0,24.0,3,Pune,Apartment,Semi-Furnished,22587637.0
3098,2,3.0,22.0,2,Nashik,Independent House,Semi-Furnished,19836424.0
2712,2,1.0,11.0,0,Pune,Villa,Furnished,27756609.0
4346,4,2.0,26.0,3,Nagpur,Independent House,Semi-Furnished,22092454.0
3116,2,,10.0,0,Nagpur,Independent House,Semi-Furnished,17683190.0
2167,2,4.0,36.0,0,Thane,Apartment,Furnished,28177340.0
4379,4,2.0,37.0,3,Thane,Villa,Unfurnished,55244459.0
929,3,4.0,6.0,0,Mumbai,Villa,Semi-Furnished,21272126.0
4438,4,3.0,29.0,0,Nagpur,Apartment,Unfurnished,20858966.0
1116,1,2.0,37.0,2,Pune,Apartment,Unfurnished,9364367.0
1652,3,3.0,5.0,2,Thane,Villa,Unfurnished,23324375.0
3785,3,4.0,29.0,0,Nashik,Independent House,Semi-Furnished,22641382.0
3435,4,1.0,37.0,1,Mumbai,Apartment,Unfurnished,63039867.0
4381,1,1.0,9.0,0,Mumbai,Independent House,Furnished,81090554.0
3499,1,2.0,23.0,1,Nagpur,Independent House,Semi-Furnished,17248263.0
3048,4,1.0,31.0,0,Thane,Independent House,Semi-Furnished,38211267.0
1885,4,4.0,13.0,2,Thane,Apartment,Semi-Furnished,25715487.0
518,5,4.0,9.0,1,Nashik,Apartment,Furnished,6152293.0
995,2,3.0,15.0,3,Mumbai,Villa,Semi-Furnished,21301818.0
1691,5,4.0,13.0,0,Thane,Apartment,Unfurnished,22352101.0
663,2,1.0,29.0,3,Nashik,Apartment,Unfurnished,4468298.0
2532,4,3.0,14.0,3,Nashik,Villa,Furnished,18372646.0
3609,1,2.0,15.0,1,Nashik,Apartment,Furnished,20698853.0
4353,5,2.0,37.0,2,Nashik,Apartment,Semi-Furnished,24780085.0
2458,2,2.0,23.0,1,Nagpur,Independent House,Unfurnished,12090494.0
4000,5,3.0,37.0,2,Nashik,Apartment,Semi-Furnished,23803216.0
4442,2,3.0,28.0,3,Thane,Independent House,Semi-Furnished,56034001.0
3939,4,1.0,35.0,2,Thane,Apartment,Semi-Furnished,48328101.0
2359,3,3.0,7.0,2,Mumbai,Apartment,Unfurnished,44387236.0
1801,1,4.0,37.0,3,Pune,Apartment,Semi-Furnished,16983959.0
4411,1,1.0,37.0,1,Nashik,Apartment,Semi-Furnished,23591194.0
1467,4,4.0,1.0,0,Nashik,Apartment,Furnished,12902959.0
2146,1,3.0,14.0,2,Nashik,Independent House,Unfurnished,13397048.0
796,2,2.0,16.0,2,Thane,Independent House,Furnished,12698170.0
3674,3,3.0,16.0,0,Pune,Apartment,Semi-Furnished,35237905.0
3099,2,3.0,31.0,2,Pune,Apartment,Semi-Furnished,28572129.0
839,1,4.0,27.0,0,Thane,Villa,Furnished,13042418.0
1387,4,1.0,8.0,1,Thane,Apartment,Semi-Furnished,18748620.0
2721,4,1.0,24.0,3,Mumbai,Apartment,Unfurnished,50491309.0
2661,4,3.0,38.0,2,Pune,Apartment,Unfurnished,25004416.0
3708,5,2.0,17.0,2,Mumbai,Apartment,Furnished,69940873.0
1564,1,1.0,37.0,2,Mumbai,Apartment,Semi-Furnished,27341996.0
4198,3,2.0,25.0,0,Nashik,Apartment,Semi-Furnished,25027663.0
2277,2,3.0,36.0,3,Pune,Villa,Semi-Furnished,23446880.0
3790,5,1.0,36.0,1,Mumbai,Apartment,Unfurnished,68385113.0
1453,3,4.0,0.0,3,Nagpur,Apartment,Unfurnished,9239334.0
647,1,2.0,32.0,3,Nashik,Apartment,Furnished,3742272.0
720,4,1.0,7.0,0,Nagpur,Apartment,Semi-Furnished,5782937.0
1990,1,1.0,32.0,2,Mumbai,Independent House,Unfurnished,36270198.0
4312,2,4.0,32.0,0,Mumbai,Villa,Semi-Furnished,80217835.0
694,4,1.0,10.0,2,Mumbai,Independent House,Furnished,16022935.0
1975,3,2.0,2.0,1,Thane,Apartment,Unfurnished,25487996.0
937,4,3.0,16.0,0,Mumbai,Apartment,Unfurnished,18970233.0
4226,3,3.0,12.0,2,Nashik,Apartment,Semi-Furnished,26078124.0
3201,5,2.0,22.0,3,Nashik,Apartment,Unfurnished,20176390.0
3550,3,1.0,3.0,0,Thane,Apartment,Unfurnished,43351525.0
3353,1,3.0,1.0,3,Mumbai,Apartment,Unfurnished,61960248.0
3128,1,2.0,17.0,3,Mumbai,Apartment,Unfurnished,57057991.0
3594,4,1.0,30.0,2,Thane,Apartment,Semi-Furnished,44207351.0
532,1,1.0,12.0,3,Pune,Apartment,Unfurnished,4681443.0
3961,2,3.0,12.0,1,Nashik,Apartment,Semi-Furnished,22936516.0
3459,1,1.0,6.0,2,Mumbai,Apartment,Semi-Furnished,64196899.0
3457,2,2.0,11.0,2,Thane,Independent House,Unfurnished,43157842.0
2073,3,1.0,11.0,2,Nagpur,Apartment,Unfurnished,10759902.0
3703,1,4.0,10.0,3,Pune,Apartment,Furnished,35746649.0
2027,3,3.0,13.0,3,Thane,Apartment,Semi-Furnished,26744798.0
695,5,4.0,11.0,3,Nagpur,Apartment,Semi-Furnished,6723562.0
4131,1,1.0,27.0,2,Nashik,Villa,Semi-Furnished,25085612.0
1438,1,2.0,13.0,3,Pune,Apartment,Furnished,14798026.0
907,2,2.0,30.0,2,Pune,Independent House,Unfurnished,9141455.0
2987,5,3.0,24.0,2,Nashik,Independent House,Unfurnished,19611605.0
1434,3,4.0,25.0,0,Mumbai,Apartment,Furnished,27337105.0
3932,4,1.0,23.0,1,Thane,Independent House,Unfurnished,49478175.0
2275,1,4.0,36.0,3,Pune,Villa,Semi-Furnished,22658565.0
518,4,3.0,10.0,1,Nashik,Independent House,Unfurnished,5798483.0
4306,1,4.0,39.0,2,Pune,Apartment,Semi-Furnished,39344871.0
2558,4,1.0,8.0,3,Nashik,Independent House,Semi-Furnished,17575708.0
1551,1,4.0,5.0,1,Pune,Apartment,Semi-Furnished,15681043.0
3209,5,2.0,33.0,1,Mumbai,Apartment,Semi-Furnished,60067434.0
2622,2,2.0,35.0,0,Pune,Independent House,Unfurnished,23810066.0
618,1,1.0,3.0,0,Nashik,Apartment,Unfurnished,4173273.0
3538,2,4.0,23.0,2,Mumbai,Apartment,Semi-Furnished,65721286.0
2105,1,4.0,20.0,2,Nagpur,Apartment,Unfurnished,10807604.0
3299,1,1.0,8.0,1,Pune,Apartment,Semi-Furnished,31650434.0
4082,3,2.0,20.0,1,Nashik,Apartment,Semi-Furnished,23692037.0
2942,2,3.0,27.0,0,Nashik,Apartment,Semi-Furnished,16590429.0
3186,2,3.0,22.0,3,Pune,Apartment,Semi-Furnished,30631747.0
1518,5,1.0,20.0,2,Pune,Independent House,Furnished,17945109.0
1450,1,2.0,35.0,0,Mumbai,Apartment,Semi-Furnished,25444169.0
2160,2,2.0,9.0,2,Nashik,Independent House,Unfurnished,14408162.0
3911,1,2.0,24.0,1,Thane,Apartment,Furnished,49087893.0
2596,3,4.0,12.0,3,Pune,Villa,Unfurnished,27501099.0
1892,2,1.0,38.0,1,Nagpur,Villa,Furnished,11159574.0
3618,1,3.0,10.0,3,Nagpur,Independent House,Unfurnished,19230532.0
3913,1,4.0,34.0,2,Nagpur,Apartment,Semi-Furnished,19345186.0
4110,5,4.0,25.0,0,Nashik,Apartment,Semi-Furnished,25215565.0
1695,1,4.0,8.0,3,Thane,Independent House,Unfurnished,23493865.0
3338,4,1.0,30.0,2,Nashik,Villa,Semi-Furnished,21214178.0
2861,5,1.0,9.0,1,Thane,Apartment,Unfurnished,36573196.0
2295,3,4.0,10.0,0,Pune,Villa,Semi-Furnished,24604096.0
2087,2,3.0,13.0,1,Thane,Villa,Furnished,28175597.0
958,4,3.0,27.0,2,Thane,Apartment,Semi-Furnished,12834635.0
1599,5,2.0,15.0,0,Thane,Villa,Semi-Furnished,23681515.0
2698,1,3.0,22.0,1,Mumbai,Independent House,Semi-Furnished,50546360.0
4046,5,1.0,22.0,2,Thane,Apartment,Unfurnished,49843267.0
3965,5,2.0,7.0,2,Pune,Apartment,Furnished,40145823.0
1250,1,3.0,9.0,3,Nagpur,Apartment,Semi-Furnished,6915508.0
3217,1,1.0,12.0,0,Mumbai,Apartment,Semi-Furnished,58621771.0
839,4,1.0,8.0,3,Nagpur,Apartment,Semi-Furnished,6278642.0
3200,1,1.0,36.0,1,Mumbai,Villa,Semi-Furnished,59028127.0
1867,4,1.0,15.0,0,Pune,Apartment,Unfurnished,18507340.0
2299,1,4.0,16.0,3,Pune,Independent House,Unfurnished,23221804.0
3370,4,3.0,26.0,2,Pune,Villa,Semi-Furnished,34558529.0
2199,2,4.0,31.0,2,Mumbai,Independent House,Unfurnished,41553070.0
3729,1,2.0,27.0,1,Thane,Apartment,Unfurnished,43955265.0
2634,1,3.0,22.0,3,Nagpur,Apartment,Semi-Furnished,13503538.0
4494,1,4.0,39.0,0,Nagpur,Villa,Semi-Furnished,21545870.0
3052,3,2.0,35.0,0,Thane,Apartment,Semi-Furnished,37176285.0
1685,1,3.0,8.0,0,Mumbai,Apartment,Furnished,31971903.0
3601,5,3.0,6.0,2,Nashik,Apartment,Semi-Furnished,23523055.0
2131,4,4.0,15.0,0,Nashik,Apartment,Unfurnished,13552378.0
2636,2,4.0,33.0,3,Pune,Villa,Furnished,27242670.0
1047,5,3.0,38.0,0,Nashik,Apartment,Semi-Furnished,8086991.0
977,4,3.0,28.0,2,Nagpur,Apartment,Semi-Furnished,5823636.0
2799,4,4.0,27.0,3,Nashik,Apartment,Furnished,18383390.0
1246,1,3.0,9.0,3,Nagpur,Apartment,Unfurnished,6395643.0
4490,4,2.0,23.0,1,Pune,Apartment,Semi-Furnished,42543457.0
3922,3,3.0,7.0,0,Nagpur,Independent House,Unfurnished,20071972.0
3303,5,3.0,21.0,3,Pune,Independent House,Unfurnished,33234341.0
3438,3,1.0,7.0,1,Thane,Independent House,Semi-Furnished,43589901.0
2880,4,3.0,3.0,3,Pune,Apartment,Unfurnished,29441193.0
741,2,3.0,38.0,0,Mumbai,Apartment,Unfurnished,13120755.0
2069,1,4.0,35.0,2,Mumbai,Apartment,Semi-Furnished,37863994.0
2483,1,3.0,27.0,0,Pune,Villa,Semi-Furnished,24870078.0
4161,5,1.0,25.0,1,Mumbai,Villa,Semi-Furnished,78064866.0
1377,4,4.0,9.0,0,Pune,Villa,Unfurnished,16266240.0
2487,2,3.0,22.0,3,Nashik,Apartment,Semi-Furnished,15345024.0
1876,4,2.0,29.0,2,Thane,Apartment,Semi-Furnished,23429105.0
1037,1,4.0,21.0,0,Mumbai,Independent House,Semi-Furnished,19821418.0
912,1,2.0,11.0,1,Nashik,Apartment,Semi-Furnished,5726432.0
1961,3,2.0,15.0,1,Thane,Independent House,Furnished,26298551.0
829,4,4.0,33.0,2,Mumbai,Villa,Unfurnished,18077261.0
768,5,4.0,10.0,1,Thane,Apartment,Semi-Furnished,12881094.0
1903,4,3.0,38.0,1,Mumbai,Independent House,Furnished,37421446.0
1307,2,2.0,30.0,3,Mumbai,Independent House,Semi-Furnished,26280235.0
2719,5,4.0,35.0,2,Pune,Villa,Furnished,29120819.0
570,3,1.0,20.0,3,Pune,Apartment,Semi-Furnished,6839461.0
1707,5,3.0,8.0,3,Nashik,Apartment,Semi-Furnished,13017304.0
2313,1,3.0,1.0,3,Thane,Villa,Unfurnished,31390121.0
4352,1,4.0,21.0,3,Pune,Apartment,Unfurnished,40287265.0
3038,1,2.0,15.0,2,Thane,Apartment,Semi-Furnished,37930953.0
4022,5,4.0,4.0,2,Mumbai,Apartment,Semi-Furnished,76719194.0
1873,1,1.0,37.0,2,Mumbai,Apartment,Furnished,34157713.0
2298,5,4.0,38.0,0,Thane,Villa,Furnished,32405578.0
2181,4,1.0,14.0,3,Thane,Apartment,Unfurnished,28074041.0
4049,1,3.0,26.0,2,Nashik,Apartment,Semi-Furnished,22754295.0
4336,5,1.0,16.0,3,Pune,Apartment,Furnished,42062380.0
4349,1,4.0,19.0,2,Pune,Apartment,Furnished,40953374.0
3507,1,4.0,24.0,1,Pune,Apartment,Furnished,32505364.0
2512,3,1.0,16.0,1,Nagpur,Apartment,Semi-Furnished,12507985.0
2663,2,4.0,32.0,3,Mumbai,Apartment,Furnished,49261073.0
4422,2,2.0,7.0,2,Nagpur,Apartment,Semi-Furnished,21963782.0
1638,1,3.0,26.0,3,Pune,Villa,Unfurnished,17141219.0
1886,4,1.0,39.0,2,Mumbai,Apartment,Unfurnished,33611988.0
4087,1,1.0,34.0,2,Mumbai,Apartment,Semi-Furnished,73131663.0
2045,2,1.0,1.0,0,Nashik,Apartment,Furnished,14168835.0
1440,3,3.0,4.0,0,Nashik,Villa,Semi-Furnished,12403401.0
2741,3,3.0,25.0,2,Thane,Apartment,Semi-Furnished,34806451.0
1801,4,4.0,36.0,0,Thane,Apartment,Semi-Furnished,22813086.0
4063,2,1.0,33.0,0,Nagpur,Villa,Semi-Furnished,20212777.0
4136,4,3.0,36.0,3,Pune,Villa,Unfurnished,40307471.0
1724,4,1.0,5.0,2,Thane,Apartment,Semi-Furnished,22989464.0
2618,2,2.0,20.0,0,Thane,Villa,Unfurnished,33393795.0
4435,2,1.0,29.0,1,Thane,Villa,Semi-Furnished,55187936.0
3469,3,1.0,24.0,1,Mumbai,Apartment,Semi-Furnished,62852097.0
1362,3,3.0,31.0,0,Pune,Independent House,Semi-Furnished,13712395.0
2862,1,4.0,8.0,2,Nagpur,Apartment,Semi-Furnished,14699239.0
2979,3,3.0,18.0,1,Mumbai,Villa,Furnished,57420401.0
3113,1,4.0,17.0,3,Mumbai,Independent House,Furnished,59038587.0
600,3,3.0,37.0,0,Mumbai,Independent House,Unfurnished,11327456.0
1697,5,1.0,8.0,3,Nashik,Apartment,Unfurnished,12334097.0
3918,3,2.0,13.0,0,Mumbai,Villa,Unfurnished,74460216.0
1465,4,4.0,0.0,3,Nagpur,Apartment,Unfurnished,10394828.0
1698,2,1.0,6.0,3,Nashik,Apartment,Unfurnished,11237741.0
1789,5,1.0,39.0,1,Nashik,Independent House,Furnished,12851255.0
1209,5,4.0,33.0,1,Pune,Apartment,Furnished,13780514.0
1121,5,1.0,10.0,0,Thane,Independent House,Unfurnished,16490935.0
1888,4,4.0,28.0,1,Mumbai,Apartment,Furnished,36152463.0
3997,4,4.0,23.0,2,Mumbai,Apartment,Furnished,75266525.0
506,3,3.0,36.0,2,Mumbai,Apartment,Semi-Furnished,10551819.0
1632,5,3.0,12.0,0,Mumbai,Apartment,Furnished,32567646.0
742,5,1.0,39.0,0,Nagpur,Apartment,Furnished,5125702.0
2745,3,2.0,14.0,2,Pune,Apartment,Furnished,26902725.0
1502,1,4.0,28.0,2,Thane,Independent House,Semi-Furnished,19650385.0
3667,1,4.0,15.0,3,Pune,Villa,Semi-Furnished,36891797.0
2840,2,2.0,26.0,3,Thane,Villa,Unfurnished,36713737.0
3635,1,4.0,13.0,2,Nashik,Apartment,Furnished,22048125.0
3039,2,4.0,33.0,2,Pune,Apartment,Unfurnished,27804550.0
2253,1,1.0,25.0,2,Nashik,Villa,Semi-Furnished,14580148.0
3943,5,3.0,11.0,1,Mumbai,Apartment,Unfurnished,72778070.0
2405,1,3.0,38.0,2,Thane,Apartment,Semi-Furnished,28679004.0
4299,4,3.0,28.0,0,Nagpur,Independent House,Unfurnished,20926201.0
4478,2,4.0,17.0,3,Nashik,Apartment,Furnished,27224334.0
2856,1,4.0,5.0,3,Mumbai,Independent House,Semi-Furnished,55137878.0
3198,4,3.0,38.0,1,Thane,Apartment,Semi-Furnished,39920721.0
1522,5,2.0,30.0,1,Nagpur,Apartment,Semi-Furnished,8548826.0
3758,4,4.0,26.0,1,Nashik,Apartment,Semi-Furnished,22531031.0
3186,5,4.0,33.0,3,Mumbai,Independent House,Furnished,61148760.0
4110,3,3.0,24.0,0,Mumbai,Villa,Furnished,78579828.0
1568,4,3.0,9.0,1,Nagpur,Villa,Furnished,12166628.0
3650,1,1.0,9.0,2,Nashik,Apartment,Semi-Furnished,21274888.0
2381,5,2.0,3.0,2,Thane,Independent House,Furnished,32581992.0
1240,4,1.0,2.0,1,Nashik,Apartment,Semi-Furnished,8918578.0
1184,2,3.0,29.0,0,Nashik,Apartment,Semi-Furnished,7192120.0
2748,2,4.0,34.0,2,Mumbai,Villa,Semi-Furnished,52099827.0
1777,4,1.0,6.0,2,Nagpur,Villa,Semi-Furnished,12466376.0
907,1,4.0,22.0,3,Mumbai,Villa,Semi-Furnished,19569945.0
2208,5,1.0,4.0,0,Thane,Apartment,Semi-Furnished,29566204.0
3111,2,1.0,16.0,0,Mumbai,Independent House,Semi-Furnished,57006877.0
1775,1,4.0,31.0,1,Nagpur,Apartment,Semi-Furnished,8070147.0
4321,2,1.0,32.0,2,Thane,Independent House,Semi-Furnished,53217174.0
3618,5,3.0,37.0,0,Nagpur,Apartment,Semi-Furnished,17639669.0
2550,2,4.0,12.0,0,Mumbai,Apartment,Furnished,48060375.0
4238,3,2.0,37.0,1,Nagpur,Apartment,Unfurnished,19300062.0
2231,5,1.0,31.0,1,Pune,Apartment,Unfurnished,20873780.0
1058,1,2.0,13.0,2,Pune,Apartment,Semi-Furnished,10768522.0
643,4,1.0,13.0,0,Nagpur,Independent House,Unfurnished,5538293.0
4252,2,3.0,4.0,3,Thane,Villa,Unfurnished,54843286.0
4339,4,4.0,36.0,0,Pune,Apartment,Semi-Furnished,40875328.0
3457,1,4.0,8.0,1,Thane,Apartment,Unfurnished,41736176.0
912,1,4.0,10.0,3,Mumbai,Villa,Semi-Furnished,19942284.0
1674,4,4.0,16.0,2,Thane,Independent House,Unfurnished,23849549.0
664,5,4.0,5.0,3,Nagpur,Apartment,Unfurnished,6139041.0
704,5,4.0,32.0,0,Thane,Independent House,Semi-Furnished,11147973.0
1484,4,3.0,27.0,2,Thane,Apartment,Furnished,20311179.0
2788,3,4.0,6.0,0,Thane,Villa,Semi-Furnished,37798206.0
762,1,2.0,6.0,2,Nashik,Villa,Semi-Furnished,7260386.0
4438,2,2.0,0.0,1,Pune,Apartment,Semi-Furnished,42851608.0
2320,4,4.0,37.0,3,Mumbai,Apartment,Semi-Furnished,43878921.0
1555,2,2.0,17.0,0,Nagpur,Villa,Semi-Furnished,9441203.0
2564,3,2.0,26.0,3,Pune,Apartment,Unfurnished,23518222.0
3660,1,1.0,5.0,1,Thane,Apartment,Unfurnished,44732509.0
1750,3,2.0,9.0,2,Pune,Apartment,Semi-Furnished,17593040.0
690,2,3.0,21.0,2,Thane,Villa,Semi-Furnished,12508679.0
703,1,4.0,8.0,0,Mumbai,Apartment,Furnished,14896574.0
3907,1,1.0,24.0,1,Thane,Apartment,Semi-Furnished,47315987.0
946,3,3.0,36.0,2,Thane,Independent House,Semi-Furnished,13623909.0
3042,2,4.0,12.0,3,Mumbai,Villa,Semi-Furnished,59400706.0
2038,1,4.0,24.0,3,Nagpur,Apartment,Semi-Furnished,9383093.0
3610,3,4.0,36.0,2,Pune,Apartment,Semi-Furnished,33358528.0
742,1,1.0,35.0,1,Thane,Apartment,Unfurnished,8499362.0
4091,1,2.0,0.0,1,Thane,Apartment,Furnished,51897261.0
3292,1,4.0,4.0,1,Pune,Apartment,Semi-Furnished,31002123.0
2297,3,4.0,39.0,1,Pune,Apartment,Semi-Furnished,20934616.0
1328,5,3.0,37.0,1,Mumbai,Apartment,Semi-Furnished,25809385.0
4408,2,4.0,12.0,3,Pune,Villa,Furnished,44530436.0
1708,2,3.0,20.0,1,Thane,Apartment,Unfurnished,21392322.0
2462,2,1.0,22.0,0,Pune,Apartment,Furnished,23181167.0
2076,2,4.0,26.0,2,Thane,Independent House,Unfurnished,26038665.0
1422,4,1.0,30.0,2,Thane,Apartment,Unfurnished,17805245.0
2166,2,2.0,14.0,1,Thane,Villa,Furnished,29570345.0
1105,4,1.0,35.0,2,Nashik,Apartment,Unfurnished,6490792.0
506,5,3.0,2.0,3,Pune,Apartment,Semi-Furnished,7630568.0
1659,5,1.0,1.0,3,Thane,Apartment,Semi-Furnished,23661131.0
948,3,3.0,38.0,3,Nagpur,Apartment,Furnished,6395593.0
2159,4,4.0,7.0,2,Thane,Independent House,Furnished,30360410.0
3951,5,4.0,39.0,0,Mumbai,Apartment,Semi-Furnished,72834313.0
1150,4,2.0,11.0,2,Pune,Apartment,Furnished,13236390.0
504,2,4.0,14.0,3,Thane,Apartment,Unfurnished,7568763.0
944,1,2.0,1.0,3,Thane,Apartment,Semi-Furnished,13489925.0
2532,1,3.0,37.0,3,Pune,Apartment,Furnished,23910794.0
1599,5,3.0,14.0,3,Nagpur,Apartment,Semi-Furnished,11019147.0
2458,3,1.0,6.0,2,Pune,Apartment,Semi-Furnished,24756268.0
616,2,1.0,19.0,0,Nashik,Villa,Furnished,6310687.0
1832,2,1.0,6.0,1,Mumbai,Independent House,Semi-Furnished,36784947.0
2140,2,4.0,31.0,1,Mumbai,Apartment,Furnished,40747478.0
2225,5,4.0,2.0,3,Pune,Independent House,Unfurnished,24418837.0
2704,4,2.0,19.0,3,Pune,Apartment,Semi-Furnished,26782969.0
3622,5,4.0,15.0,1,Mumbai,Apartment,Furnished,67982384.0
2368,2,1.0,1.0,1,Pune,Villa,Semi-Furnished,24904266.0
3864,3,4.0,2.0,0,Mumbai,Villa,Semi-Furnished,74855163.0
2618,1,1.0,20.0,0,Nashik,Apartment,Furnished,16350587.0
1541,5,1.0,15.0,1,Nagpur,Independent House,Semi-Furnished,10309925.0
1416,3,4.0,5.0,0,Nagpur,Independent House,Unfurnished,9622697.0
1789,3,2.0,5.0,1,Pune,Apartment,Unfurnished,18153390.0
2889,3,2.0,32.0,3,Pune,Apartment,Semi-Furnished,28181867.0
1469,2,4.0,29.0,2,Thane,Villa,Semi-Furnished,20295662.0
4156,5,2.0,24.0,2,Thane,Independent House,Unfurnished,53976981.0
2419,3,4.0,33.0,0,Thane,Apartment,Furnished,30585318.0
3953,4,1.0,2.0,3,Thane,Apartment,Unfurnished,49399431.0
3233,1,1.0,27.0,2,Nashik,Villa,Furnished,20149632.0
1833,2,2.0,30.0,2,Thane,Apartment,Furnished,22891678.0
1413,5,3.0,8.0,1,Mumbai,Villa,Semi-Furnished,30702665.0
3475,1,1.0,21.0,2,Nagpur,Apartment,Furnished,15903923.0
1822,1,1.0,30.0,3,Thane,Villa,Unfurnished,23467738.0
1487,5,3.0,24.0,2,Nagpur,Apartment,Semi-Furnished,9650286.0
4221,2,2.0,9.0,1,Mumbai,Apartment,Furnished,78775275.0
2430,2,2.0,26.0,2,Mumbai,Villa,Furnished,47306273.0
694,3,1.0,30.0,3,Pune,Apartment,Unfurnished,7525574.0
2479,1,1.0,0.0,1,Mumbai,Apartment,Unfurnished,45229450.0
2343,1,1.0,22.0,3,Thane,Apartment,Unfurnished,28433386.0
3955,1,3.0,20.0,2,Nagpur,Independent House,Furnished,19354348.0
3346,1,1.0,14.0,0,Pune,Apartment,Unfurnished,30062705.0
1265,1,1.0,1.0,3,Nagpur,Villa,Semi-Furnished,9356538.0
1101,4,4.0,3.0,2,Mumbai,Apartment,Semi-Furnished,23542755.0
2914,2,2.0,30.0,1,Nashik,Independent House,Semi-Furnished,16898665.0
689,1,3.0,33.0,0,Mumbai,Apartment,Semi-Furnished,12276425.0
1776,1,2.0,16.0,3,Nashik,Apartment,Semi-Furnished,10845158.0
1052,3,4.0,37.0,3,Nagpur,Apartment,Semi-Furnished,6080916.0
582,5,4.0,37.0,0,Nagpur,Apartment,Semi-Furnished,4845253.0
4175,2,2.0,26.0,2,Nagpur,Independent House,Semi-Furnished,20649928.0
859,1,3.0,23.0,0,Mumbai,Villa,,17856697.0
537,2,2.0,38.0,1,Nagpur,Villa,Semi-Furnished,4176171.0
4231,3,4.0,24.0,2,Pune,Villa,Furnished,42868171.0
1253,1,2.0,37.0,0,Mumbai,Independent House,Semi-Furnished,23666655.0
3766,5,4.0,39.0,2,Nashik,Independent House,Semi-Furnished,23734246.0
625,4,3.0,7.0,1,Nagpur,Villa,Unfurnished,8275265.0
1114,2,3.0,26.0,2,Thane,Apartment,Unfurnished,13733085.0
942,5,2.0,29.0,3,Mumbai,Apartment,Furnished,20249239.0
3325,2,4.0,32.0,0,Thane,Apartment,Furnished,40772050.0
2980,1,3.0,13.0,3,Mumbai,Villa,Unfurnished,56877861.0
2402,5,4.0,34.0,0,Nashik,Apartment,Semi-Furnished,15573752.0
1466,5,4.0,19.0,0,Thane,Apartment,Semi-Furnished,19936718.0
855,2,1.0,15.0,1,Nagpur,Villa,Semi-Furnished,6668729.0
2776,3,4.0,6.0,1,Thane,Apartment,Unfurnished,36382483.0
1422,1,4.0,12.0,0,Thane,Apartment,Furnished,18547564.0
2860,4,1.0,38.0,1,Pune,Independent House,Unfurnished,27250840.0
3249,4,4.0,28.0,3,Thane,Apartment,Furnished,42078968.0
3897,4,3.0,29.0,2,Thane,Apartment,Unfurnished,48204973.0
2475,3,2.0,35.0,2,Mumbai,Apartment,Semi-Furnished,44730991.0
518,4,1.0,10.0,0,Pune,Apartment,Unfurnished,6584881.0
1622,3,2.0,26.0,0,Mumbai,Apartment,Unfurnished,29751227.0
3913,5,1.0,14.0,1,Thane,Apartment,Furnished,50432731.0
2633,1,3.0,33.0,3,Thane,Villa,Semi-Furnished,34090291.0
2976,3,3.0,16.0,3,Thane,Villa,Unfurnished,39381011.0
2331,3,3.0,34.0,0,Mumbai,Apartment,Furnished,43525643.0
1150,3,3.0,29.0,1,Pune,Apartment,Unfurnished,10735611.0
4086,1,2.0,30.0,1,Nashik,Apartment,Unfurnished,22804148.0
3591,2,3.0,37.0,2,Mumbai,Apartment,Unfurnished,64629064.0
4480,5,4.0,31.0,0,Pune,Apartment,Semi-Furnished,42356847.0
3921,1,1.0,12.0,1,Pune,Apartment,Furnished,37150533.0
1664,4,2.0,20.0,3,Pune,Apartment,Unfurnished,16927304.0
1517,4,4.0,18.0,1,Pune,Independent House,Semi-Furnished,17126597.0
1493,3,4.0,2.0,3,Nagpur,Apartment,Unfurnished,9694719.0
4175,1,4.0,23.0,2,Mumbai,Independent House,Unfurnished,77091693.0
2727,1,1.0,17.0,2,Mumbai,Apartment,Semi-Furnished,49742747.0
2317,2,2.0,15.0,1,Nashik,Villa,Semi-Furnished,16288549.0
4373,1,1.0,4.0,3,Thane,Apartment,Semi-Furnished,53444251.0
2913,1,4.0,20.0,0,Nagpur,Villa,Unfurnished,15476314.0
4137,1,3.0,23.0,3,Nashik,Independent House,Unfurnished,24703621.0
4438,1,1.0,4.0,3,Nagpur,Apartment,Semi-Furnished,21790808.0
817,5,1.0,25.0,2,Nagpur,Apartment,Semi-Furnished,4778028.0
1946,4,3.0,6.0,3,Nagpur,Independent House,,12990033.0
3436,1,4.0,5.0,2,Mumbai,Independent House,Unfurnished,63861683.0
3752,4,4.0,16.0,2,Nashik,Independent House,Furnished,25574597.0
1093,1,4.0,15.0,0,Mumbai,Apartment,Unfurnished,20198197.0
1773,3,4.0,36.0,0,Mumbai,Apartment,Semi-Furnished,33492617.0
2692,1,4.0,2.0,0,Pune,Apartment,Semi-Furnished,25530330.0
3696,1,4.0,13.0,0,Mumbai,Villa,Unfurnished,69303789.0
951,1,4.0,29.0,3,Mumbai,Apartment,Semi-Furnished,18161573.0
2902,3,2.0,9.0,0,Nashik,Apartment,Semi-Furnished,19104831.0
1685,3,4.0,39.0,0,Mumbai,Apartment,Semi-Furnished,31760067.0
1365,2,4.0,29.0,3,Pune,Apartment,Furnished,14776248.0
2561,4,1.0,37.0,1,Mumbai,Villa,Semi-Furnished,49690513.0
2156,4,3.0,37.0,3,Mumbai,Apartment,Unfurnished,40175695.0
3042,4,2.0,4.0,3,Nagpur,Independent House,Semi-Furnished,17784222.0
1770,3,1.0,18.0,2,Mumbai,Apartment,Semi-Furnished,33323914.0
3793,3,1.0,29.0,3,Pune,Apartment,Semi-Furnished,35474517.0
812,3,1.0,0.0,3,Pune,Apartment,Furnished,9201445.0
3947,2,4.0,18.0,0,Mumbai,Apartment,Unfurnished,72047047.0
619,3,4.0,27.0,0,Pune,Apartment,Unfurnished,6673056.0
3443,1,1.0,31.0,1,Mumbai,Independent House,Unfurnished,62233867.0
1885,5,3.0,16.0,2,Nashik,Apartment,Furnished,13238592.0
2033,2,3.0,34.0,3,Thane,Apartment,Semi-Furnished,25318574.0
576,4,3.0,26.0,0,Nagpur,Villa,Semi-Furnished,5451835.0
3308,5,3.0,1.0,0,Pune,Apartment,Semi-Furnished,34020191.0
1161,3,4.0,11.0,1,Mumbai,Apartment,Furnished,23762192.0
3136,5,3.0,37.0,1,Nagpur,Apartment,Furnished,15513783.0
3400,3,3.0,0.0,3,Pune,Apartment,Semi-Furnished,33647070.0
3880,1,3.0,4.0,1,Thane,Apartment,Furnished,49142929.0
3332,1,2.0,13.0,3,Nashik,Apartment,Furnished,20245235.0
1706,1,4.0,39.0,0,Pune,Apartment,Semi-Furnished,14942765.0
3454,5,2.0,28.0,0,Pune,Apartment,Semi-Furnished,32630788.0
3803,3,4.0,5.0,3,Thane,Villa,Semi-Furnished,50446919.0
1768,2,3.0,15.0,0,Thane,Villa,Semi-Furnished,24218151.0
996,3,3.0,37.0,0,Thane,Apartment,Furnished,12635195.0
4060,2,4.0,8.0,2,Mumbai,Apartment,Semi-Furnished,75409581.0
1091,5,3.0,23.0,0,Nagpur,Villa,Unfurnished,7959320.0
2875,5,3.0,18.0,0,Pune,Apartment,Semi-Furnished,28902070.0
1445,1,3.0,30.0,1,Mumbai,Independent House,Semi-Furnished,27871998.0
1004,4,3.0,30.0,2,Nagpur,Apartment,Unfurnished,5476566.0
3605,2,2.0,33.0,2,Thane,Apartment,Semi-Furnished,43547510.0
1074,1,3.0,4.0,2,Mumbai,Apartment,Unfurnished,20501650.0
3180,5,4.0,18.0,0,Mumbai,Villa,Furnished,62375817.0
3272,1,3.0,27.0,1,Pune,Apartment,Unfurnished,29593581.0
740,2,4.0,16.0,1,Mumbai,Apartment,Unfurnished,14808374.0
1191,1,4.0,26.0,1,Pune,Apartment,Furnished,12246875.0
3677,3,2.0,25.0,2,Thane,Villa,Unfurnished,47583239.0
2529,3,1.0,14.0,0,Pune,Apartment,Semi-Furnished,24188164.0
985,2,2.0,4.0,2,Nagpur,Villa,Semi-Furnished,7706383.0
4467,1,4.0,38.0,3,Pune,Apartment,Furnished,40568868.0
1559,1,4.0,33.0,2,Mumbai,Apartment,Unfurnished,28958104.0
516,5,3.0,35.0,1,Pune,Apartment,Unfurnished,6303345.0
4196,5,4.0,11.0,1,Mumbai,Independent House,Unfurnished,79500904.0
566,5,1.0,12.0,2,Nashik,Apartment,Furnished,6575055.0
2713,3,3.0,12.0,2,Nashik,Apartment,Furnished,17853621.0
4472,3,3.0,1.0,1,Thane,Independent House,Unfurnished,57088935.0
2811,4,3.0,6.0,0,Mumbai,Apartment,Unfurnished,52680335.0
2838,4,3.0,12.0,2,Nashik,Apartment,Unfurnished,18393838.0
2052,3,2.0,39.0,2,Thane,Apartment,Unfurnished,24647811.0
1007,2,3.0,8.0,0,Pune,Villa,Unfurnished,11706521.0
2790,3,3.0,20.0,2,Thane,Apartment,Furnished,35179120.0
4089,1,4.0,21.0,0,Thane,Independent House,Unfurnished,50361024.0
864,1,1.0,14.0,2,Thane,Villa,Furnished,14098376.0
4021,4,2.0,36.0,2,Nashik,Apartment,Unfurnished,22769692.0
2160,5,2.0,3.0,0,Nagpur,Apartment,Furnished,12699653.0
2644,1,1.0,34.0,2,Mumbai,Villa,,49380173.0
1161,1,2.0,29.0,0,Nashik,Independent House,Unfurnished,6592519.0
2987,1,2.0,12.0,1,Thane,Independent House,Furnished,39070720.0
1229,4,2.0,30.0,2,Pune,Apartment,Unfurnished,12704569.0
1592,2,2.0,17.0,1,Nagpur,Villa,Furnished,10122097.0
3386,2,3.0,38.0,3,Nashik,Villa,Furnished,21634747.0
702,1,3.0,1.0,3,Pune,Independent House,Furnished,9668128.0
2288,5,2.0,1.0,3,Nashik,Apartment,Furnished,16301773.0
2878,3,4.0,21.0,0,Nagpur,Villa,Unfurnished,16025829.0
1028,4,2.0,37.0,0,Nashik,Villa,Semi-Furnished,8772205.0
1679,4,3.0,2.0,0,Thane,Independent House,Semi-Furnished,24061232.0
1874,1,1.0,31.0,2,Mumbai,Villa,Semi-Furnished,35309732.0
3154,5,1.0,37.0,1,Thane,Independent House,Semi-Furnished,39185194.0
4406,3,2.0,19.0,2,Nashik,Apartment,Unfurnished,25193383.0
3844,4,2.0,34.0,1,Thane,Apartment,Semi-Furnished,47656312.0
1259,2,2.0,30.0,0,Pune,Apartment,,11127127.0
572,5,1.0,8.0,2,Mumbai,Independent House,Unfurnished,14333153.0
707,5,2.0,34.0,2,Thane,Apartment,Furnished,10631364.0
2882,3,3.0,27.0,2,Pune,Villa,Furnished,29935174.0
1125,1,3.0,0.0,1,Mumbai,Independent House,Semi-Furnished,22950387.0
1425,5,1.0,22.0,2,Nagpur,Independent House,Unfurnished,8643157.0
3889,5,2.0,26.0,3,Nagpur,Villa,Semi-Furnished,21988633.0
3995,3,3.0,32.0,2,Thane,Villa,Unfurnished,50330894.0
3856,3,3.0,30.0,3,Nagpur,Apartment,Semi-Furnished,18617136.0
1514,2,4.0,19.0,1,Thane,Apartment,Furnished,19228733.0
2978,1,2.0,11.0,0,Mumbai,Apartment,Unfurnished,54590209.0
2943,5,3.0,7.0,3,Nashik,Villa,Unfurnished,21179267.0
1240,3,4.0,3.0,1,Thane,Apartment,Unfurnished,17757956.0
2714,2,2.0,25.0,0,Nagpur,Apartment,Semi-Furnished,13142087.0
2601,4,4.0,38.0,0,Pune,Villa,Semi-Furnished,27106895.0
2084,1,2.0,3.0,1,Mumbai,Apartment,Unfurnished,38238135.0
3506,1,2.0,28.0,0,Nashik,Independent House,Furnished,20215395.0
3210,2,,23.0,2,Nagpur,Apartment,Semi-Furnished,16148212.0
2630,3,3.0,6.0,2,Nashik,Independent House,Unfurnished,17683589.0
3403,2,3.0,8.0,1,Nagpur,Apartment,Semi-Furnished,17033635.0
3552,1,1.0,11.0,0,Thane,Villa,Semi-Furnished,45408221.0
2767,2,1.0,27.0,0,Pune,Villa,Semi-Furnished,27141659.0
1570,2,4.0,11.0,3,Nashik,Apartment,Semi-Furnished,11312522.0
3533,3,4.0,33.0,1,Nashik,Apartment,Unfurnished,19851423.0
3370,3,4.0,14.0,0,Pune,Independent House,Unfurnished,33419927.0
4433,5,3.0,4.0,2,Mumbai,Apartment,Unfurnished,82951916.0
1099,5,4.0,3.0,3,Nashik,Villa,Unfurnished,11972692.0
2177,2,2.0,16.0,0,Thane,Apartment,Semi-Furnished,27659714.0
4196,5,1.0,16.0,3,Mumbai,Villa,Furnished,80876834.0
2558,3,1.0,29.0,2,Pune,Apartment,Semi-Furnished,23981993.0
4270,1,2.0,19.0,1,Mumbai,Apartment,Furnished,78359306.0
549,2,2.0,6.0,3,Thane,Apartment,Semi-Furnished,9227853.0
640,4,4.0,8.0,1,Nashik,Apartment,Unfurnished,6373030.0
3684,5,2.0,22.0,2,Mumbai,Apartment,Furnished,69413169.0
1933,2,3.0,13.0,0,Thane,Independent House,Unfurnished,25516332.0
2580,1,2.0,26.0,0,Pune,Villa,Unfurnished,24433433.0
2212,1,3.0,36.0,3,Mumbai,Independent House,Furnished,42437295.0
2131,1,3.0,14.0,3,Mumbai,Villa,Semi-Furnished,40941178.0
4257,4,1.0,22.0,0,Nagpur,Villa,Furnished,22921981.0
876,3,2.0,33.0,0,Thane,Apartment,Unfurnished,10529319.0
3588,3,1.0,8.0,2,Pune,Independent House,Furnished,35563599.0
4058,4,4.0,20.0,3,Nagpur,Apartment,Unfurnished,20738338.0
3129,5,3.0,12.0,2,Nagpur,Apartment,Semi-Furnished,16834036.0
2080,4,4.0,25.0,2,Thane,Independent House,Furnished,29838369.0
1140,1,4.0,29.0,1,Thane,Independent House,Semi-Furnished,14751553.0
3230,3,1.0,5.0,0,Nagpur,Apartment,Semi-Furnished,15956929.0
2375,5,3.0,7.0,3,Pune,Apartment,Furnished,25094442.0
1097,4,1.0,0.0,3,Mumbai,Villa,Furnished,25225324.0
1938,2,4.0,0.0,1,Thane,Villa,Unfurnished,27592545.0
4346,2,4.0,2.0,2,Nashik,Apartment,Unfurnished,26299703.0
1561,5,3.0,28.0,0,Nashik,Villa,Furnished,13648055.0
1213,1,4.0,36.0,1,Thane,Apartment,Semi-Furnished,14513729.0
3227,3,4.0,16.0,0,Thane,Apartment,Semi-Furnished,41070425.0
1298,1,4.0,35.0,1,Nagpur,Villa,Unfurnished,7384409.0
4179,5,1.0,29.0,0,Thane,Apartment,Unfurnished,51300633.0
3935,1,1.0,32.0,2,Pune,Villa,Furnished,38173906.0
4434,1,4.0,29.0,0,Nagpur,Apartment,Semi-Furnished,19691478.0
4150,2,2.0,7.0,2,Thane,Independent House,Furnished,54105954.0
1475,2,2.0,20.0,2,Pune,Apartment,Unfurnished,13969640.0
1348,3,1.0,21.0,3,Pune,Independent House,Unfurnished,13499018.0
1870,2,3.0,25.0,0,Nagpur,Villa,Semi-Furnished,10803219.0
2379,2,4.0,31.0,1,Nashik,Apartment,Furnished,14660537.0
4019,3,4.0,4.0,0,Pune,Independent House,Unfurnished,39009116.0
3433,3,3.0,26.0,2,Pune,Apartment,Semi-Furnished,31635448.0
3077,5,3.0,33.0,0,Mumbai,Apartment,Semi-Furnished,57279560.0
4013,3,3.0,4.0,2,Mumbai,Independent House,Unfurnished,75169213.0
3083,3,2.0,16.0,3,Thane,Independent House,Semi-Furnished,40379013.0
2016,4,3.0,35.0,2,Nagpur,Villa,Semi-Furnished,12051226.0
2152,1,4.0,0.0,0,Nagpur,Independent House,Unfurnished,13151688.0
2568,4,2.0,6.0,1,Pune,Apartment,Semi-Furnished,26023133.0
855,5,2.0,32.0,2,Mumbai,Apartment,Unfurnished,16988557.0
3466,2,3.0,6.0,1,Mumbai,Apartment,Semi-Furnished,64698406.0
3111,1,3.0,28.0,1,Thane,Apartment,Furnished,37492319.0
3424,2,1.0,36.0,3,Thane,Villa,Furnished,43554369.0
2635,2,2.0,19.0,3,Mumbai,Apartment,Semi-Furnished,49722359.0
3631,3,3.0,19.0,1,Thane,Apartment,Semi-Furnished,45257940.0
4299,5,3.0,17.0,1,Pune,Apartment,Semi-Furnished,41492728.0
2779,3,3.0,14.0,0,Mumbai,Apartment,Semi-Furnished,51712075.0
2277,1,4.0,15.0,1,Nagpur,Villa,Unfurnished,13585529.0
918,2,3.0,22.0,2,Mumbai,Apartment,Semi-Furnished,17823915.0
3614,4,3.0,35.0,2,Thane,Villa,Unfurnished,45764674.0
4115,2,2.0,39.0,1,Pune,Villa,Semi-Furnished,40125467.0
3297,3,2.0,34.0,0,Nagpur,Apartment,Semi-Furnished,14867739.0
3962,4,4.0,4.0,0,Pune,Independent House,Semi-Furnished,39714179.0
3944,2,2.0,12.0,0,Pune,Independent House,Semi-Furnished,37417193.0
3692,4,3.0,30.0,0,Mumbai,Apartment,Semi-Furnished,67690280.0
2511,2,1.0,21.0,0,Thane,Villa,Semi-Furnished,32055075.0
899,1,1.0,13.0,2,Nashik,Apartment,Furnished,6111504.0
512,2,1.0,12.0,3,Nashik,Apartment,Semi-Furnished,4848815.0
1317,3,1.0,4.0,3,Pune,Villa,Unfurnished,14737106.0
2224,1,3.0,13.0,2,Pune,Villa,Furnished,24293363.0
3474,5,3.0,16.0,1,Pune,Independent House,Unfurnished,35135779.0
2323,3,3.0,16.0,3,Thane,Villa,Unfurnished,31745077.0
592,1,2.0,21.0,0,Pune,Villa,Unfurnished,7084777.0
1341,5,3.0,10.0,2,Mumbai,Apartment,Semi-Furnished,27622488.0
4416,5,1.0,8.0,3,Nashik,Apartment,Semi-Furnished,28068536.0
4452,1,2.0,35.0,2,Nashik,Apartment,Semi-Furnished,23760397.0
2008,1,1.0,16.0,1,Mumbai,Apartment,Furnished,37551280.0
3719,2,1.0,10.0,2,Pune,Villa,Semi-Furnished,36445223.0
3377,3,1.0,25.0,3,Mumbai,Apartment,Unfurnished,62047586.0
4225,4,1.0,21.0,0,Nagpur,Apartment,Semi-Furnished,20236380.0
4050,3,2.0,23.0,2,Pune,Apartment,Semi-Furnished,38328091.0
3014,4,3.0,8.0,0,Nagpur,Apartment,Semi-Furnished,15516182.0
2078,1,3.0,28.0,0,Pune,Apartment,Semi-Furnished,18240342.0
3006,4,2.0,7.0,3,Thane,Apartment,Semi-Furnished,39011122.0
1776,5,1.0,33.0,1,Thane,Apartment,Semi-Furnished,23487989.0
1892,3,1.0,16.0,0,Pune,Apartment,Semi-Furnished,18569328.0
2934,3,3.0,16.0,1,Mumbai,Apartment,Furnished,55530102.0
2785,2,4.0,15.0,0,Mumbai,Independent House,Unfurnished,52667087.0
2823,5,2.0,16.0,3,Thane,Apartment,Unfurnished,36187361.0
2038,1,1.0,26.0,3,Nashik,Apartment,Semi-Furnished,11923837.0
2136,2,2.0,19.0,0,Nashik,Apartment,Furnished,12937147.0
540,1,1.0,5.0,0,Pune,Villa,Semi-Furnished,7468693.0
2907,5,1.0,22.0,3,Pune,Apartment,Semi-Furnished,28517568.0
2803,3,2.0,10.0,3,Nagpur,Apartment,Furnished,15258013.0
4241,5,4.0,4.0,3,Nashik,Independent House,Semi-Furnished,28385777.0
2517,4,3.0,,2,Thane,Independent House,Semi-Furnished,32849449.0
2370,3,4.0,12.0,3,Thane,Apartment,Semi-Furnished,30911551.0
770,3,2.0,23.0,1,Nashik,Apartment,Semi-Furnished,5551729.0
1286,2,2.0,6.0,3,Nashik,Apartment,Semi-Furnished,9282870.0
1852,3,2.0,13.0,3,Thane,Apartment,Furnished,24469061.0
2008,4,1.0,15.0,0,Thane,Apartment,Unfurnished,25583855.0
1950,5,2.0,5.0,0,Thane,Villa,Unfurnished,27477844.0
2076,3,2.0,38.0,2,Thane,Apartment,Semi-Furnished,25811192.0
3575,5,2.0,12.0,3,Mumbai,Apartment,Semi-Furnished,67240616.0
1024,5,1.0,23.0,3,Nagpur,Apartment,Semi-Furnished,7470723.0
1829,3,3.0,22.0,0,Nagpur,Apartment,Furnished,10660752.0
1151,3,4.0,17.0,1,Pune,Apartment,Semi-Furnished,12066775.0
1731,1,4.0,23.0,3,Nashik,Apartment,Furnished,11596750.0
3238,2,1.0,22.0,0,Mumbai,Apartment,Unfurnished,58984822.0
687,5,1.0,3.0,2,Mumbai,Apartment,Unfurnished,14649320.0
1857,1,4.0,26.0,1,Pune,Apartment,Semi-Furnished,17151971.0
594,2,4.0,4.0,0,Nagpur,Villa,Furnished,7503777.0
4319,4,3.0,17.0,0,Nagpur,Apartment,Unfurnished,20547270.0
3409,2,2.0,14.0,2,Nashik,Apartment,Unfurnished,19459619.0
1474,5,3.0,17.0,3,Pune,Independent House,Semi-Furnished,16999401.0
1292,4,3.0,2.0,0,Nashik,Villa,Semi-Furnished,12192368.0
895,1,4.0,28.0,1,Pune,Apartment,Semi-Furnished,8473407.0
2391,2,3.0,16.0,0,Mumbai,Apartment,Furnished,44759928.0
3514,4,1.0,2.0,2,Mumbai,Apartment,Unfurnished,65225254.0
2836,5,3.0,0.0,3,Thane,Apartment,Semi-Furnished,38588831.0
4024,5,4.0,21.0,3,Mumbai,Independent House,Unfurnished,75785276.0
1875,5,2.0,26.0,1,Nashik,Apartment,Unfurnished,11309080.0
1612,1,1.0,21.0,1,Thane,Apartment,Semi-Furnished,19022943.0
2412,4,1.0,28.0,1,Mumbai,Apartment,Semi-Furnished,45058147.0
1308,1,4.0,30.0,3,Thane,Apartment,Semi-Furnished,17030639.0
4402,1,2.0,34.0,1,Pune,Apartment,Semi-Furnished,40109850.0
1243,4,3.0,39.0,0,Mumbai,Apartment,Furnished,23406562.0
2415,3,4.0,35.0,3,Pune,Apartment,Unfurnished,22770955.0
2588,4,1.0,31.0,0,Nashik,Independent House,Semi-Furnished,17326285.0
728,5,1.0,17.0,3,Thane,Villa,Semi-Furnished,13089958.0
2373,1,4.0,20.0,0,Nagpur,Independent House,Unfurnished,11874966.0
2318,3,3.0,24.0,2,Nashik,Independent House,Semi-Furnished,15499546.0
1537,5,1.0,6.0,1,Pune,Independent House,Unfurnished,17451478.0
1011,3,3.0,27.0,2,Thane,Independent House,Unfurnished,14472955.0
680,3,1.0,23.0,1,Mumbai,Apartment,Unfurnished,12593506.0
534,3,4.0,20.0,1,Pune,Apartment,Unfurnished,6072734.0
2425,5,4.0,33.0,1,Thane,Apartment,Furnished,31746593.0
859,1,4.0,27.0,3,Mumbai,Villa,Furnished,18573461.0
4337,5,2.0,37.0,0,Mumbai,Villa,Semi-Furnished,80710357.0
1478,5,2.0,39.0,0,Pune,Apartment,Semi-Furnished,15415578.0
3110,5,4.0,33.0,0,Pune,Independent House,Furnished,31406884.0
3193,3,3.0,11.0,2,Thane,Villa,Semi-Furnished,42368391.0
2482,3,3.0,7.0,2,Mumbai,Villa,Semi-Furnished,48942411.0
4034,2,1.0,11.0,2,Thane,Apartment,Semi-Furnished,49831770.0
942,2,3.0,28.0,0,Pune,Apartment,Furnished,9923642.0
1436,5,3.0,34.0,3,Nashik,Apartment,Furnished,10528664.0
1509,3,2.0,35.0,3,Nagpur,Apartment,Unfurnished,7943209.0
1041,4,4.0,27.0,3,Nashik,Villa,Semi-Furnished,10284517.0
1679,1,1.0,27.0,3,Nashik,Apartment,Unfurnished,9038596.0
1750,4,3.0,38.0,1,Nashik,Apartment,Unfurnished,10155194.0
3559,4,4.0,27.0,2,Nagpur,Apartment,Semi-Furnished,18813717.0
1706,5,3.0,5.0,1,Thane,Apartment,Semi-Furnished,23829081.0
4006,1,1.0,20.0,2,Mumbai,Apartment,Unfurnished,71608762.0
3590,3,3.0,14.0,1,Mumbai,Independent House,Semi-Furnished,68159479.0
4106,3,3.0,25.0,2,Nashik,Apartment,Semi-Furnished,23966152.0
920,3,3.0,25.0,3,Mumbai,Independent House,Unfurnished,19340825.0
4438,1,2.0,11.0,2,Pune,Apartment,Furnished,40570580.0
2955,3,3.0,11.0,3,Thane,Apartment,Semi-Furnished,37884102.0
4429,2,2.0,3.0,3,Pune,Independent House,Semi-Furnished,43672986.0
1919,4,3.0,11.0,0,Pune,Villa,Unfurnished,21073309.0
4311,2,3.0,33.0,3,Nashik,Villa,Furnished,27319661.0
2854,3,3.0,26.0,3,Pune,Villa,Furnished,29420131.0
787,4,4.0,37.0,1,Pune,Apartment,Unfurnished,8369467.0
2140,1,4.0,37.0,2,Pune,Villa,Semi-Furnished,21521689.0
1051,4,4.0,34.0,2,Pune,Apartment,Furnished,12028500.0
4265,4,4.0,7.0,3,Mumbai,Villa,Unfurnished,82477676.0
1717,1,4.0,13.0,3,Thane,Independent House,Semi-Furnished,24031065.0
1389,1,1.0,2.0,0,Mumbai,Independent House,Furnished,27958397.0
2711,5,2.0,3.0,0,Mumbai,Villa,Semi-Furnished,54060079.0
2200,2,3.0,9.0,0,Nashik,Villa,Furnished,15690880.0
887,5,2.0,11.0,2,Mumbai,Apartment,Unfurnished,18313947.0
3765,3,3.0,0.0,3,Mumbai,Apartment,Furnished,70720338.0
3883,2,1.0,33.0,2,Mumbai,Independent House,Furnished,71182687.0
3471,2,1.0,21.0,0,Mumbai,Villa,Unfurnished,63979060.0
2967,4,3.0,26.0,2,Mumbai,Apartment,Semi-Furnished,55502894.0
2110,1,4.0,26.0,1,Pune,Villa,Semi-Furnished,21068746.0
2669,3,2.0,38.0,1,Thane,Apartment,Furnished,33140373.0
2583,2,2.0,5.0,3,Thane,Independent House,Unfurnished,33616687.0
1161,1,3.0,13.0,1,Thane,Independent House,Semi-Furnished,15651597.0
827,2,2.0,12.0,2,Pune,Apartment,Furnished,10289514.0
1513,3,1.0,22.0,0,Nagpur,Apartment,Semi-Furnished,7212463.0
2317,4,3.0,21.0,1,Nashik,Villa,Semi-Furnished,17226296.0
1141,1,4.0,31.0,2,Pune,Apartment,Semi-Furnished,10014576.0
926,5,3.0,22.0,2,Thane,Independent House,Furnished,15307995.0
3907,5,4.0,9.0,3,Nagpur,Apartment,Unfurnished,20382569.0
1999,4,3.0,22.0,1,Pune,Apartment,Furnished,20326495.0
2836,5,4.0,38.0,3,Thane,Apartment,Semi-Furnished,37236570.0
2596,3,1.0,23.0,3,Pune,Villa,Furnished,26997865.0
3440,5,1.0,23.0,1,Mumbai,Apartment,Unfurnished,62952953.0
3459,4,1.0,7.0,0,Pune,Independent House,Semi-Furnished,34550436.0
1684,3,4.0,0.0,1,Pune,Independent House,Furnished,19525914.0
3891,1,3.0,8.0,2,Thane,Villa,Furnished,50719821.0
1985,3,1.0,1.0,3,Nashik,Apartment,Unfurnished,12595995.0
3840,5,4.0,18.0,2,Pune,Apartment,Semi-Furnished,37380653.0
2119,5,2.0,35.0,2,Nagpur,Independent House,Unfurnished,11541044.0
943,3,3.0,17.0,0,Thane,Apartment,Unfurnished,12925295.0
3540,2,1.0,25.0,2,Thane,Independent House,Semi-Furnished,44137927.0
620,4,1.0,34.0,3,Thane,Independent House,Furnished,9858283.0
3589,1,2.0,30.0,1,Thane,Villa,Semi-Furnished,45070819.0
672,1,1.0,26.0,3,Nashik,Villa,Unfurnished,5471766.0
1327,3,3.0,31.0,0,Mumbai,Independent House,Unfurnished,25694121.0
2913,5,1.0,11.0,3,Thane,Villa,Semi-Furnished,39529189.0
4266,2,1.0,16.0,3,Pune,Villa,Unfurnished,41049093.0
2133,3,3.0,15.0,2,Pune,Apartment,Furnished,22096755.0
982,2,2.0,31.0,2,Mumbai,Apartment,Unfurnished,17431791.0
1431,3,3.0,16.0,3,Pune,Apartment,Unfurnished,15117800.0
4084,1,3.0,37.0,1,Nashik,Independent House,Semi-Furnished,23499400.0
3406,3,4.0,7.0,0,Thane,Villa,Unfurnished,44176544.0
901,3,4.0,6.0,3,Mumbai,Villa,Semi-Furnished,20609210.0
2039,2,1.0,28.0,0,Nashik,Apartment,Semi-Furnished,11419771.0
1558,2,3.0,30.0,2,Mumbai,Independent House,Unfurnished,29306398.0
1211,4,3.0,27.0,1,Nagpur,Apartment,Semi-Furnished,7669073.0
3885,1,3.0,12.0,3,Pune,Villa,Semi-Furnished,38275962.0
2970,1,4.0,0.0,3,Pune,Apartment,Semi-Furnished,29356371.0
1217,1,1.0,12.0,1,Nashik,Independent House,Unfurnished,7591620.0
3102,5,2.0,18.0,2,Nashik,Villa,Semi-Furnished,21560652.0
2154,2,4.0,16.0,1,Mumbai,Apartment,Semi-Furnished,41143991.0
745,1,4.0,36.0,1,Mumbai,Apartment,Unfurnished,13173342.0
2299,5,1.0,34.0,3,Pune,Apartment,Unfurnished,21782166.0
1240,1,2.0,31.0,1,Nagpur,Apartment,Unfurnished,4771288.0
1481,2,2.0,0.0,3,Mumbai,Apartment,Unfurnished,28589553.0
4015,1,1.0,5.0,2,Mumbai,Apartment,Unfurnished,73714192.0
3340,4,1.0,17.0,3,Thane,Apartment,Furnished,42206383.0
1036,4,3.0,24.0,2,Nagpur,Apartment,Semi-Furnished,6849537.0
3905,4,3.0,27.0,3,Pune,Villa,Semi-Furnished,38413758.0
2797,2,3.0,11.0,1,Nagpur,Apartment,Unfurnished,13681810.0
3998,2,2.0,4.0,1,Pune,Apartment,Unfurnished,37480246.0
3488,5,4.0,13.0,1,Pune,Independent House,Furnished,35460831.0
1857,5,3.0,31.0,0,Nagpur,Apartment,Semi-Furnished,10106336.0
2639,1,4.0,39.0,0,Pune,Villa,Furnished,26181734.0
2623,4,2.0,37.0,1,Pune,Independent House,Unfurnished,25296012.0
3379,5,1.0,23.0,3,Thane,Villa,Unfurnished,44390531.0
1493,3,2.0,3.0,3,Nagpur,Apartment,Semi-Furnished,9019932.0
1832,4,3.0,38.0,2,Thane,Apartment,Semi-Furnished,23624548.0
1479,1,2.0,6.0,1,Thane,Independent House,Unfurnished,19307996.0
1684,1,,10.0,2,Mumbai,Independent House,Semi-Furnished,33443313.0
1145,1,1.0,38.0,3,Nashik,Apartment,Unfurnished,4597707.0
646,1,3.0,20.0,0,Mumbai,Villa,Furnished,14497676.0
4260,5,2.0,7.0,3,Nagpur,Independent House,Furnished,24154495.0
797,4,1.0,20.0,3,Mumbai,Independent House,Semi-Furnished,18043244.0
4051,4,3.0,3.0,3,Pune,Apartment,Semi-Furnished,39938059.0
512,2,4.0,12.0,0,Pune,Apartment,Furnished,6992729.0
3609,5,3.0,38.0,3,Nagpur,Apartment,Semi-Furnished,18549471.0
1813,1,1.0,11.0,2,Pune,Apartment,Furnished,18390889.0
2570,5,1.0,35.0,2,Nashik,Villa,Semi-Furnished,17373148.0
1628,1,2.0,21.0,0,Thane,Apartment,Furnished,19804605.0
2462,1,3.0,26.0,1,Nagpur,Apartment,Unfurnished,10441454.0
2306,1,2.0,28.0,1,Mumbai,Apartment,Semi-Furnished,42036888.0
2618,4,2.0,22.0,3,Pune,Independent House,Furnished,27402443.0
2073,2,4.0,1.0,1,Thane,Independent House,Furnished,28790646.0
2646,3,1.0,36.0,0,Nashik,Independent House,Furnished,16089257.0
3801,3,1.0,19.0,3,Mumbai,Independent House,Semi-Furnished,71189375.0
2238,4,1.0,26.0,0,Thane,Independent House,Semi-Furnished,29200375.0
1945,2,4.0,22.0,3,Pune,Apartment,Unfurnished,19060923.0
1027,1,2.0,26.0,3,Mumbai,Apartment,Semi-Furnished,18677100.0
1938,2,1.0,14.0,1,Pune,Independent House,Unfurnished,18278062.0
1002,2,2.0,33.0,2,Pune,Villa,Semi-Furnished,11016913.0
1230,4,4.0,8.0,3,Mumbai,Apartment,Furnished,25471992.0
4308,4,3.0,26.0,2,Nagpur,Independent House,Furnished,22364683.0
857,1,1.0,23.0,2,Mumbai,Apartment,Semi-Furnished,16542381.0
2428,4,1.0,20.0,0,Nagpur,Independent House,Unfurnished,11955849.0
3837,1,1.0,0.0,2,Thane,Apartment,Semi-Furnished,47815367.0
4312,4,4.0,15.0,2,Thane,Apartment,Unfurnished,54562149.0
1086,2,1.0,1.0,2,Pune,Independent House,Unfurnished,12678359.0
1154,2,2.0,20.0,3,Nagpur,Villa,Furnished,9057754.0
1990,3,2.0,27.0,3,Pune,Villa,Semi-Furnished,21843959.0
2717,2,3.0,20.0,2,Nagpur,Villa,Unfurnished,15839030.0
4339,4,3.0,30.0,1,Mumbai,Apartment,Semi-Furnished,79695996.0
1330,5,,14.0,1,Nagpur,Apartment,Unfurnished,8916362.0
1157,5,2.0,12.0,0,Pune,Apartment,Semi-Furnished,13637107.0
1512,3,2.0,17.0,2,Nashik,Apartment,Unfurnished,9288118.0
3997,3,2.0,9.0,1,Pune,Apartment,Unfurnished,37442791.0
620,3,1.0,32.0,3,Pune,Apartment,Semi-Furnished,6338380.0
2020,4,3.0,32.0,3,Nashik,Apartment,Semi-Furnished,13307440.0
975,3,3.0,16.0,3,Mumbai,Apartment,Semi-Furnished,19035855.0
1128,3,2.0,31.0,3,Nagpur,Apartment,Furnished,7562482.0
4167,3,4.0,1.0,1,Nagpur,Apartment,Furnished,22471708.0
506,2,1.0,6.0,1,Nashik,Independent House,Furnished,6078474.0
1786,3,4.0,11.0,2,Nagpur,Independent House,Furnished,11133509.0
4161,4,3.0,15.0,1,Nagpur,Independent House,Furnished,22236437.0
2932,3,1.0,9.0,1,Thane,Apartment,Furnished,38184711.0
787,5,3.0,20.0,2,Pune,Villa,Unfurnished,11163167.0
2360,5,4.0,31.0,1,Nashik,Apartment,Unfurnished,14084171.0
4383,3,2.0,18.0,3,Nagpur,Apartment,Semi-Furnished,21813230.0
2101,5,2.0,17.0,0,Pune,Independent House,Furnished,23114621.0
2614,1,4.0,2.0,1,Pune,Apartment,Furnished,26295172.0
2627,5,1.0,11.0,2,Pune,Independent House,Semi-Furnished,27385318.0
3141,2,1.0,32.0,3,Nashik,Villa,Furnished,20676504.0
1248,3,3.0,32.0,2,Mumbai,Apartment,Semi-Furnished,23508095.0
3858,2,4.0,4.0,0,Nagpur,Apartment,Semi-Furnished,19804040.0
4454,3,3.0,0.0,1,Nashik,Independent House,Unfurnished,27837758.0
1070,2,1.0,33.0,3,Nagpur,Apartment,Semi-Furnished,5295111.0
3773,4,3.0,6.0,1,Pune,Apartment,Unfurnished,36216451.0
3767,1,2.0,22.0,1,Nagpur,Apartment,Unfurnished,16826883.0
3466,5,4.0,33.0,0,Nagpur,Independent House,Semi-Furnished,18711514.0
1983,5,3.0,31.0,2,Pune,Apartment,Unfurnished,19525276.0
2375,3,2.0,22.0,0,Pune,Independent House,Furnished,24454881.0
3856,3,3.0,15.0,1,Mumbai,Villa,Semi-Furnished,72996807.0
1111,4,3.0,30.0,2,Thane,Apartment,Semi-Furnished,15947731.0
3814,1,3.0,27.0,3,Mumbai,Apartment,Unfurnished,68780699.0
4182,4,2.0,33.0,0,Pune,Villa,Furnished,41502036.0
3227,2,3.0,20.0,1,Pune,Apartment,Semi-Furnished,30806448.0
1865,4,1.0,37.0,0,Pune,Apartment,Semi-Furnished,17559638.0
2736,2,2.0,30.0,1,Mumbai,Apartment,Semi-Furnished,49862542.0
700,4,2.0,2.0,3,Nagpur,Independent House,Semi-Furnished,7061965.0
4227,4,3.0,11.0,1,Mumbai,Villa,Semi-Furnished,80333318.0
1869,2,4.0,31.0,1,Thane,Apartment,Semi-Furnished,23556903.0
728,4,4.0,4.0,1,Pune,Apartment,Furnished,10311689.0
3677,3,2.0,28.0,3,Mumbai,Apartment,Semi-Furnished,68208388.0
3130,2,3.0,13.0,2,Nagpur,Villa,Furnished,18040435.0
2990,3,1.0,8.0,2,Nagpur,Apartment,Semi-Furnished,15337671.0
716,5,2.0,21.0,3,Thane,Independent House,Unfurnished,11082871.0
3503,1,3.0,37.0,2,Pune,Independent House,Semi-Furnished,33026588.0
3049,5,3.0,35.0,2,Nashik,Apartment,Semi-Furnished,19128448.0
3674,5,4.0,16.0,2,Nagpur,Independent House,Semi-Furnished,21282687.0
3809,3,2.0,0.0,2,Pune,Villa,Furnished,39756046.0
1347,4,4.0,35.0,0,Thane,Villa,Semi-Furnished,19869026.0
1342,2,4.0,35.0,1,Mumbai,Apartment,Furnished,25860002.0
4195,1,3.0,24.0,3,Pune,Independent House,Unfurnished,39569531.0
2624,3,1.0,25.0,0,Nagpur,Apartment,Semi-Furnished,13001842.0
2251,5,2.0,21.0,3,Nagpur,Independent House,Unfurnished,12540617.0
1648,2,4.0,0.0,2,Thane,Apartment,Semi-Furnished,22041094.0
3056,4,3.0,6.0,1,Thane,Apartment,Semi-Furnished,39033563.0
3515,4,4.0,5.0,0,Pune,Independent House,Semi-Furnished,36256578.0
509,4,4.0,36.0,3,Nashik,Apartment,Semi-Furnished,4487168.0
2710,2,1.0,1.0,0,Thane,Apartment,Unfurnished,33339712.0
4473,2,4.0,22.0,2,Pune,Independent House,Unfurnished,42419996.0
1622,3,2.0,14.0,0,Mumbai,Apartment,Semi-Furnished,30286344.0
1623,5,4.0,0.0,3,Thane,Independent House,Unfurnished,24437245.0
4012,5,3.0,36.0,0,Pune,Independent House,Semi-Furnished,37849324.0
748,3,2.0,0.0,3,Thane,Apartment,Semi-Furnished,11336130.0
2090,5,1.0,34.0,2,Mumbai,Apartment,Furnished,39869467.0
2333,3,1.0,31.0,0,Thane,Independent House,Furnished,29487264.0
3691,2,3.0,31.0,2,Nashik,Independent House,Semi-Furnished,22845101.0
1016,1,3.0,6.0,3,Nagpur,Apartment,Furnished,7032826.0
2236,4,3.0,35.0,0,Nagpur,Villa,Furnished,14171432.0
1109,4,1.0,23.0,3,Pune,Villa,Unfurnished,13382062.0
3650,5,3.0,16.0,3,Nashik,Apartment,Furnished,23809632.0
3029,4,1.0,27.0,2,Thane,Villa,Semi-Furnished,39259547.0
2486,1,1.0,13.0,1,Thane,Apartment,Semi-Furnished,30980116.0
2071,3,2.0,11.0,0,Thane,Apartment,Semi-Furnished,26850565.0
1112,4,3.0,11.0,1,Nashik,Apartment,Furnished,10234092.0
4187,3,3.0,22.0,3,Nashik,Independent House,Furnished,26941280.0
3090,3,4.0,24.0,2,Nashik,Apartment,Furnished,19326169.0
1776,5,4.0,9.0,2,Nashik,Apartment,Semi-Furnished,13558240.0
2155,4,2.0,9.0,3,Nashik,Apartment,Furnished,15432462.0
3404,4,4.0,37.0,1,Pune,Apartment,Semi-Furnished,32789331.0
3378,3,1.0,20.0,0,Pune,Independent House,Furnished,33596841.0
2344,2,4.0,34.0,3,Nashik,Apartment,Furnished,14559111.0
1711,3,2.0,13.0,2,Mumbai,Apartment,Unfurnished,31811016.0
3139,5,4.0,11.0,2,Mumbai,Independent House,Semi-Furnished,60227773.0
3132,4,4.0,11.0,2,Pune,Apartment,Furnished,31285203.0
2898,4,3.0,21.0,3,Thane,Apartment,Furnished,37549701.0
791,1,4.0,31.0,3,Thane,Independent House,Furnished,12608951.0
2391,5,1.0,20.0,2,Nashik,Villa,Semi-Furnished,17994277.0
2955,2,1.0,11.0,3,Thane,Apartment,Unfurnished,37032072.0
4300,5,3.0,38.0,1,Thane,Villa,Semi-Furnished,55733679.0
2602,3,3.0,22.0,2,Pune,Villa,Semi-Furnished,26759673.0
1870,5,1.0,15.0,3,Pune,Villa,Furnished,21238108.0
2723,5,3.0,0.0,0,Pune,Apartment,Semi-Furnished,27554062.0
1208,4,1.0,22.0,2,Pune,Independent House,Semi-Furnished,12766332.0
862,5,4.0,24.0,2,Nashik,Apartment,Semi-Furnished,7149720.0
3212,4,1.0,37.0,2,Pune,Villa,Furnished,32040324.0
4444,5,2.0,9.0,3,Thane,Independent House,Semi-Furnished,57743017.0
3884,1,4.0,6.0,1,Nashik,Independent House,Unfurnished,23752956.0
2834,1,3.0,39.0,0,Mumbai,Villa,Semi-Furnished,52251664.0
661,3,3.0,22.0,0,Thane,Apartment,Semi-Furnished,9688027.0
4451,5,3.0,1.0,3,Thane,Apartment,Semi-Furnished,57100302.0
2298,4,4.0,4.0,2,Nagpur,Apartment,Semi-Furnished,13805520.0
1658,3,2.0,19.0,2,Nagpur,Apartment,Unfurnished,8221508.0
4069,3,4.0,24.0,1,Thane,Villa,Semi-Furnished,52947900.0
3485,4,3.0,9.0,1,Nashik,Villa,Semi-Furnished,23756876.0
3498,5,4.0,14.0,3,Thane,Apartment,Semi-Furnished,45871471.0
1611,5,3.0,29.0,2,Pune,Apartment,Semi-Furnished,16361713.0
4467,1,1.0,38.0,3,Nashik,Independent House,Semi-Furnished,25486991.0
2311,3,3.0,19.0,3,Nashik,Apartment,Unfurnished,14658050.0
2625,2,4.0,16.0,3,Pune,Apartment,Unfurnished,24345260.0
3503,4,1.0,14.0,2,Pune,Apartment,Furnished,34762644.0
3139,3,4.0,5.0,0,Pune,Apartment,Furnished,30788759.0
1189,5,1.0,2.0,2,Pune,Villa,Unfurnished,15355905.0
1709,3,4.0,33.0,2,Pune,Apartment,Unfurnished,17245466.0
1944,4,4.0,1.0,2,Mumbai,Apartment,Furnished,39531706.0
4290,1,1.0,32.0,0,Thane,Apartment,Unfurnished,49909528.0
3358,5,3.0,9.0,3,Nashik,Apartment,Furnished,22478884.0
1965,1,1.0,27.0,3,Nagpur,Apartment,Furnished,10287543.0
3438,2,3.0,38.0,1,Pune,Apartment,Unfurnished,30504451.0
3454,5,4.0,29.0,1,Thane,Independent House,Unfurnished,44266054.0
2076,5,1.0,29.0,0,Pune,Independent House,Furnished,21559453.0
2112,3,1.0,10.0,3,Mumbai,Apartment,Unfurnished,39912518.0
4077,3,2.0,23.0,0,Nashik,Apartment,Semi-Furnished,22931854.0
2747,1,2.0,25.0,1,Thane,Villa,Unfurnished,34925750.0
1098,5,1.0,17.0,1,Thane,Apartment,Semi-Furnished,15225740.0
3379,1,2.0,1.0,1,Nagpur,Apartment,Furnished,17280398.0
2858,1,2.0,36.0,2,Nagpur,Apartment,Semi-Furnished,12769808.0
2535,3,1.0,7.0,3,Nashik,Apartment,Unfurnished,16002395.0
3400,1,2.0,38.0,3,Nagpur,Independent House,Semi-Furnished,16380532.0
4128,1,1.0,37.0,2,Pune,Apartment,Semi-Furnished,37510195.0
1821,4,4.0,0.0,0,Pune,Independent House,Unfurnished,20634243.0
2177,4,4.0,29.0,3,Thane,Independent House,Furnished,29656105.0
1257,2,2.0,25.0,1,Thane,Independent House,Semi-Furnished,17528384.0
3088,4,4.0,9.0,3,Mumbai,Villa,Unfurnished,60417733.0
2110,4,2.0,32.0,1,Pune,Independent House,Furnished,21946448.0
1869,2,4.0,4.0,2,Pune,Apartment,Semi-Furnished,19762694.0
3286,4,1.0,9.0,1,Mumbai,Independent House,Unfurnished,61459483.0
2132,3,2.0,37.0,1,Pune,Apartment,Unfurnished,18747253.0
2357,5,3.0,29.0,0,Nashik,Villa,Semi-Furnished,16824724.0
2260,1,1.0,4.0,2,Pune,Villa,Semi-Furnished,23227164.0
1534,2,4.0,5.0,1,Pune,Apartment,Unfurnished,16569173.0
1003,2,,10.0,3,Pune,Apartment,Furnished,11123055.0
3808,2,2.0,2.0,1,Nagpur,Apartment,Semi-Furnished,19134111.0
866,5,2.0,7.0,3,Mumbai,Apartment,Unfurnished,18614384.0
1799,4,4.0,22.0,1,Mumbai,Apartment,Semi-Furnished,35316073.0
3169,3,1.0,0.0,1,Nagpur,Apartment,Semi-Furnished,16092948.0
1025,3,4.0,11.0,0,Nagpur,Apartment,Semi-Furnished,6187071.0
3122,5,4.0,12.0,2,Mumbai,Apartment,Furnished,60833496.0
3432,3,4.0,38.0,0,Nagpur,Apartment,Unfurnished,15930233.0
3151,2,4.0,38.0,1,Pune,Apartment,Unfurnished,28903384.0
1720,1,4.0,33.0,3,Nashik,Apartment,Unfurnished,10185514.0
579,2,3.0,13.0,2,Mumbai,Apartment,Semi-Furnished,12745504.0
4049,4,2.0,21.0,2,Thane,Apartment,Semi-Furnished,50527961.0
1806,3,2.0,20.0,3,Thane,Independent House,Unfurnished,23769979.0
3720,3,4.0,34.0,3,Nagpur,Apartment,Semi-Furnished,17531684.0
1291,3,2.0,29.0,3,Thane,Apartment,Furnished,16984294.0
1149,5,3.0,36.0,2,Pune,Apartment,Furnished,12928968.0
3612,5,1.0,22.0,1,Nagpur,Independent House,Semi-Furnished,19018372.0
4258,1,2.0,36.0,0,Pune,Apartment,Semi-Furnished,37458595.0
3942,1,2.0,29.0,1,Pune,Apartment,Semi-Furnished,35680690.0
3504,2,2.0,29.0,2,Nashik,Apartment,Semi-Furnished,20686324.0
1486,5,,26.0,1,Nagpur,Apartment,Semi-Furnished,9041793.0
4152,3,3.0,,2,Nagpur,Apartment,Semi-Furnished,20484231.0
3171,5,2.0,24.0,0,Thane,Independent House,Unfurnished,41174591.0
1188,4,1.0,14.0,0,Nashik,Independent House,Semi-Furnished,9035647.0
1017,3,3.0,25.0,1,Thane,Apartment,Semi-Furnished,14399717.0
3984,2,1.0,10.0,0,Thane,Apartment,Unfurnished,48339590.0
1600,2,4.0,31.0,3,Thane,Apartment,Unfurnished,20136409.0
3563,1,4.0,22.0,1,Pune,Independent House,Furnished,35299402.0
1054,3,1.0,28.0,1,Nashik,Independent House,Unfurnished,6568826.0
1622,2,2.0,8.0,1,Nagpur,Apartment,Semi-Furnished,8506453.0
1634,2,1.0,31.0,1,Thane,Apartment,Unfurnished,19241053.0
1624,1,2.0,32.0,3,Pune,Apartment,Unfurnished,14443014.0
3198,4,1.0,5.0,2,Mumbai,Independent House,Furnished,62912931.0
4157,5,4.0,14.0,0,Mumbai,Apartment,Unfurnished,76976372.0
4141,3,1.0,27.0,0,Pune,Apartment,Unfurnished,36932089.0
3466,3,3.0,34.0,0,Thane,Apartment,Furnished,42570874.0
1310,5,3.0,29.0,1,Pune,Apartment,Semi-Furnished,14124460.0
4342,3,1.0,18.0,2,Mumbai,Independent House,Semi-Furnished,80937416.0
2668,4,4.0,11.0,3,Nagpur,Apartment,Semi-Furnished,14977811.0
2683,3,1.0,36.0,1,Mumbai,Apartment,Unfurnished,48283466.0
3305,3,4.0,34.0,0,Pune,Villa,Semi-Furnished,33570341.0
3576,3,3.0,35.0,0,Nashik,Villa,Semi-Furnished,22333826.0
4311,4,3.0,12.0,1,Nashik,Villa,Unfurnished,27784946.0
2829,4,4.0,17.0,1,Thane,Independent House,Unfurnished,37928045.0
2940,3,2.0,9.0,2,Nagpur,Apartment,Semi-Furnished,15175888.0
3482,1,2.0,38.0,0,Thane,Apartment,Unfurnished,40490466.0
1520,5,1.0,34.0,0,Pune,Apartment,Unfurnished,14268643.0
1730,5,4.0,6.0,2,Nagpur,Villa,Semi-Furnished,13157440.0
3001,1,2.0,9.0,1,Nashik,Independent House,Semi-Furnished,17866044.0
756,2,4.0,22.0,1,Nagpur,Apartment,Semi-Furnished,4944097.0
1781,5,2.0,16.0,0,Mumbai,Villa,Unfurnished,35905624.0
3371,2,4.0,18.0,0,Pune,Villa,Semi-Furnished,33555364.0
4404,5,4.0,14.0,1,Pune,Independent House,Furnished,44477362.0
2577,4,2.0,26.0,1,Thane,Apartment,Semi-Furnished,32720149.0
2098,5,2.0,35.0,3,Thane,Apartment,Furnished,27123732.0
2261,1,4.0,36.0,3,Pune,Villa,Semi-Furnished,22968888.0
3241,3,1.0,18.0,1,Nashik,Independent House,Unfurnished,19956830.0
2677,3,1.0,33.0,1,Nagpur,Villa,Semi-Furnished,13757804.0
592,5,2.0,27.0,1,Nashik,Independent House,Semi-Furnished,6994402.0
2656,2,3.0,7.0,2,Mumbai,Apartment,Furnished,49911892.0
2100,2,1.0,31.0,1,Thane,Villa,Semi-Furnished,26767793.0
3303,1,,14.0,3,Nashik,Apartment,Semi-Furnished,19547380.0
4000,4,4.0,25.0,3,Nagpur,Apartment,Furnished,21330614.0
4349,5,1.0,28.0,1,Nagpur,Apartment,Unfurnished,21200452.0
2940,1,1.0,37.0,0,Nagpur,Apartment,Semi-Furnished,12832447.0
1950,2,2.0,37.0,0,Pune,Apartment,Semi-Furnished,17366134.0
2275,2,1.0,32.0,3,Thane,Villa,Furnished,30238853.0
1205,5,1.0,20.0,1,Pune,Independent House,Unfurnished,13382498.0
4243,3,1.0,16.0,1,Thane,Apartment,Semi-Furnished,52474417.0
3889,2,1.0,17.0,2,Thane,Apartment,Semi-Furnished,47858805.0
3915,2,4.0,38.0,3,Nagpur,Apartment,Furnished,18930291.0
1812,3,1.0,8.0,1,Nashik,Apartment,Furnished,12189752.0
1788,2,3.0,20.0,1,Pune,Apartment,Furnished,17088508.0
3926,1,3.0,27.0,3,Mumbai,Apartment,Unfurnished,71431559.0
2678,5,3.0,0.0,0,Nashik,Independent House,Semi-Furnished,19362901.0
3318,3,3.0,25.0,3,Pune,Apartment,Furnished,31213994.0
2459,2,2.0,10.0,2,Pune,Villa,Semi-Furnished,26047922.0
2271,4,4.0,11.0,0,Thane,Villa,Furnished,32278137.0
3028,4,1.0,24.0,0,Mumbai,Apartment,Furnished,55932430.0
3751,1,1.0,0.0,2,Mumbai,Apartment,Semi-Furnished,68616559.0
1836,1,4.0,6.0,3,Pune,Apartment,Unfurnished,17904300.0
3736,1,1.0,18.0,0,Nashik,Apartment,Semi-Furnished,20428814.0
1476,4,1.0,23.0,2,Mumbai,Independent House,Semi-Furnished,28969265.0
2111,4,1.0,4.0,3,Nagpur,Apartment,Semi-Furnished,13154785.0
4150,4,1.0,14.0,2,Nashik,Apartment,Unfurnished,24702007.0
4317,4,1.0,12.0,2,Pune,Apartment,Semi-Furnished,42079205.0
4195,3,3.0,21.0,0,Mumbai,Apartment,Unfurnished,76661582.0
1764,3,3.0,12.0,2,Pune,Independent House,Semi-Furnished,19496670.0
3873,4,1.0,0.0,2,Thane,Apartment,Semi-Furnished,48989683.0
4244,2,4.0,21.0,0,Pune,Villa,Semi-Furnished,41270387.0
4412,5,1.0,33.0,1,Pune,Apartment,Unfurnished,40701244.0
583,5,3.0,23.0,3,Mumbai,Apartment,Semi-Furnished,13663042.0
3479,5,4.0,14.0,3,Pune,Apartment,Furnished,35378732.0
4486,5,3.0,19.0,0,Nashik,Independent House,Semi-Furnished,28381097.0
3558,2,2.0,5.0,2,Mumbai,Apartment,Furnished,66695988.0
1432,1,1.0,9.0,2,Thane,Villa,Unfurnished,19457714.0
3550,3,1.0,17.0,2,Pune,Apartment,Unfurnished,32877439.0
920,4,4.0,23.0,2,Nashik,Villa,Unfurnished,8568953.0
2422,4,2.0,19.0,3,Nagpur,Apartment,Semi-Furnished,13776037.0
3004,2,1.0,38.0,1,Pune,Villa,Unfurnished,28129906.0
2325,2,3.0,25.0,2,Nashik,Apartment,Furnished,14695504.0
3299,3,3.0,0.0,2,Thane,Apartment,Semi-Furnished,42477550.0
1460,5,1.0,20.0,2,Nagpur,Independent House,Furnished,10908178.0
2924,1,1.0,23.0,3,Thane,Apartment,Semi-Furnished,34783361.0
3079,2,1.0,1.0,0,Nagpur,Apartment,Semi-Furnished,15591836.0
3035,2,1.0,15.0,3,Mumbai,Apartment,Semi-Furnished,55505290.0
1657,5,3.0,34.0,2,Thane,Apartment,Semi-Furnished,22219816.0
1721,3,1.0,14.0,3,Pune,Apartment,Furnished,17863054.0
1531,1,3.0,18.0,1,Nashik,Apartment,Unfurnished,8235238.0
2347,2,1.0,8.0,1,Nagpur,Apartment,Furnished,12643438.0
2843,1,4.0,3.0,0,Thane,Apartment,Semi-Furnished,36016882.0
1950,3,3.0,12.0,3,Thane,Villa,Semi-Furnished,27635950.0
2139,5,2.0,30.0,3,Pune,Independent House,Unfurnished,21993945.0
1645,3,2.0,39.0,1,Nagpur,Villa,Unfurnished,9355180.0
1375,5,1.0,26.0,0,Pune,Apartment,Unfurnished,14105199.0
3129,4,1.0,33.0,2,Nagpur,Villa,Semi-Furnished,16999053.0
3764,5,3.0,25.0,2,Nagpur,Apartment,Unfurnished,19503864.0
1662,2,1.0,26.0,2,Pune,Villa,Furnished,17951147.0
3942,5,3.0,17.0,0,Thane,Apartment,Furnished,51037081.0
2783,2,2.0,2.0,3,Mumbai,Apartment,Unfurnished,51828186.0
1170,3,1.0,16.0,1,Nashik,Villa,Semi-Furnished,9415154.0
1963,4,3.0,34.0,2,Thane,Apartment,Unfurnished,24272046.0
530,2,3.0,21.0,3,Nagpur,Villa,Semi-Furnished,5809783.0
656,2,3.0,30.0,2,Nashik,Villa,Unfurnished,5561072.0
1844,1,1.0,2.0,0,Pune,Apartment,Furnished,18828020.0
2317,1,3.0,8.0,3,Pune,Apartment,Furnished,22800954.0
3690,3,4.0,11.0,2,Pune,Villa,Unfurnished,36859489.0
1037,5,2.0,14.0,3,Mumbai,Villa,Unfurnished,23317487.0
3856,2,,39.0,2,Mumbai,Independent House,Semi-Furnished,71751606.0
1438,3,3.0,18.0,3,Nashik,Apartment,Semi-Furnished,10477970.0
1053,5,2.0,26.0,3,Nagpur,Independent House,Unfurnished,8204908.0
3299,4,4.0,25.0,0,Pune,Apartment,Furnished,32204903.0
3597,1,4.0,16.0,0,Nashik,Apartment,Furnished,21403744.0
2919,3,1.0,38.0,0,Thane,Villa,Semi-Furnished,37933291.0
962,1,4.0,8.0,3,Pune,Apartment,Furnished,12008621.0
961,2,1.0,1.0,0,Nagpur,Apartment,Semi-Furnished,6245891.0
2060,2,1.0,29.0,1,Pune,Apartment,Semi-Furnished,19417973.0
2302,4,1.0,26.0,3,Nashik,Independent House,Furnished,16337340.0
4494,1,2.0,10.0,1,Nagpur,Independent House,Semi-Furnished,21810311.0
1645,2,4.0,34.0,0,Pune,Independent House,Semi-Furnished,16487157.0
1270,2,3.0,6.0,1,Mumbai,Apartment,Unfurnished,25063548.0
4283,2,3.0,10.0,0,Thane,Apartment,Semi-Furnished,53370153.0
1115,4,1.0,6.0,1,Pune,Independent House,Unfurnished,12936385.0
605,2,3.0,7.0,2,Nagpur,Apartment,Unfurnished,5061441.0
2191,2,2.0,29.0,2,Nashik,Apartment,Semi-Furnished,13026686.0
2104,3,2.0,28.0,2,Pune,Apartment,Semi-Furnished,20586011.0
2978,4,2.0,25.0,0,Nagpur,Apartment,Unfurnished,14619539.0
4010,1,1.0,34.0,3,Nashik,Villa,Unfurnished,23638523.0
4231,5,4.0,2.0,1,Pune,Apartment,Furnished,42684701.0
1658,5,3.0,24.0,1,Thane,Apartment,Semi-Furnished,22960853.0
4423,4,2.0,4.0,2,Mumbai,Villa,Semi-Furnished,85017480.0
3030,3,1.0,38.0,0,Nagpur,Villa,Furnished,15932009.0
778,4,4.0,25.0,1,Pune,Apartment,Furnished,9891980.0
4253,3,2.0,30.0,1,Pune,Apartment,Unfurnished,39378954.0
1051,2,2.0,22.0,0,Nagpur,Independent House,Semi-Furnished,6470298.0
2854,2,3.0,15.0,3,Nagpur,Villa,Semi-Furnished,15993997.0
3662,1,1.0,27.0,1,Pune,Apartment,Semi-Furnished,32579108.0
1497,5,3.0,33.0,0,Nagpur,Villa,Semi-Furnished,10008689.0
1582,2,4.0,7.0,1,Nashik,Independent House,Unfurnished,11224819.0
2404,2,2.0,34.0,3,Mumbai,Apartment,Semi-Furnished,43676197.0
4039,5,1.0,29.0,2,Nagpur,Apartment,Unfurnished,20048598.0
1394,3,1.0,3.0,2,Nashik,Apartment,Semi-Furnished,9852429.0
3153,4,1.0,37.0,3,Nashik,Independent House,Unfurnished,19648996.0
2310,2,3.0,7.0,0,Nagpur,Apartment,Furnished,12186368.0
947,2,2.0,24.0,2,Nashik,Apartment,Semi-Furnished,6109505.0
3343,4,1.0,5.0,1,Thane,Apartment,Unfurnished,42142925.0
3830,3,3.0,7.0,2,Thane,Villa,Furnished,51234798.0
2802,1,1.0,25.0,3,Mumbai,Villa,Unfurnished,52740632.0
1205,5,2.0,27.0,0,Mumbai,Apartment,Semi-Furnished,23347757.0
1122,3,4.0,27.0,0,Thane,Apartment,Semi-Furnished,15411038.0
2193,4,1.0,13.0,3,Thane,Villa,Unfurnished,29299148.0
2525,2,1.0,32.0,1,Pune,Apartment,Unfurnished,22847099.0
2708,3,2.0,1.0,1,Pune,Villa,Unfurnished,27548521.0
1474,4,3.0,34.0,0,Mumbai,Apartment,Semi-Furnished,28082990.0
2503,5,1.0,12.0,1,Thane,Independent House,Semi-Furnished,34124134.0
1680,2,4.0,24.0,0,Thane,Apartment,Unfurnished,21259254.0
3244,4,1.0,36.0,0,Thane,Villa,Unfurnished,40240370.0
3685,5,4.0,10.0,0,Pune,Apartment,Furnished,36713745.0
3110,4,3.0,16.0,0,Thane,Apartment,Unfurnished,39392620.0
504,1,1.0,33.0,3,Pune,Villa,Semi-Furnished,6735733.0
4468,1,1.0,34.0,3,Mumbai,Apartment,Semi-Furnished,80588169.0
595,2,1.0,9.0,3,Mumbai,Villa,Unfurnished,12759277.0
4497,1,2.0,20.0,0,Nashik,Apartment,Furnished,26222622.0
627,4,2.0,13.0,1,Nashik,Apartment,Unfurnished,5897817.0
2565,5,3.0,20.0,1,Pune,Independent House,Furnished,27338683.0
923,3,2.0,15.0,2,Pune,Apartment,Semi-Furnished,10369860.0
880,3,3.0,0.0,0,Thane,Independent House,Unfurnished,13886377.0
3233,4,2.0,36.0,0,Pune,Apartment,Semi-Furnished,30754199.0
3411,3,2.0,25.0,3,Mumbai,Apartment,Furnished,63650749.0
972,3,2.0,18.0,1,Pune,Villa,Semi-Furnished,12091971.0
4406,3,2.0,4.0,3,Mumbai,Apartment,Unfurnished,81669684.0
1781,2,4.0,2.0,0,Pune,Apartment,Furnished,18824001.0
1773,1,1.0,19.0,3,Nagpur,Apartment,Unfurnished,8268612.0
1687,3,2.0,25.0,2,Mumbai,Apartment,Unfurnished,30531363.0
2344,5,4.0,10.0,3,Pune,Villa,Unfurnished,26421274.0
1211,1,3.0,29.0,2,Thane,Apartment,Furnished,16169155.0
2199,2,1.0,15.0,3,Pune,Apartment,Unfurnished,21190168.0
1339,2,4.0,0.0,1,Nagpur,Apartment,Unfurnished,8533446.0
705,5,1.0,21.0,1,Pune,Apartment,Furnished,8951149.0
1974,3,1.0,7.0,0,Thane,Apartment,Semi-Furnished,25503554.0
3189,3,2.0,0.0,0,Pune,Apartment,Unfurnished,31087131.0
3552,4,3.0,5.0,3,Nashik,Independent House,Semi-Furnished,24266309.0
1913,2,1.0,11.0,1,Nashik,Villa,Unfurnished,13770360.0
1794,4,4.0,20.0,0,Nashik,Apartment,Semi-Furnished,11864278.0
3649,1,1.0,39.0,1,Thane,Apartment,Semi-Furnished,42912470.0
3224,1,4.0,8.0,1,Pune,Apartment,Semi-Furnished,30596344.0
3828,5,1.0,2.0,2,Mumbai,Apartment,Furnished,72239635.0
4124,4,2.0,7.0,0,Thane,Apartment,Semi-Furnished,51343345.0
3784,1,3.0,12.0,0,Thane,Independent House,Unfurnished,47218887.0
4245,3,2.0,8.0,2,Mumbai,Villa,Semi-Furnished,80700248.0
2166,1,3.0,12.0,0,Nashik,Apartment,Furnished,13623802.0
2078,4,3.0,38.0,1,Nagpur,Apartment,Furnished,11340185.0
1786,4,3.0,15.0,2,Nagpur,Villa,Furnished,12338330.0
1440,2,2.0,25.0,2,Thane,Independent House,,19573976.0
3495,2,4.0,27.0,0,Thane,Apartment,Furnished,43357939.0
3357,2,3.0,5.0,2,Mumbai,Independent House,Furnished,64207828.0
3705,2,2.0,9.0,0,Nashik,Apartment,Semi-Furnished,21170607.0
1169,2,3.0,16.0,0,Mumbai,Villa,Unfurnished,23274494.0
2465,2,4.0,18.0,0,Pune,Apartment,Semi-Furnished,23488585.0
1387,3,4.0,0.0,2,Thane,Villa,Unfurnished,21630228.0
4072,5,3.0,25.0,2,Nashik,Apartment,Unfurnished,24623842.0
1569,4,4.0,12.0,2,Pune,Apartment,Semi-Furnished,17640705.0
1075,2,4.0,12.0,0,Nagpur,Villa,,8382406.0
2779,5,2.0,24.0,1,Pune,Villa,Semi-Furnished,29041445.0
4016,2,3.0,37.0,0,Pune,Villa,Semi-Furnished,38468584.0
4162,5,1.0,34.0,1,Nashik,Apartment,Unfurnished,23791255.0
884,2,2.0,39.0,0,Nagpur,Villa,Furnished,5946874.0
1803,3,4.0,16.0,2,Nashik,Apartment,Semi-Furnished,11656097.0
1114,2,,4.0,3,Pune,Villa,Unfurnished,13296937.0
1731,4,4.0,8.0,3,Nashik,Apartment,Unfurnished,12836784.0
2635,2,2.0,13.0,0,Pune,Apartment,Unfurnished,25032303.0
1622,5,1.0,12.0,0,Thane,Apartment,Furnished,22016079.0
770,1,1.0,8.0,0,Pune,Independent House,Unfurnished,7449818.0
2540,3,3.0,6.0,3,Thane,Villa,Furnished,36036975.0
711,1,2.0,7.0,3,Pune,Apartment,Unfurnished,7570184.0
1406,5,3.0,26.0,0,Pune,Villa,Furnished,16547829.0
502,3,1.0,19.0,3,Mumbai,Apartment,Unfurnished,8826145.0
847,4,2.0,1.0,2,Nagpur,Apartment,Semi-Furnished,6487965.0
2245,5,1.0,22.0,0,Thane,Apartment,Semi-Furnished,28631674.0
3902,3,2.0,33.0,1,Nashik,Villa,Semi-Furnished,23622757.0
3598,1,4.0,17.0,1,Mumbai,Independent House,Furnished,67855358.0
895,2,1.0,12.0,3,Pune,Independent House,Semi-Furnished,10279344.0
639,2,3.0,10.0,0,Nashik,Apartment,Unfurnished,4670081.0
1852,5,1.0,15.0,0,Mumbai,Apartment,Furnished,37154070.0
3109,5,3.0,11.0,2,Thane,Independent House,Unfurnished,41170858.0
3486,3,4.0,36.0,1,Mumbai,Apartment,Furnished,64426017.0
3792,5,2.0,39.0,1,Nagpur,Apartment,Semi-Furnished,18502183.0
1868,2,1.0,13.0,3,Thane,Independent House,Unfurnished,24757057.0
1172,4,3.0,36.0,3,Pune,Apartment,Unfurnished,12083288.0
605,2,2.0,34.0,2,Mumbai,Apartment,Unfurnished,10498400.0
1087,2,4.0,3.0,3,Thane,Independent House,Furnished,17148981.0
760,2,4.0,19.0,3,Mumbai,Villa,Semi-Furnished,17169702.0
3943,3,3.0,26.0,2,Nashik,Independent House,Unfurnished,23719311.0
1573,2,3.0,16.0,3,Thane,Villa,Furnished,23887979.0
3792,2,3.0,18.0,0,Pune,Apartment,Unfurnished,35155851.0
2712,2,3.0,19.0,0,Thane,Independent House,Unfurnished,34208107.0
2655,1,2.0,27.0,3,Mumbai,Villa,Semi-Furnished,50790039.0
2319,5,4.0,11.0,0,Nashik,Independent House,Unfurnished,16539312.0
3776,2,2.0,23.0,2,Mumbai,Apartment,Furnished,68840877.0
673,1,1.0,9.0,1,Nashik,Apartment,Semi-Furnished,5380284.0
871,3,3.0,35.0,3,Pune,Apartment,Unfurnished,8658620.0
2193,5,3.0,3.0,2,Pune,Apartment,Semi-Furnished,22431788.0
2077,2,4.0,2.0,0,Mumbai,Independent House,Unfurnished,39466168.0
2682,5,2.0,1.0,1,Mumbai,Independent House,Semi-Furnished,53163458.0
3451,4,2.0,13.0,2,Nashik,Apartment,Semi-Furnished,20777970.0
2850,4,3.0,24.0,3,Pune,Independent House,Furnished,30147151.0
1529,2,2.0,39.0,3,Pune,Apartment,Semi-Furnished,14287471.0
1809,1,4.0,18.0,3,Pune,Independent House,Furnished,19692252.0
3509,2,2.0,7.0,3,Mumbai,Villa,Unfurnished,66436437.0
1305,5,4.0,14.0,3,Pune,Villa,Furnished,17870514.0
2516,4,2.0,5.0,2,Pune,Villa,Unfurnished,26996455.0
2655,4,1.0,18.0,1,Nashik,Villa,Furnished,18715161.0
3501,5,4.0,29.0,2,Nagpur,Independent House,Semi-Furnished,18935053.0
3357,2,3.0,1.0,3,Nagpur,Apartment,Unfurnished,17407838.0
2358,2,3.0,31.0,1,Pune,Independent House,Semi-Furnished,22184339.0
1736,5,3.0,9.0,3,Thane,Apartment,Furnished,25341176.0
1971,3,2.0,26.0,2,Nashik,Apartment,Furnished,12839148.0
2146,2,4.0,32.0,0,Nashik,Villa,Semi-Furnished,14611888.0
1376,2,,31.0,3,Pune,Villa,Semi-Furnished,13896392.0
3001,5,4.0,26.0,3,Pune,Independent House,Semi-Furnished,30492420.0
1333,1,2.0,27.0,2,Mumbai,Apartment,Unfurnished,23726405.0
3094,1,1.0,7.0,0,Pune,Apartment,Semi-Furnished,28999155.0
3505,4,1.0,5.0,0,Nagpur,Apartment,Unfurnished,17148235.0
4347,1,4.0,15.0,3,Mumbai,Independent House,Furnished,82632602.0
975,1,3.0,24.0,0,Pune,Independent House,Semi-Furnished,10156509.0
3538,5,2.0,24.0,1,Pune,Independent House,Semi-Furnished,34614802.0
843,3,4.0,31.0,2,Pune,Apartment,Semi-Furnished,9162918.0
1848,4,3.0,12.0,0,Mumbai,Independent House,Semi-Furnished,36286074.0
1205,3,3.0,34.0,3,Pune,Apartment,Unfurnished,11252046.0
1149,1,3.0,17.0,2,Nashik,Independent House,Unfurnished,8484441.0
1201,1,1.0,9.0,0,Pune,Apartment,Unfurnished,11289958.0
675,4,1.0,29.0,1,Nashik,Apartment,Unfurnished,4724765.0
3792,1,3.0,5.0,1,Thane,Apartment,Semi-Furnished,47708539.0
744,3,1.0,16.0,0,Thane,Villa,Semi-Furnished,12247002.0
2094,2,3.0,31.0,3,Nashik,Apartment,Semi-Furnished,12176667.0
3296,2,1.0,30.0,1,Mumbai,Apartment,Furnished,60476890.0
4461,5,2.0,10.0,2,Nagpur,Villa,Furnished,24977522.0
3914,4,3.0,6.0,2,Thane,Independent House,Unfurnished,50362883.0
1048,4,3.0,1.0,0,Mumbai,Villa,Semi-Furnished,23643427.0
4450,2,4.0,3.0,2,Pune,Apartment,Furnished,43093769.0
3114,2,3.0,33.0,1,Nagpur,Villa,Unfurnished,15186968.0
1218,4,1.0,31.0,0,Pune,Apartment,Semi-Furnished,11526578.0
2294,1,4.0,20.0,1,Nagpur,Apartment,Furnished,11942871.0
4171,2,1.0,22.0,2,Pune,Apartment,Furnished,38674191.0
2071,4,1.0,13.0,0,Pune,Apartment,Furnished,21545816.0
1234,4,4.0,7.0,3,Nagpur,Apartment,Furnished,10126869.0
4000,1,1.0,0.0,2,Nagpur,Apartment,Unfurnished,18555826.0
4311,4,3.0,26.0,1,Nashik,Apartment,Semi-Furnished,25667390.0
4402,3,2.0,1.0,2,Thane,Villa,Furnished,58496223.0
4322,2,4.0,4.0,1,Thane,Apartment,Unfurnished,53683602.0
3991,4,1.0,31.0,2,Mumbai,Apartment,Unfurnished,72514859.0
2317,5,1.0,23.0,0,Thane,Apartment,Unfurnished,29541099.0
1269,3,2.0,19.0,2,Mumbai,Villa,Semi-Furnished,26278609.0
2968,2,2.0,8.0,0,Pune,Independent House,Semi-Furnished,29783892.0
1383,2,4.0,5.0,0,Thane,Apartment,Furnished,18978364.0
2392,3,3.0,18.0,1,Mumbai,Villa,Semi-Furnished,46522435.0
3124,1,1.0,14.0,0,Thane,Independent House,Semi-Furnished,39343570.0
4286,3,4.0,21.0,1,Pune,Villa,Unfurnished,41899245.0
1656,1,2.0,6.0,0,Pune,Apartment,Furnished,16602783.0
1507,1,4.0,9.0,0,Pune,Apartment,Semi-Furnished,14203801.0
3438,3,4.0,4.0,0,Nashik,Apartment,Semi-Furnished,21399964.0
525,4,1.0,16.0,3,Thane,Apartment,Unfurnished,8478817.0
2765,5,3.0,11.0,2,Mumbai,Apartment,Unfurnished,52227331.0
3483,1,2.0,8.0,0,Pune,Independent House,Unfurnished,33212301.0
2703,2,2.0,21.0,0,Mumbai,Apartment,Furnished,50124595.0
2035,3,2.0,19.0,3,Mumbai,Apartment,Unfurnished,37980128.0
3814,3,3.0,8.0,2,Nashik,Independent House,Furnished,25647990.0
1984,5,2.0,27.0,3,Nagpur,Villa,Unfurnished,12515070.0
3342,4,1.0,13.0,0,Pune,Apartment,Semi-Furnished,31856434.0
2356,3,2.0,13.0,1,Mumbai,Independent House,Unfurnished,44692989.0
606,1,1.0,19.0,0,Nashik,Apartment,Unfurnished,3119236.0
2622,1,4.0,5.0,1,Pune,Apartment,Semi-Furnished,25823131.0
697,1,3.0,16.0,0,Mumbai,Apartment,Semi-Furnished,12783350.0
4223,4,2.0,23.0,0,Nashik,Apartment,Semi-Furnished,25267120.0
2906,2,2.0,5.0,2,Mumbai,Independent House,Semi-Furnished,55348644.0
1988,2,1.0,22.0,3,Pune,Apartment,Semi-Furnished,19231316.0
2444,4,2.0,1.0,2,Pune,Independent House,Semi-Furnished,27182333.0
2976,5,4.0,24.0,3,Nagpur,Apartment,Semi-Furnished,16251753.0
1540,3,1.0,1.0,3,Pune,Independent House,Unfurnished,16398898.0
1653,5,1.0,7.0,3,Thane,Apartment,Semi-Furnished,23113210.0
2174,4,4.0,14.0,0,Mumbai,Independent House,Unfurnished,42390475.0
1534,4,3.0,24.0,1,Mumbai,Apartment,Unfurnished,29534224.0
3531,5,1.0,28.0,2,Nagpur,Independent House,Unfurnished,18107230.0
915,1,2.0,18.0,3,Mumbai,Independent House,Semi-Furnished,18186452.0
3806,4,3.0,5.0,3,Pune,Apartment,Unfurnished,36404163.0
1894,5,2.0,15.0,2,Pune,Apartment,Furnished,19790628.0
2744,5,2.0,31.0,1,Nagpur,Villa,Furnished,16340817.0
1131,3,3.0,3.0,1,Mumbai,Villa,Unfurnished,24235537.0
2041,4,3.0,28.0,0,Thane,Apartment,Semi-Furnished,27071310.0
3518,5,4.0,15.0,1,Mumbai,Villa,Unfurnished,67042338.0
1582,5,1.0,0.0,0,Mumbai,Independent House,Unfurnished,32126931.0
1029,5,2.0,27.0,3,Pune,Independent House,Furnished,12874329.0
2587,5,1.0,1.0,0,Pune,Apartment,Semi-Furnished,26333290.0
1149,2,3.0,14.0,1,Thane,Apartment,Unfurnished,14669044.0
1758,4,3.0,7.0,3,Pune,Apartment,Furnished,20027923.0
2301,3,2.0,23.0,3,Thane,Villa,Furnished,32115136.0
2756,5,3.0,2.0,1,Pune,Independent House,Semi-Furnished,29333105.0
3057,5,2.0,3.0,1,Nashik,Apartment,Semi-Furnished,20741100.0
3206,5,1.0,21.0,2,Pune,Apartment,Furnished,32006049.0
3877,3,3.0,39.0,3,Nagpur,Apartment,Semi-Furnished,19263152.0
764,3,2.0,1.0,3,Pune,Apartment,Semi-Furnished,9696588.0
1949,1,2.0,18.0,2,Nashik,Independent House,Furnished,13557809.0
504,4,2.0,32.0,1,Thane,Villa,Semi-Furnished,8882282.0
537,3,4.0,11.0,1,Nashik,Apartment,Unfurnished,4542153.0
1349,3,1.0,19.0,2,Pune,Apartment,Unfurnished,14131922.0
2892,4,2.0,33.0,3,Nagpur,Apartment,Semi-Furnished,14215358.0
4078,5,3.0,29.0,0,Mumbai,Villa,Unfurnished,76557752.0
3594,1,1.0,11.0,3,Pune,Villa,Unfurnished,33981897.0
3085,3,1.0,30.0,1,Mumbai,Apartment,Semi-Furnished,55929362.0
3612,4,3.0,27.0,0,Thane,Apartment,Furnished,45096594.0
1187,5,3.0,20.0,0,Mumbai,Independent House,Unfurnished,24064369.0
3859,4,3.0,17.0,1,Nagpur,Independent House,Unfurnished,20380448.0
4061,4,1.0,37.0,0,Nagpur,Apartment,Furnished,19717966.0
880,5,4.0,34.0,0,Mumbai,Apartment,Semi-Furnished,17436936.0
2379,5,2.0,39.0,1,Mumbai,Independent House,Furnished,45446650.0
3820,4,1.0,27.0,3,Nagpur,Villa,Semi-Furnished,21217580.0
2404,2,2.0,14.0,2,Mumbai,Independent House,Semi-Furnished,46599382.0
3861,3,1.0,4.0,0,Pune,Apartment,Unfurnished,36714163.0
4242,4,2.0,5.0,2,Mumbai,Apartment,Semi-Furnished,78525151.0
2398,1,2.0,38.0,1,Thane,Apartment,Semi-Furnished,29041233.0
737,4,2.0,14.0,2,Pune,Independent House,Unfurnished,10427160.0
1860,3,2.0,4.0,0,Pune,Villa,Unfurnished,19426823.0
1360,5,4.0,8.0,0,Pune,Apartment,Semi-Furnished,16077215.0
2396,2,4.0,0.0,1,Pune,Independent House,Semi-Furnished,25245347.0
2843,5,2.0,21.0,3,Thane,Independent House,Semi-Furnished,37708788.0
2355,3,4.0,23.0,2,Nashik,Apartment,Semi-Furnished,15060282.0
1281,3,4.0,15.0,0,Nagpur,Villa,Semi-Furnished,9863967.0
1704,4,4.0,29.0,3,Nagpur,Villa,Unfurnished,11878913.0
3218,3,1.0,19.0,3,Mumbai,Apartment,Furnished,60611707.0
607,5,2.0,38.0,2,Nagpur,Villa,Furnished,6063383.0
1356,1,2.0,30.0,2,Thane,Apartment,Unfurnished,15790097.0
4069,4,1.0,3.0,0,Nagpur,Independent House,Semi-Furnished,21752604.0
896,5,1.0,10.0,2,Nagpur,Independent House,Semi-Furnished,8599498.0
2158,2,3.0,30.0,3,Mumbai,Independent House,Furnished,40306629.0
1327,2,2.0,21.0,1,Thane,Villa,Semi-Furnished,18479124.0
918,3,4.0,30.0,0,Pune,Apartment,Semi-Furnished,8924449.0
2190,4,3.0,13.0,3,Nagpur,Apartment,Furnished,12678780.0
2585,5,1.0,1.0,2,Mumbai,Villa,Semi-Furnished,52083581.0
1204,4,4.0,31.0,2,Nashik,Apartment,Unfurnished,7992651.0
811,4,2.0,31.0,2,Thane,Villa,Semi-Furnished,12091836.0
1038,3,3.0,25.0,0,Nashik,Apartment,Furnished,7487702.0
3106,4,4.0,,0,Pune,Apartment,Semi-Furnished,31370137.0
3941,2,3.0,0.0,3,Nagpur,Apartment,Semi-Furnished,19611489.0
1221,3,1.0,29.0,3,Thane,Villa,Semi-Furnished,17881822.0
1781,1,1.0,26.0,0,Nashik,Apartment,Semi-Furnished,10400967.0
1875,1,2.0,26.0,2,Thane,Villa,Furnished,25287760.0
1943,5,1.0,6.0,2,Thane,Apartment,Semi-Furnished,27243600.0
1477,5,1.0,29.0,1,Thane,Villa,Semi-Furnished,20957085.0
721,3,4.0,28.0,2,Mumbai,Villa,Furnished,17738673.0
2600,1,1.0,34.0,3,Mumbai,Apartment,Unfurnished,46884472.0
1929,1,1.0,22.0,3,Thane,Apartment,Unfurnished,23273360.0
1869,1,3.0,29.0,0,Thane,Apartment,Furnished,22508758.0
1559,4,1.0,16.0,1,Pune,Apartment,Semi-Furnished,15510222.0
4217,2,2.0,27.0,3,Pune,Villa,Semi-Furnished,39788116.0
2941,2,4.0,27.0,0,Mumbai,Apartment,Unfurnished,53755367.0
2174,5,3.0,31.0,3,Nagpur,Independent House,Unfurnished,12986435.0
1321,5,4.0,34.0,1,Thane,Independent House,Unfurnished,18617648.0
3704,4,2.0,0.0,2,Nashik,Apartment,Semi-Furnished,23476779.0
4053,2,3.0,31.0,1,Pune,Independent House,Semi-Furnished,38867916.0
629,3,1.0,31.0,3,Mumbai,Villa,Unfurnished,13846009.0
4218,2,2.0,21.0,2,Thane,Apartment,Semi-Furnished,51576410.0
3297,5,1.0,20.0,2,Mumbai,Villa,Furnished,64072253.0
899,1,4.0,28.0,1,Pune,Independent House,Furnished,11242377.0
3512,4,1.0,18.0,0,Mumbai,Apartment,Furnished,65645975.0
929,3,1.0,16.0,3,Thane,Apartment,Semi-Furnished,12812537.0
703,4,2.0,32.0,1,Mumbai,Apartment,Semi-Furnished,14013987.0
961,3,2.0,31.0,0,Pune,Apartment,Semi-Furnished,9657520.0
2339,1,2.0,8.0,3,Mumbai,Villa,Unfurnished,44802511.0
2978,4,2.0,33.0,0,Thane,Apartment,Furnished,37156705.0
2129,4,2.0,13.0,2,Mumbai,Villa,Semi-Furnished,42626905.0
987,3,4.0,5.0,1,Mumbai,Apartment,Semi-Furnished,21229591.0
1296,2,3.0,35.0,3,Pune,Apartment,Unfurnished,12459939.0
3909,2,4.0,9.0,0,Mumbai,Independent House,Unfurnished,72627712.0
4350,3,4.0,8.0,3,Thane,Apartment,Furnished,56081056.0
3517,2,3.0,10.0,0,Nagpur,Apartment,Unfurnished,16980358.0
913,2,4.0,19.0,3,Mumbai,Apartment,Unfurnished,18079065.0
3779,2,1.0,6.0,1,Thane,Apartment,Semi-Furnished,46992131.0
3267,1,4.0,6.0,0,Mumbai,Apartment,Semi-Furnished,59506384.0
2604,5,2.0,15.0,1,Thane,Apartment,Unfurnished,32056654.0
1072,2,3.0,8.0,0,Pune,Villa,Unfurnished,12799980.0
4486,1,1.0,7.0,1,Mumbai,Villa,Furnished,83694212.0
2270,1,1.0,36.0,2,Thane,Independent House,Furnished,27762332.0
676,5,4.0,23.0,2,Thane,Independent House,Semi-Furnished,11702096.0
1339,3,2.0,0.0,2,Nagpur,Apartment,Furnished,9651589.0
2105,2,1.0,4.0,3,Nagpur,Apartment,Semi-Furnished,11623522.0
749,3,3.0,32.0,1,Thane,Independent House,Semi-Furnished,11515293.0
1795,1,1.0,10.0,2,Nagpur,Apartment,Semi-Furnished,9341393.0
2373,2,2.0,6.0,0,Pune,Apartment,Furnished,23043526.0
4294,2,3.0,26.0,1,Mumbai,Apartment,Furnished,79171445.0
845,5,3.0,33.0,2,Nagpur,Villa,Unfurnished,7576083.0
2807,1,2.0,15.0,0,Nashik,Apartment,Unfurnished,15585633.0
4163,3,2.0,29.0,1,Thane,Apartment,Furnished,51562478.0
3724,4,4.0,16.0,0,Mumbai,Apartment,Unfurnished,69388610.0
4199,5,1.0,4.0,3,Pune,Villa,Semi-Furnished,42593748.0
1181,3,1.0,31.0,2,Pune,Apartment,Semi-Furnished,12028547.0
3705,2,1.0,36.0,2,Thane,Villa,Unfurnished,46224292.0
4414,2,4.0,39.0,2,Pune,Apartment,Semi-Furnished,40537016.0
1804,2,2.0,4.0,0,Thane,Apartment,Semi-Furnished,24037056.0
2494,4,1.0,22.0,0,Pune,Apartment,Furnished,23813551.0
2623,2,1.0,24.0,1,Mumbai,Apartment,Unfurnished,47136917.0
2474,4,1.0,3.0,0,Thane,Apartment,Unfurnished,31280987.0
1659,4,4.0,38.0,1,Mumbai,Independent House,Unfurnished,32103141.0
4383,5,2.0,4.0,1,Thane,Apartment,Unfurnished,55858086.0
4325,2,1.0,10.0,3,Pune,Independent House,Semi-Furnished,41172640.0
2022,5,1.0,38.0,1,Nashik,Apartment,Semi-Furnished,13888474.0
3721,3,3.0,22.0,0,Nashik,Apartment,Unfurnished,21167260.0
2090,4,3.0,27.0,3,Thane,Villa,Furnished,29782308.0
3679,4,4.0,19.0,0,Pune,Independent House,Unfurnished,35962209.0
2839,5,1.0,30.0,0,Mumbai,Apartment,Semi-Furnished,52622770.0
2380,3,1.0,3.0,1,Nagpur,Apartment,Furnished,12983415.0
1012,4,1.0,27.0,0,Thane,Villa,Semi-Furnished,15624396.0
3118,2,2.0,2.0,3,Thane,Apartment,Semi-Furnished,39371735.0
1784,3,3.0,7.0,1,Thane,Villa,Furnished,25341982.0
1367,3,3.0,20.0,3,Nashik,Independent House,Semi-Furnished,10153601.0
1272,4,1.0,17.0,0,Nashik,Apartment,Unfurnished,8846392.0
4427,4,3.0,6.0,2,Thane,Independent House,Unfurnished,57296712.0
913,1,3.0,31.0,0,Thane,Apartment,Furnished,10702744.0
3694,5,1.0,12.0,0,Thane,Independent House,Unfurnished,47594178.0
3964,4,3.0,34.0,1,Thane,Independent House,Furnished,49706130.0
624,1,2.0,0.0,3,Thane,Villa,Unfurnished,10765747.0
2857,5,1.0,9.0,1,Pune,Independent House,Unfurnished,28399512.0
2809,4,2.0,11.0,3,Pune,Independent House,Furnished,29971852.0
1934,1,4.0,23.0,0,Thane,Apartment,Furnished,24757597.0
3166,3,3.0,16.0,1,Nashik,Apartment,Unfurnished,19333811.0
2134,5,2.0,6.0,2,Pune,Apartment,Unfurnished,21883142.0
2258,2,4.0,22.0,1,Nashik,Apartment,Semi-Furnished,13812902.0
2226,5,2.0,38.0,2,Nashik,Villa,Semi-Furnished,15078339.0
3702,3,2.0,5.0,2,Thane,Apartment,Semi-Furnished,46420282.0
3032,2,1.0,10.0,0,Thane,Villa,Unfurnished,39260840.0
2016,2,4.0,19.0,2,Pune,Apartment,Furnished,20619269.0
4207,3,4.0,29.0,3,Mumbai,Apartment,Unfurnished,77212951.0
3708,4,1.0,5.0,3,Pune,Apartment,Unfurnished,36279951.0
4231,5,3.0,9.0,1,Thane,Independent House,Semi-Furnished,54416936.0
3422,1,4.0,9.0,1,Pune,Apartment,Unfurnished,32302067.0
2065,5,3.0,24.0,3,Nashik,Apartment,Semi-Furnished,13666880.0
3591,3,1.0,3.0,3,Nashik,Apartment,Semi-Furnished,22905543.0
1817,1,4.0,26.0,3,Nashik,Independent House,Semi-Furnished,12428513.0
1583,5,2.0,17.0,3,Nashik,Apartment,Semi-Furnished,12080526.0
2304,2,2.0,13.0,1,Nagpur,Villa,Unfurnished,12782259.0
4377,4,2.0,34.0,0,Nashik,Apartment,Furnished,26655444.0
2771,4,4.0,32.0,0,Pune,Apartment,Semi-Furnished,27538351.0
2034,1,3.0,32.0,1,Mumbai,Villa,Semi-Furnished,38885671.0
2347,2,3.0,35.0,3,Nashik,Villa,Unfurnished,15677368.0
1664,4,4.0,9.0,1,Mumbai,Villa,Semi-Furnished,34646151.0
3135,2,4.0,34.0,1,Nagpur,Apartment,Furnished,14916683.0
1901,1,4.0,7.0,3,Mumbai,Independent House,Semi-Furnished,37716106.0
2717,1,4.0,13.0,0,Thane,Apartment,Furnished,33990310.0
1979,5,4.0,22.0,2,Pune,Independent House,,21910599.0
1782,1,4.0,29.0,2,Nagpur,Apartment,Furnished,9850536.0
4380,1,3.0,23.0,3,Pune,Apartment,Unfurnished,40115850.0
1882,3,1.0,22.0,1,Nashik,Apartment,Unfurnished,11111683.0
782,1,1.0,15.0,2,Mumbai,Villa,Semi-Furnished,17131180.0
2014,4,4.0,23.0,3,Nashik,Villa,Unfurnished,15190554.0
2628,3,2.0,19.0,3,Pune,Apartment,Semi-Furnished,25409992.0
878,4,4.0,19.0,2,Nagpur,Apartment,Unfurnished,5479472.0
1722,3,4.0,23.0,2,Nashik,Apartment,Semi-Furnished,11962505.0
1164,4,3.0,24.0,3,Thane,Apartment,Furnished,17022898.0
2502,4,4.0,13.0,3,Nagpur,Independent House,Semi-Furnished,16689047.0
3392,3,2.0,5.0,2,Nashik,Apartment,Semi-Furnished,21072840.0
4373,1,2.0,11.0,1,Thane,Apartment,Semi-Furnished,53691916.0
2056,2,4.0,16.0,2,Pune,Apartment,Furnished,21110477.0
3953,1,4.0,6.0,0,Nashik,Apartment,Semi-Furnished,23684340.0
1358,1,1.0,7.0,2,Mumbai,Independent House,Semi-Furnished,26218904.0
3621,2,4.0,38.0,1,Nagpur,Apartment,Unfurnished,16439753.0
2750,2,2.0,11.0,3,Pune,Independent House,Unfurnished,27512447.0
3532,1,4.0,29.0,2,Mumbai,Villa,Semi-Furnished,66086256.0
3522,2,3.0,5.0,3,Nagpur,Apartment,Semi-Furnished,18644585.0
2629,3,3.0,38.0,3,Mumbai,Apartment,Furnished,49105522.0
1529,1,1.0,8.0,3,Pune,Villa,Furnished,17581842.0
2604,2,2.0,15.0,0,Mumbai,Villa,Semi-Furnished,50340011.0
3807,1,3.0,31.0,3,Thane,Apartment,Semi-Furnished,46271690.0
4382,1,4.0,8.0,1,Pune,Independent House,Furnished,42014667.0
4210,1,1.0,21.0,2,Mumbai,Apartment,Semi-Furnished,76170147.0
1225,3,1.0,31.0,1,Thane,Apartment,Semi-Furnished,15058500.0
2889,4,3.0,0.0,1,Thane,Apartment,Semi-Furnished,36941419.0
918,4,2.0,1.0,3,Pune,Villa,Unfurnished,12803993.0
3175,4,4.0,31.0,3,Nashik,Apartment,Unfurnished,19342064.0
4469,4,1.0,10.0,2,Pune,Apartment,Semi-Furnished,43090343.0
710,5,2.0,36.0,0,Thane,Apartment,Semi-Furnished,9457310.0
3126,2,1.0,37.0,0,Mumbai,Apartment,Unfurnished,55607837.0
4282,4,3.0,35.0,0,Mumbai,Apartment,Unfurnished,78383641.0
3888,5,4.0,39.0,3,Pune,Independent House,Unfurnished,37573409.0
2069,3,1.0,32.0,1,Nashik,Apartment,Furnished,12800800.0
915,5,2.0,15.0,0,Pune,Independent House,Furnished,12953973.0
4195,1,4.0,39.0,2,Nagpur,Villa,Furnished,20699414.0
4185,5,1.0,13.0,3,Mumbai,Villa,Furnished,80642694.0
2815,3,4.0,23.0,2,Nashik,Independent House,Unfurnished,18565800.0
4415,2,4.0,0.0,1,Thane,Apartment,Unfurnished,54902179.0
518,1,1.0,38.0,0,Pune,Apartment,Semi-Furnished,4586042.0
2966,4,1.0,23.0,3,Pune,Apartment,Semi-Furnished,28919400.0
654,3,3.0,37.0,0,Mumbai,Apartment,Semi-Furnished,13318211.0
4242,2,1.0,14.0,3,Nagpur,Apartment,Unfurnished,20341109.0
3221,2,3.0,12.0,0,Pune,Villa,Furnished,33672642.0
4153,5,1.0,20.0,0,Nagpur,Independent House,Semi-Furnished,21823500.0
2750,3,3.0,34.0,1,Nashik,Apartment,Semi-Furnished,15589492.0
833,1,2.0,21.0,0,Nashik,Villa,Furnished,6997550.0
606,2,3.0,31.0,0,Nashik,Apartment,Semi-Furnished,4391264.0
1842,1,4.0,8.0,0,Pune,Apartment,Furnished,19077410.0
3473,4,2.0,31.0,2,Pune,Apartment,Semi-Furnished,32727229.0
1104,5,3.0,29.0,3,Nagpur,Apartment,Furnished,8869935.0
3908,5,3.0,35.0,0,Mumbai,Apartment,Furnished,72434715.0
1457,4,4.0,2.0,2,Nashik,Apartment,Semi-Furnished,11781390.0
2485,4,1.0,15.0,1,Thane,Apartment,Semi-Furnished,31995427.0
1312,3,1.0,3.0,1,Pune,Apartment,Furnished,13839288.0
2363,4,2.0,16.0,1,Mumbai,Independent House,Semi-Furnished,45664279.0
2308,1,3.0,30.0,3,Mumbai,Apartment,Semi-Furnished,43355148.0
521,3,4.0,25.0,2,Pune,Villa,Semi-Furnished,8033980.0
2771,3,2.0,30.0,2,Thane,Villa,Unfurnished,36043321.0
3646,1,1.0,29.0,3,Thane,Apartment,Semi-Furnished,43522528.0
4245,3,3.0,39.0,2,Mumbai,Apartment,Furnished,77500290.0
1822,4,3.0,35.0,0,Thane,Independent House,Unfurnished,23027571.0
4022,2,2.0,23.0,0,Pune,Apartment,Unfurnished,36871482.0
4015,3,1.0,35.0,1,Thane,Apartment,Unfurnished,47817876.0
4453,2,4.0,1.0,0,Thane,Independent House,Semi-Furnished,57356372.0
1992,2,4.0,28.0,2,Pune,Independent House,Unfurnished,19548906.0
3903,1,3.0,20.0,1,Nashik,Villa,Semi-Furnished,24204100.0
2760,2,3.0,38.0,0,Nagpur,Independent House,Unfurnished,13355121.0
733,5,2.0,20.0,1,Mumbai,Apartment,Unfurnished,14396406.0
1581,5,2.0,7.0,3,Mumbai,Villa,Unfurnished,33289642.0
3188,4,1.0,28.0,3,Nashik,Apartment,Unfurnished,18881454.0
1142,4,,38.0,3,Pune,Independent House,Furnished,13481008.0
2238,4,2.0,0.0,3,Pune,Apartment,Furnished,23550223.0
3599,3,2.0,2.0,2,Pune,Apartment,Furnished,35133340.0
1099,3,1.0,26.0,3,Nagpur,Apartment,Furnished,7082297.0
2486,4,4.0,22.0,3,Mumbai,Villa,Unfurnished,49423576.0
1359,4,2.0,21.0,2,Nashik,Apartment,Furnished,9817874.0
2645,3,3.0,3.0,1,Pune,Villa,Semi-Furnished,27679158.0
1462,3,2.0,22.0,3,Pune,Apartment,Furnished,15305472.0
4361,3,2.0,22.0,1,Nagpur,Apartment,Semi-Furnished,20598505.0
806,2,4.0,33.0,0,Pune,Apartment,Semi-Furnished,8183001.0
4354,2,3.0,15.0,0,Nagpur,Apartment,Unfurnished,20007074.0
3667,1,4.0,13.0,2,Mumbai,Villa,Unfurnished,69403807.0
3922,3,2.0,3.0,0,Nagpur,Independent House,Semi-Furnished,20944678.0
3906,4,2.0,22.0,0,Mumbai,Villa,Semi-Furnished,74259845.0
1250,4,2.0,25.0,0,Thane,Apartment,Furnished,15959511.0
4224,5,3.0,11.0,2,Pune,Apartment,Unfurnished,40034832.0
2877,1,2.0,29.0,1,Thane,Independent House,Semi-Furnished,36285703.0
4348,4,2.0,37.0,2,Pune,Villa,Semi-Furnished,41918216.0
4012,4,1.0,6.0,2,Pune,Independent House,Unfurnished,38558128.0
2818,3,3.0,22.0,3,Nashik,Apartment,Semi-Furnished,17447786.0
1997,2,3.0,27.0,0,Pune,Villa,Semi-Furnished,20682056.0
969,2,3.0,0.0,1,Mumbai,Apartment,Semi-Furnished,19700893.0
904,4,4.0,7.0,2,Thane,Villa,Unfurnished,15668606.0
2058,5,4.0,15.0,1,Nagpur,Independent House,Unfurnished,13090625.0
3743,4,4.0,5.0,0,Nashik,Independent House,Unfurnished,24262568.0
2521,3,1.0,14.0,0,Thane,Apartment,Furnished,32758767.0
2427,4,4.0,5.0,1,Mumbai,Independent House,Furnished,48409619.0
1477,1,2.0,35.0,1,Pune,Apartment,Unfurnished,12653389.0
2757,4,2.0,23.0,0,Thane,Apartment,Semi-Furnished,35095265.0
3052,1,2.0,13.0,1,Pune,Villa,Furnished,30996697.0
4428,5,2.0,31.0,2,Pune,Apartment,Unfurnished,41005714.0
3417,5,4.0,0.0,3,Pune,Apartment,Unfurnished,34501549.0
2928,3,3.0,23.0,2,Mumbai,Villa,Unfurnished,56011203.0
4140,2,4.0,27.0,0,Mumbai,Villa,Unfurnished,76605927.0
2199,4,4.0,32.0,2,Mumbai,Apartment,Furnished,41899371.0
4239,4,2.0,8.0,0,Nashik,Apartment,Furnished,25588344.0
1979,4,3.0,23.0,0,Nagpur,Villa,Semi-Furnished,11308249.0
1011,3,3.0,30.0,2,Thane,Apartment,Semi-Furnished,13423665.0
2170,2,2.0,31.0,1,Pune,Apartment,Furnished,20617279.0
1015,1,3.0,7.0,1,Pune,Apartment,Unfurnished,9672064.0
973,2,3.0,39.0,3,Nashik,Villa,Unfurnished,8011542.0
4024,3,4.0,10.0,0,Pune,Apartment,Unfurnished,37594985.0
3679,3,4.0,15.0,0,Mumbai,Apartment,Furnished,69232639.0
1384,3,3.0,7.0,2,Nashik,Independent House,Semi-Furnished,11410402.0
3850,2,4.0,5.0,1,Nagpur,Independent House,Semi-Furnished,21634351.0
775,5,1.0,10.0,3,Pune,Villa,Semi-Furnished,12057928.0
1637,2,4.0,5.0,0,Nagpur,Villa,Unfurnished,10165676.0
3324,5,2.0,29.0,1,Nashik,Independent House,Semi-Furnished,21736465.0
1715,2,2.0,23.0,0,Thane,Apartment,Furnished,22593912.0
3422,3,4.0,15.0,0,Mumbai,Apartment,Furnished,63398504.0
3997,4,2.0,21.0,1,Nagpur,Villa,Semi-Furnished,22004108.0
764,2,4.0,24.0,2,Nagpur,Independent House,Unfurnished,5885142.0
595,2,2.0,7.0,0,Pune,Villa,Furnished,9109227.0
4260,2,2.0,11.0,3,Nashik,Apartment,Semi-Furnished,24230120.0
2581,5,2.0,35.0,2,Nagpur,Independent House,Semi-Furnished,14341319.0
2525,1,2.0,0.0,1,Pune,Villa,Unfurnished,25393519.0
2354,3,4.0,38.0,3,Mumbai,Apartment,Unfurnished,44050399.0
2234,4,1.0,38.0,1,Mumbai,Independent House,Semi-Furnished,42002134.0
3260,4,3.0,10.0,0,Nagpur,Villa,Semi-Furnished,18834460.0
2818,3,4.0,12.0,3,Pune,Independent House,Unfurnished,28388069.0
1153,1,2.0,8.0,0,Nashik,Independent House,,8038086.0
3006,1,3.0,22.0,3,Pune,Apartment,Semi-Furnished,28219591.0
3173,3,2.0,8.0,3,Nashik,Villa,Semi-Furnished,21386025.0
954,5,1.0,31.0,3,Nagpur,Apartment,Semi-Furnished,6401809.0
2006,1,3.0,15.0,1,Nashik,Independent House,Unfurnished,12412235.0
3662,5,4.0,38.0,2,Nashik,Independent House,Furnished,22684483.0
2974,4,3.0,34.0,3,Mumbai,Independent House,Furnished,57222610.0
1045,1,2.0,16.0,0,Mumbai,Villa,Semi-Furnished,21517933.0
660,2,1.0,23.0,1,Nagpur,Villa,Semi-Furnished,5539883.0
2824,2,4.0,0.0,1,Pune,Apartment,Furnished,28296890.0
2346,5,4.0,2.0,2,Nagpur,Apartment,Unfurnished,14034573.0
4344,3,4.0,20.0,2,Nagpur,Apartment,Furnished,22626677.0
2589,2,2.0,18.0,3,Thane,Independent House,Semi-Furnished,33323685.0
4225,2,3.0,15.0,1,Pune,Villa,Semi-Furnished,41791841.0
1357,3,2.0,3.0,0,Nashik,Villa,Semi-Furnished,10799819.0
2289,1,1.0,33.0,0,Pune,Apartment,Unfurnished,19726673.0
1058,2,1.0,16.0,3,Thane,Villa,Furnished,16397591.0
2796,1,2.0,18.0,1,Nagpur,Apartment,Semi-Furnished,13763208.0
1253,4,3.0,16.0,2,Nashik,Independent House,Unfurnished,9587982.0
2469,4,1.0,19.0,2,Nagpur,Independent House,Semi-Furnished,13706085.0
1876,3,3.0,25.0,3,Pune,Apartment,Furnished,18646478.0
1242,1,2.0,30.0,0,Nashik,Independent House,Furnished,8025969.0
887,2,4.0,21.0,0,Thane,Apartment,Semi-Furnished,12108938.0
2548,5,2.0,6.0,2,Pune,Apartment,Unfurnished,24932970.0
4289,2,1.0,34.0,1,Thane,Villa,Semi-Furnished,53198689.0
1294,1,2.0,11.0,3,Thane,Villa,Unfurnished,18542856.0
2119,1,4.0,0.0,0,Thane,Apartment,Furnished,27831704.0
1398,5,2.0,1.0,1,Thane,Apartment,Furnished,20689842.0
3735,1,3.0,30.0,3,Pune,Apartment,Furnished,34177255.0
2159,3,4.0,15.0,3,Nashik,Apartment,Unfurnished,13969479.0
4397,5,2.0,0.0,0,Pune,Apartment,Furnished,43335908.0
1480,4,3.0,32.0,3,Nagpur,Apartment,Furnished,9076321.0
822,3,1.0,12.0,0,Pune,Independent House,Semi-Furnished,9966761.0
2830,2,2.0,39.0,0,Thane,Apartment,Furnished,34270894.0
3106,1,2.0,35.0,3,Pune,Apartment,Semi-Furnished,27988783.0
4462,1,3.0,1.0,0,Pune,Apartment,Semi-Furnished,41340103.0
3985,5,4.0,27.0,1,Pune,Apartment,Unfurnished,38383508.0
4036,1,2.0,24.0,0,Nagpur,Villa,Unfurnished,19160004.0
3036,1,2.0,6.0,2,Pune,Apartment,Unfurnished,28405076.0
1939,5,4.0,13.0,0,Pune,Apartment,Semi-Furnished,21366939.0
2216,3,2.0,19.0,1,Pune,Independent House,Semi-Furnished,23019646.0
1034,2,3.0,5.0,1,Mumbai,Villa,Unfurnished,22221214.0
2224,4,3.0,28.0,2,Thane,Apartment,Unfurnished,28310384.0
1957,3,1.0,11.0,1,Mumbai,Apartment,Semi-Furnished,36898503.0
643,5,4.0,37.0,0,Pune,Independent House,Furnished,8781393.0
1317,3,2.0,32.0,1,Pune,Villa,Semi-Furnished,14468776.0
2638,4,3.0,25.0,1,Pune,Independent House,Furnished,27480694.0
1977,5,2.0,4.0,1,Mumbai,Apartment,Furnished,39491372.0
4474,3,4.0,0.0,2,Pune,Villa,Semi-Furnished,45630925.0
2414,2,3.0,5.0,1,Pune,Apartment,Semi-Furnished,24354852.0
4334,5,1.0,19.0,1,Pune,Apartment,Semi-Furnished,41164694.0
3142,2,1.0,31.0,3,Mumbai,Villa,Furnished,59582333.0
661,1,4.0,6.0,1,Nagpur,Villa,Unfurnished,5249918.0
1313,3,3.0,28.0,1,Pune,Apartment,Furnished,14712289.0
3323,5,2.0,1.0,0,Nagpur,Apartment,Semi-Furnished,17967268.0
2680,1,1.0,10.0,2,Nashik,Villa,Unfurnished,17393262.0
1707,5,1.0,23.0,2,Thane,Apartment,Semi-Furnished,22507463.0
2588,5,4.0,33.0,2,Pune,Apartment,Furnished,26055015.0
4111,5,4.0,31.0,0,Nagpur,Apartment,Furnished,21092849.0
2054,3,2.0,21.0,1,Thane,Apartment,Furnished,26067697.0
680,2,1.0,1.0,1,Thane,Independent House,Semi-Furnished,9823904.0
1743,3,2.0,11.0,3,Thane,Apartment,Semi-Furnished,23777861.0
4243,1,1.0,31.0,1,Pune,Apartment,Furnished,38762566.0
3547,5,3.0,3.0,1,Thane,Villa,Unfurnished,46981865.0
3849,4,3.0,28.0,1,Thane,Apartment,Unfurnished,47721360.0
4146,3,4.0,28.0,3,Pune,Villa,Semi-Furnished,41474770.0
970,3,2.0,30.0,2,Pune,Apartment,Semi-Furnished,9628141.0
1630,4,1.0,8.0,3,Thane,Independent House,Semi-Furnished,23435332.0
739,3,1.0,9.0,1,Pune,Villa,Furnished,11234061.0
518,5,2.0,7.0,3,Nagpur,Villa,Unfurnished,6423741.0
3838,5,3.0,15.0,3,Mumbai,Apartment,Furnished,73114035.0
4247,5,1.0,20.0,2,Nagpur,Independent House,Semi-Furnished,22635474.0
1123,4,4.0,4.0,2,Pune,Villa,Furnished,16713203.0
3388,4,2.0,22.0,3,Nagpur,Apartment,Semi-Furnished,17736666.0
2639,2,4.0,9.0,3,Nashik,Apartment,Semi-Furnished,16819604.0
776,1,2.0,22.0,1,Thane,Apartment,Furnished,10209165.0
4162,3,1.0,12.0,2,Pune,Apartment,Semi-Furnished,40228527.0
3984,5,1.0,38.0,1,Pune,Apartment,Unfurnished,36476317.0
2769,1,3.0,12.0,0,Pune,Independent House,Unfurnished,26784766.0
3331,3,3.0,34.0,1,Pune,Independent House,Unfurnished,31451729.0
2088,1,4.0,7.0,3,Thane,Apartment,Semi-Furnished,27682568.0
3671,3,4.0,3.0,3,Pune,Independent House,Semi-Furnished,37787802.0
2280,1,1.0,7.0,3,Pune,Villa,Semi-Furnished,23699800.0
4456,4,2.0,16.0,3,Thane,Apartment,Semi-Furnished,55828957.0
752,5,1.0,36.0,2,Pune,Independent House,Unfurnished,8634226.0
1188,4,1.0,7.0,3,Pune,Villa,Unfurnished,13954733.0
4375,4,1.0,31.0,0,Nagpur,Apartment,Furnished,21232752.0
1655,2,1.0,27.0,1,Mumbai,Apartment,Furnished,30806178.0
1742,3,3.0,13.0,0,Thane,Apartment,Semi-Furnished,22486741.0
3665,1,1.0,13.0,3,Nashik,Independent House,Semi-Furnished,21421835.0
1257,2,1.0,37.0,2,Pune,Apartment,Furnished,12065828.0
2554,3,1.0,28.0,3,Nashik,Apartment,Furnished,15936680.0
1644,4,3.0,9.0,1,Thane,Apartment,Semi-Furnished,22685590.0
1291,1,3.0,36.0,1,Mumbai,Apartment,Semi-Furnished,22872528.0
4357,5,4.0,16.0,2,Nagpur,Apartment,Unfurnished,22595048.0
1299,3,1.0,3.0,2,Mumbai,Independent House,Semi-Furnished,26611638.0
877,5,1.0,32.0,1,Nashik,Apartment,Semi-Furnished,6792520.0
3195,3,2.0,34.0,1,Nagpur,Independent House,Unfurnished,15268831.0
3969,3,3.0,17.0,2,Pune,Apartment,Unfurnished,37848591.0
1009,4,1.0,28.0,0,Mumbai,Apartment,Furnished,20491494.0
3331,5,1.0,9.0,0,Pune,Apartment,Unfurnished,32081235.0
2663,1,2.0,34.0,0,Nagpur,Apartment,Furnished,12415153.0
3820,3,1.0,14.0,0,Nashik,Independent House,Furnished,24262752.0
1007,1,2.0,10.0,0,Mumbai,Villa,Semi-Furnished,20414434.0
4403,3,4.0,20.0,0,Pune,Apartment,Unfurnished,40758181.0
2976,5,3.0,10.0,0,Thane,Independent House,Furnished,40294901.0
3868,5,2.0,24.0,3,Mumbai,Independent House,Semi-Furnished,74126103.0
1947,2,2.0,29.0,0,Pune,Apartment,Unfurnished,16934752.0
4273,2,4.0,16.0,2,Pune,Villa,Semi-Furnished,42953976.0
3005,3,3.0,31.0,0,Nashik,Villa,Unfurnished,18790548.0
1007,2,3.0,17.0,3,Pune,Independent House,Semi-Furnished,11887503.0
4191,1,4.0,38.0,0,Thane,Apartment,Furnished,51390120.0
3683,2,1.0,10.0,2,Nagpur,Apartment,Semi-Furnished,18993152.0
1700,3,1.0,28.0,2,Pune,Apartment,Furnished,17050281.0
2682,3,2.0,21.0,3,Nashik,Apartment,Semi-Furnished,17115136.0
2052,5,2.0,37.0,2,Pune,Apartment,Furnished,20313862.0
2673,3,1.0,8.0,2,Pune,Villa,Furnished,28178739.0
4361,2,1.0,7.0,3,Nashik,Apartment,Unfurnished,24716899.0
4095,4,4.0,34.0,3,Pune,Apartment,Furnished,39262985.0
1362,4,3.0,36.0,1,Thane,Apartment,Furnished,18528356.0
4387,3,3.0,29.0,3,Nashik,Apartment,,25913965.0
2251,3,1.0,18.0,3,Pune,Apartment,Furnished,23276196.0
3319,2,2.0,16.0,2,Thane,Villa,Unfurnished,43512620.0
3556,5,3.0,26.0,3,Nashik,Independent House,Unfurnished,22736573.0
2431,5,3.0,29.0,0,Pune,Apartment,Unfurnished,23123142.0
2326,1,3.0,11.0,2,Nashik,Independent House,Semi-Furnished,15825016.0
2325,2,3.0,0.0,2,Thane,Independent House,Unfurnished,31478901.0
3950,2,2.0,2.0,3,Mumbai,Villa,Unfurnished,74938562.0
2045,5,4.0,13.0,0,Mumbai,Independent House,Furnished,41727502.0
1619,1,2.0,27.0,3,Mumbai,Apartment,Semi-Furnished,30029119.0
1946,2,1.0,17.0,0,Pune,Apartment,Furnished,18369059.0
1279,2,4.0,24.0,1,Pune,Independent House,Unfurnished,12842643.0
2066,3,1.0,18.0,2,Nashik,Apartment,Unfurnished,12400094.0
956,2,2.0,10.0,1,Thane,Apartment,Furnished,13461588.0
859,3,1.0,29.0,3,Nagpur,Apartment,Semi-Furnished,5180125.0
3395,4,1.0,28.0,3,Pune,Apartment,Semi-Furnished,32185949.0
809,5,2.0,38.0,0,Mumbai,Apartment,Furnished,15645531.0
2772,1,1.0,33.0,1,Pune,Apartment,Semi-Furnished,23727513.0
3619,1,2.0,15.0,0,Mumbai,Independent House,Semi-Furnished,67173844.0
3397,1,4.0,28.0,2,Nagpur,Apartment,Semi-Furnished,15898244.0
2284,5,1.0,14.0,3,Pune,Independent House,Unfurnished,23791544.0
1274,4,4.0,34.0,2,Thane,Apartment,Semi-Furnished,16996911.0
4222,3,2.0,24.0,0,Mumbai,Apartment,Semi-Furnished,76735128.0
3840,4,3.0,33.0,0,Nagpur,Independent House,Unfurnished,18757067.0
2948,3,2.0,11.0,0,Thane,Apartment,Semi-Furnished,37634926.0
847,2,2.0,0.0,1,Nagpur,Apartment,Semi-Furnished,5783882.0
640,3,1.0,5.0,2,Thane,Independent House,Semi-Furnished,11175644.0
1760,4,3.0,21.0,0,Thane,Apartment,Furnished,23966088.0
1130,1,4.0,38.0,3,Nashik,Apartment,Furnished,7447454.0
3941,4,3.0,25.0,1,Pune,Independent House,Semi-Furnished,38809920.0
1323,3,3.0,32.0,2,Pune,Apartment,Furnished,13773439.0
1630,1,3.0,18.0,2,Thane,Villa,Furnished,23633717.0
4402,2,2.0,38.0,2,Pune,Apartment,Unfurnished,39848537.0
3773,3,1.0,37.0,1,Thane,Apartment,Unfurnished,45636399.0
1374,2,3.0,8.0,1,Mumbai,Apartment,Unfurnished,25739667.0
2034,2,4.0,34.0,1,Nagpur,Villa,Unfurnished,11451460.0
2563,4,2.0,0.0,0,Mumbai,Apartment,Semi-Furnished,48108240.0
3157,3,4.0,23.0,1,Thane,Independent House,Semi-Furnished,41394460.0
4244,3,4.0,17.0,3,Pune,Villa,Furnished,42755503.0
3984,4,1.0,,3,Mumbai,Apartment,Semi-Furnished,73983884.0
4408,1,3.0,37.0,3,Thane,Apartment,Unfurnished,52170687.0
662,2,3.0,26.0,1,Pune,Villa,Furnished,9271678.0
1445,1,2.0,5.0,1,Pune,Villa,Semi-Furnished,16064287.0
2752,5,3.0,5.0,0,Thane,Apartment,Unfurnished,36594214.0
696,1,4.0,4.0,1,Thane,Independent House,Unfurnished,11168656.0
1921,5,3.0,12.0,2,Pune,Apartment,Semi-Furnished,20317407.0
1114,1,4.0,2.0,1,Nashik,Independent House,Semi-Furnished,8407195.0
4231,2,4.0,10.0,2,Pune,Independent House,Semi-Furnished,40311348.0
753,4,4.0,30.0,0,Pune,Apartment,Furnished,8615186.0
1093,5,4.0,34.0,1,Nashik,Apartment,Semi-Furnished,7642453.0
1280,1,1.0,31.0,1,Pune,Apartment,Furnished,12006876.0
1094,2,1.0,19.0,1,Mumbai,Apartment,Semi-Furnished,20506774.0
2774,5,1.0,27.0,0,Pune,Independent House,,27623797.0
1957,2,1.0,37.0,1,Thane,Apartment,Unfurnished,22536985.0
4149,2,3.0,2.0,3,Nashik,Villa,Semi-Furnished,27277915.0
1543,4,3.0,36.0,3,Pune,Independent House,Semi-Furnished,16037817.0
2648,1,2.0,28.0,1,Thane,Independent House,Semi-Furnished,32966265.0
3140,5,1.0,15.0,1,Thane,Apartment,Semi-Furnished,40483611.0
3003,5,3.0,17.0,2,Pune,Independent House,Semi-Furnished,30872555.0
3685,5,2.0,17.0,1,Thane,Apartment,Semi-Furnished,46999640.0
1307,2,4.0,6.0,2,Pune,Apartment,Semi-Furnished,13333411.0
2529,1,1.0,9.0,1,Pune,Apartment,Semi-Furnished,22765312.0
3702,3,2.0,11.0,3,Mumbai,Villa,Furnished,71423266.0
3952,2,1.0,0.0,2,Pune,Apartment,Semi-Furnished,38049159.0
2971,5,2.0,20.0,3,Nagpur,Apartment,Semi-Furnished,16052295.0
3107,4,4.0,19.0,3,Nashik,Apartment,Semi-Furnished,20943844.0
3956,5,2.0,13.0,1,Thane,Independent House,Semi-Furnished,50602471.0
2999,4,2.0,7.0,1,Pune,Apartment,Furnished,29815007.0
4295,4,2.0,38.0,0,Pune,Villa,Furnished,41918041.0
1010,1,2.0,27.0,2,Mumbai,Villa,Furnished,21148969.0
1891,1,3.0,18.0,2,Pune,Apartment,Furnished,18416244.0
948,1,4.0,28.0,1,Thane,Apartment,Semi-Furnished,11629331.0
862,3,3.0,14.0,0,Nagpur,Apartment,Furnished,6558118.0
2387,2,3.0,8.0,3,Nagpur,Apartment,Furnished,13591458.0
1403,5,2.0,26.0,0,Nagpur,Independent House,Furnished,9608421.0
2128,1,1.0,30.0,2,Pune,Apartment,Furnished,19936467.0
2251,5,3.0,26.0,0,Pune,Villa,Semi-Furnished,24197643.0
2983,4,4.0,22.0,0,Mumbai,Independent House,Semi-Furnished,56831116.0
4282,1,3.0,0.0,3,Thane,Independent House,Semi-Furnished,54544540.0
3897,1,1.0,25.0,2,Mumbai,Apartment,Semi-Furnished,70086524.0
2013,2,3.0,24.0,0,Pune,Independent House,Semi-Furnished,19651765.0
1802,2,4.0,16.0,0,Nagpur,Villa,Semi-Furnished,11272434.0
3583,2,1.0,9.0,1,Pune,Apartment,Semi-Furnished,33641432.0
994,3,1.0,39.0,2,Nashik,Villa,Semi-Furnished,6934927.0
2661,1,3.0,15.0,1,Pune,Apartment,Semi-Furnished,25504135.0
2192,1,2.0,10.0,3,Nashik,Independent House,Unfurnished,14054299.0
1231,4,3.0,28.0,2,Mumbai,Villa,Unfurnished,24988710.0
2965,5,3.0,19.0,2,Thane,Villa,Semi-Furnished,41017468.0
1782,2,2.0,22.0,1,Nagpur,Independent House,Semi-Furnished,10017807.0
1242,5,1.0,25.0,2,Pune,Villa,Unfurnished,13987183.0
3112,2,3.0,14.0,3,Nagpur,Apartment,Semi-Furnished,16701274.0
1196,2,2.0,6.0,0,Nagpur,Apartment,Semi-Furnished,7591691.0
3191,1,4.0,6.0,2,Nagpur,Independent House,Unfurnished,16460549.0
1148,3,2.0,37.0,3,Thane,Villa,Unfurnished,15970659.0
2239,3,1.0,20.0,1,Thane,Independent House,Semi-Furnished,28942086.0
3731,4,4.0,16.0,3,Pune,Apartment,Semi-Furnished,35768739.0
1414,1,3.0,12.0,1,Mumbai,Apartment,Furnished,27378109.0
3570,1,3.0,28.0,0,Mumbai,Independent House,Unfurnished,65440315.0
3387,3,4.0,36.0,3,Nashik,Villa,Semi-Furnished,22314100.0
4110,1,4.0,30.0,1,Thane,Apartment,Unfurnished,49464739.0
1175,1,4.0,21.0,3,Nashik,Apartment,Semi-Furnished,8326472.0
3360,4,4.0,19.0,1,Mumbai,Independent House,Unfurnished,62999094.0
4246,5,2.0,34.0,1,Thane,Villa,Unfurnished,54800227.0
3552,3,1.0,34.0,2,Nagpur,Apartment,,16396563.0
1251,1,3.0,15.0,1,Pune,Apartment,Semi-Furnished,12091547.0
3788,5,4.0,38.0,3,Thane,Apartment,Semi-Furnished,47587153.0
929,3,4.0,33.0,0,Mumbai,Apartment,Semi-Furnished,17630334.0
2855,4,3.0,33.0,0,Nashik,Apartment,Furnished,17515774.0
2490,1,3.0,2.0,0,Mumbai,Apartment,Semi-Furnished,46315850.0
2624,3,3.0,5.0,1,Thane,Independent House,Unfurnished,34576338.0
2578,1,1.0,11.0,0,Pune,Apartment,Semi-Furnished,23483586.0
625,4,1.0,30.0,1,Mumbai,Independent House,Unfurnished,13054972.0
2532,2,1.0,3.0,0,Nagpur,Apartment,Unfurnished,11903308.0
4246,5,4.0,3.0,3,Thane,Apartment,Semi-Furnished,55421614.0
2246,1,4.0,1.0,0,Pune,Apartment,Unfurnished,21938032.0
1607,4,2.0,7.0,3,Pune,Apartment,Unfurnished,16950396.0
4479,1,2.0,36.0,3,Thane,Villa,Semi-Furnished,55445636.0
895,4,2.0,28.0,2,Nagpur,Independent House,Furnished,7427510.0
2445,3,1.0,28.0,3,Mumbai,Villa,Unfurnished,46150559.0
2550,5,2.0,11.0,3,Mumbai,Villa,Semi-Furnished,50955543.0
2411,4,2.0,25.0,3,Mumbai,Independent House,Furnished,46919683.0
4186,2,3.0,31.0,2,Nagpur,Villa,Unfurnished,22280459.0
2187,1,4.0,21.0,2,Nashik,Apartment,Semi-Furnished,12736326.0
4393,3,1.0,34.0,1,Nagpur,Villa,Unfurnished,20448211.0
767,3,2.0,22.0,2,Pune,Apartment,Furnished,8726089.0
3435,1,4.0,12.0,1,Thane,Apartment,Unfurnished,41478011.0
2871,3,4.0,25.0,0,Pune,Villa,Unfurnished,28411987.0
1462,2,4.0,37.0,3,Thane,Villa,Furnished,20350078.0
1411,2,3.0,33.0,2,Pune,Apartment,Semi-Furnished,13151975.0
3378,1,1.0,19.0,2,Pune,Independent House,Unfurnished,31032791.0
3050,2,4.0,23.0,1,Pune,Apartment,Furnished,29813328.0
2944,2,3.0,39.0,3,Pune,Villa,Furnished,29514162.0
703,1,4.0,29.0,2,Mumbai,Independent House,Semi-Furnished,14997954.0
2891,3,4.0,20.0,0,Nagpur,Apartment,Unfurnished,14377717.0
4425,2,2.0,11.0,3,Thane,Independent House,Unfurnished,55907865.0
569,1,1.0,36.0,3,Nashik,Independent House,Furnished,4433535.0
2376,3,3.0,39.0,3,Nashik,Villa,Unfurnished,16275548.0
2477,1,2.0,2.0,1,Mumbai,Independent House,Semi-Furnished,47327936.0
4087,5,1.0,1.0,0,Thane,Villa,Unfurnished,52943080.0
1631,3,2.0,4.0,0,Pune,Apartment,Unfurnished,16607617.0
2402,5,4.0,15.0,2,Mumbai,Villa,Semi-Furnished,48408194.0
3368,5,2.0,6.0,3,Pune,Apartment,Semi-Furnished,33710872.0
741,5,2.0,35.0,0,Pune,Apartment,Unfurnished,7712210.0
3704,3,3.0,36.0,2,Nashik,Apartment,Unfurnished,21370062.0
3788,3,3.0,7.0,0,Pune,Apartment,Unfurnished,34889119.0
3378,4,2.0,33.0,3,Pune,Independent House,Unfurnished,32434077.0
3092,1,,5.0,0,Thane,Independent House,Unfurnished,39611202.0
3490,5,3.0,31.0,3,Pune,Independent House,Semi-Furnished,35011702.0
3627,2,1.0,14.0,0,Nashik,Apartment,Unfurnished,19891629.0
4113,1,2.0,1.0,1,Mumbai,Apartment,Semi-Furnished,74548507.0
2212,2,4.0,17.0,2,Thane,Apartment,Semi-Furnished,29219417.0
2324,2,1.0,32.0,3,Nagpur,Apartment,Semi-Furnished,10963813.0
3051,1,1.0,37.0,1,Pune,Apartment,Semi-Furnished,27670322.0
1272,4,3.0,4.0,3,Thane,Apartment,Furnished,19511733.0
3924,1,2.0,33.0,0,Mumbai,Independent House,Unfurnished,70574874.0
3582,5,2.0,11.0,1,Pune,Apartment,Unfurnished,33492355.0
3024,3,2.0,18.0,3,Nagpur,Independent House,Unfurnished,15890033.0
1706,4,1.0,4.0,1,Nagpur,Independent House,Unfurnished,10690241.0
1890,2,2.0,38.0,2,Mumbai,Villa,Furnished,36882797.0
2239,1,1.0,31.0,1,Mumbai,Apartment,Semi-Furnished,39632105.0
3150,1,3.0,25.0,1,Pune,Apartment,Furnished,29560103.0
3612,4,3.0,29.0,3,Nashik,Independent House,Furnished,23585939.0
3187,4,4.0,34.0,2,Thane,Apartment,Furnished,41147679.0
4219,2,1.0,5.0,2,Mumbai,Apartment,Semi-Furnished,77563937.0
4342,2,2.0,9.0,2,Thane,Independent House,Furnished,55613242.0
3319,5,2.0,1.0,3,Pune,Villa,Semi-Furnished,35540797.0
1983,5,3.0,19.0,1,Nagpur,Villa,Unfurnished,13347514.0
2896,3,3.0,19.0,3,Thane,Apartment,Semi-Furnished,36573040.0
2200,2,4.0,1.0,2,Nagpur,Apartment,Furnished,11728115.0
3016,2,4.0,26.0,3,Pune,Independent House,Furnished,30177412.0
3748,3,4.0,0.0,3,Mumbai,Apartment,Semi-Furnished,70750065.0
1977,3,1.0,31.0,0,Pune,Apartment,Furnished,18322117.0
2523,1,1.0,28.0,1,Nashik,Apartment,Semi-Furnished,13177873.0
682,1,4.0,32.0,1,Thane,Villa,Semi-Furnished,10255385.0
3446,3,4.0,4.0,1,Mumbai,Apartment,Semi-Furnished,64806305.0
2459,4,2.0,34.0,1,Pune,Independent House,Unfurnished,23953943.0
2338,1,1.0,21.0,0,Pune,Apartment,Semi-Furnished,20163613.0
2629,3,3.0,34.0,3,Nashik,Apartment,Furnished,15610407.0
1361,1,3.0,27.0,3,Nashik,Independent House,Furnished,10383800.0
2891,2,4.0,26.0,2,Pune,Independent House,Unfurnished,27893676.0
3480,4,3.0,1.0,1,Nagpur,Villa,Unfurnished,20138905.0
1898,2,4.0,27.0,3,Pune,Independent House,Unfurnished,18572035.0
1024,2,4.0,17.0,1,Nashik,Apartment,Furnished,7860018.0
2047,5,1.0,33.0,1,Mumbai,Apartment,Semi-Furnished,38206948.0
1294,1,1.0,27.0,3,Pune,Apartment,Semi-Furnished,11757661.0
1995,1,4.0,2.0,3,Nashik,Apartment,Unfurnished,12204675.0
3007,5,1.0,35.0,2,Nagpur,Villa,Unfurnished,16050681.0
953,3,1.0,2.0,0,Mumbai,Independent House,Furnished,21541408.0
3489,1,4.0,11.0,0,Nagpur,Apartment,Semi-Furnished,16943238.0
1398,3,1.0,8.0,3,Nashik,Apartment,Unfurnished,9784329.0
4078,3,1.0,38.0,1,Pune,Independent House,Unfurnished,37493621.0
3429,2,1.0,6.0,2,Thane,Apartment,Unfurnished,42217548.0
1590,3,2.0,33.0,1,Thane,Apartment,Unfurnished,19173799.0
2752,4,3.0,8.0,1,Pune,Apartment,Unfurnished,27703534.0
942,2,3.0,26.0,3,Thane,Apartment,Semi-Furnished,12861882.0
898,5,4.0,3.0,2,Nagpur,Apartment,Unfurnished,7145676.0
4324,3,3.0,15.0,1,Pune,Apartment,Semi-Furnished,40768650.0
3709,5,4.0,24.0,1,Nashik,Apartment,Semi-Furnished,23613658.0
1117,1,1.0,28.0,0,Pune,Apartment,Semi-Furnished,8575658.0
1630,2,2.0,34.0,2,Nashik,Apartment,Semi-Furnished,9664726.0
1290,4,2.0,32.0,2,Thane,Apartment,Furnished,17781921.0
2080,5,1.0,20.0,0,Mumbai,Apartment,Unfurnished,38602614.0
1665,2,4.0,12.0,1,Nashik,Apartment,Furnished,11707067.0
1812,5,1.0,10.0,2,Pune,Independent House,Unfurnished,19894039.0
2617,1,2.0,39.0,0,Nashik,Villa,Unfurnished,14639484.0
1256,3,2.0,24.0,3,Thane,Apartment,Unfurnished,16640871.0
4031,2,1.0,36.0,3,Pune,Apartment,Semi-Furnished,36802803.0
3410,3,4.0,17.0,2,Nashik,Villa,Semi-Furnished,22846162.0
3542,5,1.0,19.0,0,Mumbai,Apartment,Furnished,66353218.0
1177,4,1.0,33.0,2,Nagpur,Villa,Unfurnished,8174737.0
3332,4,2.0,28.0,3,Nagpur,Independent House,Semi-Furnished,18976252.0
3844,2,1.0,8.0,0,Nagpur,Apartment,Unfurnished,18322476.0
1200,5,4.0,20.0,3,Mumbai,Apartment,Unfurnished,24754762.0
3505,3,1.0,8.0,3,Nashik,Apartment,Semi-Furnished,21604587.0
1930,4,2.0,30.0,0,Nagpur,Apartment,Unfurnished,10340743.0
3650,4,2.0,1.0,0,Nagpur,Apartment,Semi-Furnished,18515303.0
2413,4,1.0,33.0,2,Nashik,Villa,Semi-Furnished,15549669.0
3708,4,1.0,37.0,3,Thane,Apartment,Semi-Furnished,45804865.0
1089,3,3.0,0.0,3,Pune,Villa,Semi-Furnished,15038064.0
2056,4,1.0,25.0,2,Pune,Villa,Unfurnished,20305423.0
1593,5,1.0,3.0,2,Thane,Apartment,Unfurnished,21824454.0
1493,2,2.0,14.0,2,Pune,Independent House,Semi-Furnished,15915780.0
1733,3,2.0,13.0,2,Thane,Independent House,Unfurnished,23690871.0
2029,1,2.0,20.0,3,Nashik,Apartment,Semi-Furnished,12342431.0
1009,2,4.0,36.0,0,Thane,Independent House,Semi-Furnished,12894300.0
3328,4,2.0,18.0,0,Nashik,Independent House,Semi-Furnished,20717974.0
2700,4,3.0,15.0,0,Thane,Apartment,Semi-Furnished,34336945.0
3817,2,4.0,3.0,3,Nagpur,Apartment,Unfurnished,19799025.0
3320,3,1.0,35.0,2,Nashik,Apartment,Unfurnished,18638591.0
1096,5,3.0,12.0,0,Mumbai,Villa,Unfurnished,23648674.0
779,1,2.0,18.0,0,Pune,Independent House,Unfurnished,8126046.0
2191,1,3.0,3.0,1,Pune,Apartment,Furnished,21472897.0
2424,2,1.0,11.0,0,Thane,Apartment,Unfurnished,30610337.0
1460,4,2.0,22.0,2,Pune,Apartment,Unfurnished,14958461.0
3628,2,1.0,36.0,1,Nagpur,Villa,Furnished,19009780.0
2826,5,4.0,13.0,1,Nashik,Apartment,Semi-Furnished,19442565.0
3491,5,3.0,22.0,0,Mumbai,Apartment,Unfurnished,65195309.0
936,3,1.0,35.0,2,Thane,Apartment,Furnished,12456187.0
3760,2,3.0,14.0,3,Pune,Villa,Semi-Furnished,37546766.0
1324,1,4.0,11.0,2,Nashik,Apartment,Furnished,10121728.0
2292,5,3.0,1.0,3,Mumbai,Apartment,Furnished,45757941.0
2257,5,2.0,36.0,3,Pune,Apartment,Semi-Furnished,21965942.0
3782,3,4.0,4.0,3,Pune,Apartment,Unfurnished,37612985.0
1607,3,1.0,8.0,2,Nagpur,Apartment,Semi-Furnished,8870332.0
1463,4,1.0,5.0,0,Pune,Apartment,Unfurnished,14186383.0
1858,4,1.0,28.0,1,Thane,Villa,Semi-Furnished,25872749.0
1943,1,4.0,14.0,1,Nashik,Apartment,Furnished,12287439.0
1226,4,3.0,28.0,2,Pune,Apartment,Unfurnished,12739794.0
1205,5,3.0,24.0,3,Pune,Apartment,Furnished,15002745.0
1425,4,3.0,0.0,2,Pune,Apartment,Semi-Furnished,15616319.0
2369,3,2.0,12.0,1,Nagpur,Apartment,Unfurnished,12072088.0
1873,3,1.0,0.0,3,Nashik,Apartment,Furnished,14109034.0
2068,2,4.0,2.0,2,Pune,Apartment,Semi-Furnished,21578849.0
3376,4,4.0,18.0,3,Nashik,Apartment,Semi-Furnished,21427081.0
1463,2,1.0,10.0,2,Mumbai,Independent House,Semi-Furnished,29919221.0
4139,2,1.0,3.0,2,Nashik,Apartment,Unfurnished,24081607.0
3507,2,3.0,16.0,1,Pune,Apartment,Unfurnished,32771594.0
1198,2,1.0,18.0,1,Pune,Independent House,Semi-Furnished,13454210.0
1755,2,3.0,39.0,1,Mumbai,Apartment,Furnished,32911389.0
1234,1,4.0,26.0,1,Nagpur,Villa,Semi-Furnished,8777774.0
1591,4,2.0,15.0,2,Nagpur,Apartment,Furnished,9664707.0
1961,3,2.0,18.0,1,Pune,Villa,Furnished,22131679.0
1023,5,4.0,3.0,0,Pune,Independent House,Unfurnished,13383316.0
557,1,2.0,15.0,0,Nagpur,Apartment,Furnished,3370899.0
2255,4,1.0,23.0,3,Pune,Independent House,Furnished,23834875.0
3303,1,1.0,0.0,1,Nashik,Apartment,Semi-Furnished,19632111.0
1711,3,4.0,36.0,2,Mumbai,Villa,Semi-Furnished,34848640.0
3941,3,4.0,20.0,3,Pune,Apartment,Semi-Furnished,38030583.0
1977,3,1.0,31.0,0,Nashik,Apartment,Furnished,11572138.0
4103,4,4.0,11.0,3,Pune,Apartment,Furnished,40261858.0
1443,5,1.0,33.0,2,Nashik,Independent House,Semi-Furnished,10625171.0
2657,2,1.0,14.0,2,Pune,Villa,Furnished,26917135.0
3552,5,2.0,37.0,1,Mumbai,Independent House,Semi-Furnished,66194090.0
736,1,2.0,20.0,2,Nashik,Apartment,Furnished,5248114.0
4220,2,4.0,25.0,0,Pune,Apartment,Semi-Furnished,38940152.0
1959,2,3.0,8.0,1,Nashik,Apartment,Furnished,13531608.0
2491,5,1.0,39.0,3,Nagpur,Apartment,Furnished,12967478.0
3013,1,3.0,7.0,1,Thane,Apartment,Semi-Furnished,36574508.0
3071,2,4.0,1.0,2,Pune,Independent House,Furnished,31090402.0
594,3,3.0,17.0,3,Pune,Independent House,Semi-Furnished,8627982.0
3968,5,1.0,33.0,2,Mumbai,Apartment,Unfurnished,72369939.0
2994,3,1.0,36.0,1,Thane,Apartment,Unfurnished,35351498.0
4495,5,2.0,34.0,3,Mumbai,Villa,Semi-Furnished,85681303.0
2386,4,2.0,22.0,3,Mumbai,Villa,Unfurnished,46860938.0
2954,4,2.0,36.0,2,Nagpur,Villa,Unfurnished,15926708.0
2264,4,1.0,19.0,0,Pune,Apartment,Semi-Furnished,22080984.0
4059,1,1.0,19.0,1,Nashik,Apartment,Unfurnished,22135187.0
3829,3,3.0,7.0,1,Mumbai,Apartment,Semi-Furnished,70787783.0
4134,3,4.0,31.0,0,Nashik,Independent House,Furnished,26000824.0
2517,2,3.0,12.0,1,Nagpur,Villa,Unfurnished,14739599.0
3665,1,2.0,7.0,0,Mumbai,Independent House,Semi-Furnished,67180200.0
1935,1,4.0,14.0,2,Nashik,Apartment,Unfurnished,11854395.0
2343,4,3.0,24.0,1,Nashik,Apartment,Furnished,15568075.0
3540,4,3.0,10.0,2,Pune,Apartment,Semi-Furnished,34625221.0
824,2,3.0,14.0,1,Thane,Independent House,Furnished,13961769.0
3341,4,4.0,13.0,2,Nagpur,Apartment,Semi-Furnished,18939435.0
563,4,3.0,23.0,2,Thane,Villa,Furnished,11146121.0
2822,5,3.0,28.0,0,Nagpur,Apartment,Semi-Furnished,14698731.0
2408,5,3.0,27.0,1,Pune,Apartment,Semi-Furnished,23848878.0
2374,5,4.0,5.0,2,Mumbai,Apartment,Unfurnished,45816900.0
2477,1,4.0,13.0,2,Mumbai,Apartment,Semi-Furnished,45831658.0
2467,4,2.0,25.0,0,Pune,Independent House,Semi-Furnished,24981086.0
2129,2,3.0,8.0,3,Mumbai,Independent House,Semi-Furnished,42494649.0
2305,3,1.0,2.0,0,Mumbai,Villa,Unfurnished,45487537.0
2772,4,3.0,12.0,3,Pune,Apartment,Semi-Furnished,28293130.0
3553,4,4.0,27.0,2,Thane,Villa,Semi-Furnished,45662800.0
2708,3,3.0,26.0,1,Pune,Apartment,Semi-Furnished,25012953.0
3070,5,2.0,5.0,0,Nashik,Independent House,Semi-Furnished,21363873.0
3846,1,3.0,27.0,3,Nagpur,Villa,Semi-Furnished,20725718.0
4458,1,2.0,7.0,2,Nashik,Apartment,Semi-Furnished,26228181.0
934,1,2.0,29.0,3,Pune,Apartment,Semi-Furnished,8808489.0
3351,5,1.0,22.0,3,Nashik,Apartment,Furnished,21979035.0
1400,3,3.0,5.0,0,Nagpur,Apartment,Furnished,9489117.0
1287,3,1.0,14.0,2,Thane,Independent House,Unfurnished,18215850.0
3672,4,2.0,32.0,1,Mumbai,Villa,Unfurnished,67940544.0
774,3,4.0,17.0,3,Pune,Apartment,Semi-Furnished,9660503.0
3891,3,4.0,27.0,0,Nashik,Apartment,Furnished,24199057.0
3582,1,2.0,29.0,0,Pune,Villa,Unfurnished,33775352.0
4479,1,4.0,1.0,2,Nagpur,Apartment,Semi-Furnished,22842210.0
3171,5,1.0,37.0,2,Nagpur,Apartment,Semi-Furnished,15795868.0
3991,3,4.0,13.0,2,Nagpur,Villa,Furnished,22867234.0
974,1,2.0,31.0,1,Thane,Apartment,Unfurnished,11899137.0
4059,2,4.0,18.0,1,Nashik,Apartment,Furnished,24203095.0
1141,2,4.0,23.0,3,Thane,Apartment,Semi-Furnished,15136562.0
1757,2,3.0,14.0,3,Nashik,Apartment,Furnished,11938304.0
1012,2,3.0,34.0,3,Pune,Independent House,Furnished,11608551.0
2106,4,3.0,4.0,1,Nagpur,Independent House,Semi-Furnished,12782460.0
3495,1,1.0,35.0,3,Nagpur,Independent House,Semi-Furnished,17046477.0
1572,2,1.0,8.0,1,Thane,Independent House,Semi-Furnished,21220089.0
3788,3,2.0,35.0,3,Pune,Apartment,Furnished,36116160.0
2925,3,2.0,0.0,3,Mumbai,Apartment,Semi-Furnished,54586419.0
3015,5,3.0,0.0,0,Thane,Villa,Unfurnished,41365885.0
4255,5,2.0,3.0,3,Pune,Apartment,Furnished,43036603.0
2227,2,3.0,21.0,2,Nashik,Independent House,Unfurnished,14405847.0
1878,3,1.0,10.0,3,Nashik,Apartment,Furnished,12982509.0
4478,1,1.0,23.0,2,Pune,Apartment,Unfurnished,40601341.0
2728,4,4.0,32.0,0,Pune,Villa,Semi-Furnished,28624143.0
2958,1,4.0,1.0,3,Thane,Independent House,Furnished,39671317.0
1685,1,4.0,21.0,0,Pune,Villa,Semi-Furnished,18133939.0
1361,4,2.0,29.0,3,Nagpur,Apartment,Semi-Furnished,8760124.0
1179,1,3.0,16.0,0,Nagpur,Apartment,Semi-Furnished,6548021.0
1394,3,3.0,37.0,3,Nashik,Apartment,Unfurnished,8096883.0
1280,1,2.0,26.0,1,Mumbai,Villa,Unfurnished,25239989.0
3486,4,3.0,1.0,0,Pune,Apartment,Semi-Furnished,34318325.0
731,4,3.0,21.0,0,Thane,Villa,Semi-Furnished,12586977.0
3017,3,2.0,15.0,1,Pune,Apartment,Unfurnished,28481096.0
4297,5,2.0,5.0,3,Pune,Apartment,Semi-Furnished,42648991.0
3562,3,2.0,38.0,3,Thane,Independent House,Furnished,46020984.0
2111,1,4.0,8.0,2,Mumbai,Apartment,Furnished,40418990.0
737,1,4.0,3.0,2,Pune,Villa,Semi-Furnished,11372068.0
3836,2,4.0,8.0,1,Thane,Apartment,Furnished,48786065.0
512,2,4.0,32.0,3,Pune,Independent House,Semi-Furnished,7578976.0
3225,2,2.0,23.0,1,Pune,Apartment,Semi-Furnished,30044295.0
3183,2,4.0,32.0,3,Mumbai,Apartment,Semi-Furnished,58412409.0
1267,3,1.0,18.0,1,Nagpur,Independent House,Furnished,9446445.0
3459,1,4.0,4.0,1,Thane,Villa,Unfurnished,44473452.0
1201,4,2.0,15.0,1,Nagpur,Apartment,Unfurnished,6839836.0
1402,2,2.0,7.0,2,Thane,Apartment,Furnished,18668782.0
3747,4,1.0,22.0,2,Pune,Apartment,Semi-Furnished,36103270.0
4416,3,1.0,10.0,3,Nashik,Independent House,Furnished,28604551.0
1558,5,2.0,38.0,0,Pune,Villa,Semi-Furnished,17339908.0
4185,3,3.0,15.0,0,Thane,Independent House,Semi-Furnished,52627257.0
4153,2,1.0,12.0,3,Thane,Independent House,Unfurnished,51922950.0
3577,3,4.0,39.0,3,Mumbai,Apartment,Furnished,66189821.0
1060,4,1.0,20.0,0,Thane,Villa,Unfurnished,15106289.0
1697,3,4.0,6.0,3,Nashik,Villa,Unfurnished,13503499.0
3210,3,2.0,19.0,1,Pune,Independent House,Furnished,32197581.0
4496,3,2.0,10.0,3,Nashik,Villa,Unfurnished,28145674.0
3757,2,1.0,28.0,3,Thane,Apartment,Unfurnished,45505280.0
2181,2,4.0,22.0,2,Mumbai,Independent House,Semi-Furnished,41118655.0
1441,5,3.0,29.0,0,Pune,Villa,Furnished,18074631.0
4341,4,1.0,37.0,3,Thane,Independent House,Furnished,54655865.0
1604,1,1.0,29.0,0,Mumbai,Apartment,Unfurnished,28513612.0
1868,5,3.0,13.0,1,Mumbai,Apartment,Semi-Furnished,36738908.0
4358,4,4.0,8.0,2,Nagpur,Villa,Semi-Furnished,24852124.0
2746,1,1.0,21.0,0,Nashik,Villa,Semi-Furnished,16543607.0
1558,4,1.0,17.0,1,Mumbai,Apartment,Unfurnished,29081748.0
521,3,3.0,12.0,3,Pune,Apartment,Semi-Furnished,6896966.0
2219,5,1.0,32.0,0,Thane,Villa,Semi-Furnished,29839406.0
4444,3,2.0,36.0,1,Mumbai,Independent House,Unfurnished,81818770.0
2230,3,1.0,15.0,0,Nagpur,Apartment,Furnished,12079965.0
3298,2,2.0,27.0,2,Thane,Apartment,Unfurnished,39580847.0
1512,2,3.0,39.0,0,Pune,Apartment,Furnished,14347300.0
3602,4,2.0,0.0,1,Thane,Apartment,Semi-Furnished,46167715.0
3603,5,2.0,14.0,2,Nagpur,Apartment,Semi-Furnished,18965611.0
2933,5,2.0,29.0,0,Thane,Apartment,Furnished,37489063.0
3587,4,3.0,19.0,0,Pune,Villa,Unfurnished,36026670.0
2815,4,1.0,31.0,3,Mumbai,Apartment,Unfurnished,51386033.0
2013,3,1.0,18.0,3,Nagpur,Apartment,Semi-Furnished,10642849.0
3451,2,1.0,2.0,0,Thane,Independent House,Furnished,44903954.0
3840,4,4.0,17.0,3,Thane,Apartment,Furnished,49781033.0
3864,2,3.0,16.0,1,Mumbai,Villa,Semi-Furnished,73457600.0
1352,2,1.0,33.0,0,Nashik,Apartment,Furnished,8582132.0
3206,5,2.0,5.0,3,Pune,Independent House,Unfurnished,32281756.0
517,3,2.0,6.0,1,Nagpur,Independent House,Unfurnished,5186234.0
2787,2,1.0,5.0,1,Thane,Apartment,Unfurnished,34295420.0
2784,5,4.0,22.0,0,Nagpur,Villa,Furnished,16938576.0
1953,5,4.0,39.0,3,Mumbai,Villa,Semi-Furnished,38938863.0
4476,2,1.0,24.0,1,Thane,Apartment,Semi-Furnished,54206654.0
4031,3,1.0,32.0,2,Pune,Villa,Semi-Furnished,38806466.0
654,3,2.0,34.0,0,Mumbai,Apartment,Unfurnished,11648900.0
1335,4,3.0,24.0,3,Nashik,Apartment,Unfurnished,9226361.0
1331,5,4.0,24.0,3,Nashik,Independent House,Unfurnished,12011491.0
4090,3,2.0,9.0,2,Nagpur,Apartment,Unfurnished,19388652.0
2575,4,2.0,38.0,1,Nashik,Apartment,Semi-Furnished,15754230.0
3415,3,1.0,31.0,2,Pune,Apartment,Unfurnished,31136732.0
3739,5,1.0,34.0,1,Pune,Independent House,Furnished,36433955.0
3570,3,1.0,39.0,3,Nashik,Apartment,Furnished,19916805.0
856,2,2.0,13.0,2,Nagpur,Apartment,Furnished,6305243.0
1061,3,3.0,,0,Nashik,Villa,Unfurnished,8837065.0
2080,5,1.0,34.0,3,Mumbai,Villa,Semi-Furnished,41452552.0
1853,4,1.0,18.0,0,Pune,Apartment,Unfurnished,18610599.0
3488,1,4.0,38.0,1,Nagpur,Independent House,Unfurnished,15848738.0
1124,1,4.0,27.0,1,Mumbai,Apartment,Semi-Furnished,21537762.0
1986,3,3.0,10.0,0,Nashik,Villa,Semi-Furnished,14834448.0
1446,5,3.0,14.0,3,Mumbai,Villa,Semi-Furnished,30225608.0
1255,3,3.0,24.0,3,Pune,Apartment,Furnished,13192832.0
1191,3,2.0,15.0,0,Pune,Independent House,Unfurnished,12899202.0
1281,4,1.0,11.0,1,Pune,Apartment,Furnished,14389532.0
2757,3,2.0,8.0,1,Nagpur,Apartment,Unfurnished,13325189.0
2140,5,3.0,25.0,2,Pune,Apartment,Furnished,22384267.0
2241,4,3.0,1.0,2,Pune,Apartment,Semi-Furnished,23899600.0
2417,4,3.0,3.0,2,Thane,Independent House,Unfurnished,33213359.0
3464,4,3.0,1.0,0,Mumbai,Apartment,Semi-Furnished,65166224.0
3947,4,1.0,29.0,2,Nashik,Independent House,Unfurnished,23865811.0
2605,1,3.0,1.0,0,Mumbai,Apartment,Furnished,49522596.0
3069,3,4.0,16.0,0,Pune,Independent House,Unfurnished,30554605.0
3454,1,3.0,4.0,3,Pune,Independent House,Furnished,35027147.0
3261,3,3.0,23.0,0,Thane,Apartment,Semi-Furnished,40633078.0
1037,1,1.0,1.0,0,Mumbai,Apartment,Furnished,20273467.0
4431,3,4.0,1.0,1,Nagpur,Independent House,Unfurnished,23541951.0
1159,2,2.0,16.0,2,Thane,Apartment,Semi-Furnished,15024304.0
2147,1,2.0,27.0,2,Pune,Apartment,Furnished,20783443.0
3110,1,2.0,4.0,0,Nagpur,Independent House,Unfurnished,15056318.0
2113,3,1.0,19.0,3,Pune,Independent House,Unfurnished,20980060.0
1472,1,4.0,32.0,1,Mumbai,Villa,Semi-Furnished,28809691.0
4193,5,3.0,25.0,2,Thane,Independent House,Semi-Furnished,54137356.0
786,4,2.0,30.0,0,Pune,Apartment,Furnished,9169888.0
1483,4,4.0,12.0,3,Thane,Villa,Unfurnished,23006044.0
4471,1,1.0,37.0,1,Nashik,Apartment,Furnished,24655488.0
3419,4,2.0,5.0,3,Mumbai,Villa,Furnished,66608906.0
847,4,3.0,24.0,1,Pune,Villa,Furnished,11887733.0
3518,2,1.0,17.0,2,Nashik,Apartment,Unfurnished,19865271.0
4378,1,3.0,1.0,2,Mumbai,Independent House,Unfurnished,81547970.0
891,3,4.0,37.0,0,Pune,Apartment,Furnished,9038850.0
2156,4,3.0,28.0,0,Mumbai,Villa,Semi-Furnished,42179057.0
2372,1,1.0,9.0,1,Pune,Apartment,Semi-Furnished,23008198.0
1024,1,3.0,2.0,0,Thane,Apartment,Furnished,14468933.0
1302,2,2.0,27.0,2,Mumbai,Apartment,Unfurnished,23372180.0
1195,3,3.0,21.0,0,Mumbai,Independent House,Furnished,24407097.0
1241,3,3.0,1.0,2,Nagpur,Apartment,Semi-Furnished,7489658.0
2114,3,1.0,39.0,0,Nagpur,Villa,Furnished,11936513.0
2355,2,1.0,28.0,0,Thane,Apartment,Furnished,29751457.0
1451,1,1.0,18.0,1,Thane,Independent House,Semi-Furnished,18358029.0
1657,1,1.0,9.0,2,Pune,Villa,Unfurnished,16667779.0
1268,1,2.0,10.0,1,Mumbai,Apartment,Furnished,24160033.0
3684,4,1.0,18.0,1,Nagpur,Apartment,Furnished,19322592.0
1347,4,4.0,2.0,1,Pune,Villa,Semi-Furnished,18070087.0
4130,3,4.0,14.0,1,Nagpur,Apartment,Furnished,21616695.0
2655,1,1.0,8.0,1,Pune,Apartment,Semi-Furnished,24296341.0
3710,3,2.0,4.0,3,Thane,Apartment,Semi-Furnished,47199999.0
3045,5,3.0,5.0,2,Nagpur,Apartment,Furnished,18617741.0
1564,2,3.0,13.0,1,Nashik,Independent House,Semi-Furnished,11142095.0
2905,3,3.0,15.0,2,Mumbai,Independent House,Furnished,56063213.0
1596,3,4.0,14.0,2,Thane,Villa,Furnished,24070252.0
974,2,3.0,27.0,3,Nagpur,Apartment,Semi-Furnished,5027362.0
1518,3,3.0,20.0,2,Thane,Independent House,Unfurnished,21125076.0
1602,3,3.0,7.0,0,Thane,Villa,Furnished,24158193.0
1040,3,3.0,38.0,2,Pune,Independent House,Semi-Furnished,10522907.0
594,4,2.0,29.0,3,Pune,Apartment,Semi-Furnished,6637207.0
4275,3,3.0,18.0,0,Pune,Apartment,Semi-Furnished,39738635.0
2553,1,4.0,1.0,0,Nagpur,Villa,Unfurnished,15025257.0
2108,1,2.0,36.0,2,Nashik,Independent House,Unfurnished,11766000.0
4219,3,1.0,29.0,3,Mumbai,Apartment,Semi-Furnished,77312608.0
1398,5,3.0,18.0,1,Thane,Apartment,Furnished,19974201.0
2111,1,4.0,6.0,2,Pune,Apartment,Semi-Furnished,21041027.0
3886,1,4.0,4.0,2,Nagpur,Independent House,Unfurnished,20320171.0
3028,4,3.0,11.0,2,Mumbai,Villa,,59286550.0
2096,3,4.0,9.0,0,Mumbai,Independent House,Furnished,41619463.0
1523,2,2.0,8.0,1,Pune,Villa,Unfurnished,16834186.0
640,2,2.0,16.0,3,Nagpur,Independent House,Semi-Furnished,5617637.0
840,4,2.0,1.0,3,Nagpur,Apartment,Semi-Furnished,6975650.0
1147,3,2.0,13.0,3,Mumbai,Apartment,Semi-Furnished,22691944.0
3646,4,3.0,34.0,0,Nashik,Villa,Semi-Furnished,24049199.0
3057,2,4.0,34.0,1,Nashik,Villa,Furnished,19794283.0
2233,3,2.0,0.0,0,Mumbai,Apartment,Unfurnished,42659148.0
3631,5,1.0,27.0,1,Nashik,Apartment,Unfurnished,20992192.0
1143,2,4.0,39.0,3,Mumbai,Villa,Unfurnished,23228579.0
1343,2,4.0,23.0,1,Thane,Independent House,Semi-Furnished,19348691.0
2070,1,4.0,15.0,0,Nagpur,Apartment,Furnished,10863122.0
4169,4,2.0,19.0,2,Pune,Independent House,Semi-Furnished,40430674.0
2956,1,3.0,8.0,3,Nagpur,Apartment,Furnished,15448847.0
3903,2,3.0,15.0,2,Mumbai,Apartment,Semi-Furnished,72005285.0
1492,4,4.0,37.0,3,Thane,Apartment,Unfurnished,19538842.0
3893,1,4.0,24.0,2,Nashik,Apartment,Unfurnished,22003501.0
789,5,4.0,17.0,2,Pune,Apartment,Semi-Furnished,10172007.0
1410,3,2.0,4.0,3,Nagpur,Villa,Semi-Furnished,11714544.0
2592,2,1.0,36.0,1,Pune,Villa,Semi-Furnished,25067803.0
702,3,1.0,6.0,1,Thane,Apartment,Semi-Furnished,10124954.0
3933,4,4.0,28.0,2,Thane,Independent House,Semi-Furnished,50829730.0
3969,3,4.0,12.0,2,Nagpur,Independent House,Semi-Furnished,21851396.0
2665,5,1.0,11.0,1,Nashik,Apartment,Semi-Furnished,17923120.0
1723,5,2.0,6.0,1,Nashik,Apartment,Semi-Furnished,13474039.0
895,2,1.0,15.0,0,Mumbai,Apartment,Furnished,17665822.0
2975,4,2.0,27.0,2,Pune,Villa,Semi-Furnished,30255286.0
2650,2,3.0,16.0,0,Thane,Apartment,Furnished,32793993.0
3539,5,3.0,0.0,1,Mumbai,Villa,Semi-Furnished,68759967.0
2910,2,2.0,10.0,1,Mumbai,Villa,Semi-Furnished,55853853.0
1013,2,2.0,6.0,3,Pune,Villa,Furnished,13025576.0
987,4,3.0,16.0,1,Thane,Apartment,Furnished,14060695.0
3623,4,3.0,36.0,0,Thane,Apartment,Furnished,45255623.0
1136,1,1.0,38.0,2,Mumbai,Apartment,Unfurnished,19957542.0
4254,3,1.0,39.0,0,Pune,Independent House,Unfurnished,38825085.0
923,2,2.0,4.0,1,Thane,Villa,Furnished,15659554.0
3413,4,2.0,19.0,1,Mumbai,Villa,Furnished,66041462.0
4400,3,4.0,1.0,0,Thane,Villa,Semi-Furnished,57917155.0
2264,5,4.0,19.0,3,Thane,Apartment,Unfurnished,30986047.0
726,5,3.0,23.0,1,Nagpur,Apartment,Semi-Furnished,6973312.0
4006,4,1.0,30.0,2,Pune,Apartment,Unfurnished,37293252.0
1249,4,1.0,13.0,3,Nagpur,Apartment,,7353567.0
2609,5,2.0,1.0,1,Thane,Apartment,Semi-Furnished,34715826.0
4438,1,3.0,18.0,3,Mumbai,Apartment,Unfurnished,81431965.0
3479,4,3.0,17.0,1,Thane,Villa,Semi-Furnished,45526049.0
685,4,1.0,24.0,3,Mumbai,Apartment,Semi-Furnished,14871447.0
3782,1,4.0,3.0,1,Thane,Apartment,Semi-Furnished,47287534.0
1144,5,2.0,24.0,0,Nagpur,Apartment,Semi-Furnished,7300207.0
3497,4,3.0,16.0,3,Pune,Apartment,Furnished,34399541.0
2983,2,1.0,29.0,3,Mumbai,Apartment,Semi-Furnished,53838324.0
1651,3,4.0,39.0,3,Pune,Apartment,Furnished,16673524.0
2194,3,3.0,9.0,0,Mumbai,Apartment,Semi-Furnished,42228355.0
971,5,1.0,30.0,3,Thane,Independent House,Semi-Furnished,14376118.0
4447,5,2.0,5.0,1,Pune,Apartment,Furnished,44428635.0
1453,5,2.0,39.0,3,Thane,Apartment,Unfurnished,18518207.0
1734,4,1.0,19.0,3,Pune,Apartment,Unfurnished,16765298.0
2511,1,4.0,29.0,0,Nagpur,Apartment,Furnished,12413637.0
3189,5,4.0,31.0,1,Thane,Apartment,Semi-Furnished,40953582.0
2521,1,4.0,24.0,1,Nagpur,Apartment,Unfurnished,11859140.0
2520,1,2.0,15.0,1,Thane,Independent House,Furnished,32687929.0
2830,1,3.0,30.0,2,Thane,Independent House,Unfurnished,35741332.0
3930,5,2.0,19.0,1,Nashik,Villa,Semi-Furnished,25937712.0
2080,3,2.0,26.0,2,Nagpur,Apartment,Furnished,11058317.0
3828,2,3.0,24.0,2,Pune,Apartment,Furnished,35752164.0
3647,1,2.0,18.0,0,Mumbai,Apartment,Semi-Furnished,66769136.0
4344,3,4.0,4.0,0,Pune,Villa,Unfurnished,42854445.0
4152,4,1.0,11.0,2,Thane,Apartment,Furnished,52536354.0
3692,5,1.0,37.0,0,Nagpur,Villa,Furnished,20537346.0
1486,3,4.0,20.0,0,Nashik,Apartment,Unfurnished,10447367.0
3597,4,4.0,25.0,2,Thane,Apartment,Semi-Furnished,45687099.0
3446,5,4.0,10.0,1,Pune,Apartment,Semi-Furnished,34382351.0
1658,5,2.0,28.0,0,Thane,Apartment,Unfurnished,21243456.0
3211,2,2.0,19.0,1,Pune,Villa,Furnished,32124008.0
1511,5,1.0,8.0,2,Mumbai,Apartment,Furnished,30497869.0
2592,3,2.0,5.0,3,Nashik,Apartment,Semi-Furnished,16738280.0
3686,5,3.0,15.0,3,Mumbai,Apartment,Furnished,70547828.0
1254,1,2.0,22.0,2,Nagpur,Independent House,,7813323.0
1847,1,2.0,11.0,3,Nagpur,Apartment,Semi-Furnished,10363191.0
3680,5,1.0,9.0,2,Thane,Villa,Furnished,49317675.0
2315,4,2.0,10.0,1,Pune,Apartment,Semi-Furnished,23149837.0
4342,1,3.0,11.0,3,Pune,Villa,Furnished,43643044.0
531,5,3.0,29.0,1,Pune,Villa,Unfurnished,8318698.0
3387,1,3.0,,3,Mumbai,Apartment,Semi-Furnished,62199105.0
3756,4,4.0,18.0,3,Pune,Apartment,Semi-Furnished,36759102.0
4171,2,1.0,6.0,1,Mumbai,Apartment,Unfurnished,76767992.0
1127,1,2.0,21.0,2,Thane,Apartment,Semi-Furnished,14421735.0
4436,5,3.0,38.0,3,Thane,Villa,Semi-Furnished,57734268.0
2069,5,2.0,29.0,3,Thane,Apartment,Semi-Furnished,27062419.0
1908,1,4.0,17.0,0,Pune,Apartment,Semi-Furnished,18762232.0
1922,1,1.0,12.0,3,Nashik,Independent House,Unfurnished,12317958.0
3052,4,1.0,14.0,2,Pune,Independent House,Unfurnished,30575159.0
3137,1,2.0,1.0,0,Mumbai,Apartment,Unfurnished,57800991.0
2395,4,2.0,1.0,0,Mumbai,Villa,Furnished,47736271.0
784,5,4.0,31.0,2,Thane,Apartment,Furnished,12500381.0
4446,4,2.0,33.0,1,Nashik,Villa,Semi-Furnished,28013739.0
1388,2,2.0,38.0,0,Pune,Apartment,Semi-Furnished,12994418.0
875,1,1.0,25.0,2,Nashik,Villa,Semi-Furnished,7486546.0
2889,4,2.0,37.0,2,Thane,Apartment,Unfurnished,35525127.0
2149,1,3.0,16.0,0,Pune,Apartment,Unfurnished,20434094.0
2962,3,3.0,10.0,1,Thane,Independent House,Semi-Furnished,38528257.0
4002,3,3.0,9.0,1,Pune,Apartment,Unfurnished,37175356.0
889,4,2.0,9.0,3,Pune,Apartment,Furnished,11266075.0
1636,2,1.0,29.0,2,Thane,Apartment,Unfurnished,20230129.0
2566,4,1.0,0.0,0,Pune,Apartment,Semi-Furnished,25155207.0
3651,4,1.0,37.0,2,Nagpur,Apartment,Semi-Furnished,16828064.0
2902,2,3.0,30.0,3,Pune,Apartment,Semi-Furnished,26533771.0
2031,2,4.0,15.0,0,Nashik,Apartment,Furnished,13651675.0
2940,1,4.0,28.0,3,Nashik,Villa,Semi-Furnished,18408578.0
4419,3,2.0,5.0,0,Thane,Independent House,Unfurnished,55875064.0
2420,2,1.0,17.0,2,Thane,Apartment,Semi-Furnished,30052361.0
4034,1,3.0,4.0,1,Nagpur,Apartment,Unfurnished,18986231.0
3619,3,1.0,4.0,2,Mumbai,Apartment,Unfurnished,66452575.0
1705,3,3.0,0.0,3,Pune,Apartment,Semi-Furnished,18577831.0
1498,1,2.0,31.0,3,Nashik,Villa,Unfurnished,9639629.0
3580,1,4.0,29.0,3,Mumbai,Independent House,Unfurnished,65977762.0
1329,1,3.0,35.0,3,Pune,Independent House,Semi-Furnished,13631633.0
1847,4,3.0,39.0,1,Thane,Independent House,Semi-Furnished,24719698.0
1441,2,2.0,38.0,1,Mumbai,Apartment,Furnished,27038444.0
2925,1,4.0,39.0,2,Pune,Villa,Unfurnished,28059128.0
1676,1,3.0,0.0,0,Thane,Apartment,Semi-Furnished,21339459.0
3133,5,3.0,31.0,2,Nashik,Independent House,Semi-Furnished,20751077.0
4239,2,2.0,28.0,2,Nagpur,Apartment,Furnished,20730792.0
3818,4,2.0,6.0,3,Pune,Apartment,Semi-Furnished,37320298.0
4291,3,4.0,5.0,0,Mumbai,Independent House,Semi-Furnished,80708444.0
597,1,2.0,39.0,0,Nashik,Apartment,Semi-Furnished,3897330.0
2321,2,1.0,35.0,0,Pune,Independent House,Semi-Furnished,21207127.0
1380,1,2.0,13.0,2,Nagpur,Villa,Unfurnished,8892153.0
4171,4,2.0,2.0,2,Pune,Independent House,Semi-Furnished,42069714.0
3347,2,2.0,13.0,2,Pune,Apartment,Unfurnished,31079431.0
1780,3,1.0,0.0,0,Pune,Apartment,Semi-Furnished,18044167.0
2754,1,1.0,27.0,1,Pune,Villa,Semi-Furnished,26435340.0
2921,5,2.0,15.0,1,Pune,Apartment,Unfurnished,28469100.0
2482,2,2.0,1.0,0,Nagpur,Apartment,Unfurnished,12923772.0
2397,3,1.0,39.0,3,Nashik,Independent House,Semi-Furnished,14784306.0
720,5,2.0,33.0,0,Pune,Independent House,Furnished,10979766.0
2309,4,2.0,36.0,2,Nashik,Independent House,Furnished,15355768.0
1893,4,1.0,39.0,1,Pune,Apartment,Semi-Furnished,18436882.0
3773,5,2.0,0.0,3,Mumbai,Apartment,Semi-Furnished,71948766.0
3960,1,2.0,31.0,2,Thane,Independent House,Furnished,49328813.0
3501,5,1.0,31.0,1,Nagpur,Apartment,Semi-Furnished,18046342.0
623,3,4.0,31.0,2,Nagpur,Apartment,Semi-Furnished,3743466.0
3864,3,1.0,10.0,0,Pune,Apartment,Unfurnished,36067330.0
2085,2,3.0,15.0,0,Pune,Independent House,Unfurnished,20342629.0
2165,4,3.0,37.0,1,Nagpur,Apartment,Unfurnished,10426305.0
4280,5,4.0,2.0,3,Nashik,Apartment,Furnished,28012649.0
3969,4,3.0,25.0,3,Nashik,Apartment,Furnished,24235779.0
703,1,3.0,31.0,1,Thane,Apartment,Unfurnished,7522339.0
1939,3,4.0,31.0,1,Mumbai,Villa,Semi-Furnished,38356953.0
3498,4,4.0,23.0,3,Thane,Villa,Furnished,46936359.0
2655,2,1.0,30.0,2,Nashik,Villa,Furnished,17277234.0
1530,4,4.0,36.0,0,Pune,Apartment,Semi-Furnished,15611629.0
2599,4,2.0,30.0,0,Pune,Apartment,Unfurnished,24394371.0
3966,1,1.0,4.0,3,Nashik,Apartment,Furnished,23732924.0
1393,3,3.0,9.0,3,Pune,Independent House,Unfurnished,17099916.0
3484,1,4.0,12.0,3,Nagpur,Apartment,Unfurnished,17526095.0
3439,3,1.0,13.0,0,Nagpur,Apartment,Unfurnished,17525660.0
4042,2,1.0,14.0,3,Mumbai,Apartment,Semi-Furnished,74059270.0
1691,5,4.0,8.0,0,Nashik,Independent House,Unfurnished,13262865.0
1363,5,3.0,27.0,3,Nashik,Villa,Semi-Furnished,11429279.0
2690,3,1.0,4.0,3,Mumbai,Apartment,Furnished,51211285.0
2625,3,4.0,31.0,1,Thane,Villa,Semi-Furnished,34517218.0
2138,4,2.0,26.0,0,Pune,Apartment,Furnished,22589977.0
3617,4,2.0,38.0,2,Thane,Villa,Furnished,46652385.0
3696,4,2.0,0.0,0,Pune,Independent House,Furnished,37458685.0
1482,4,3.0,11.0,2,Pune,Villa,Semi-Furnished,17343848.0
3682,5,1.0,35.0,1,Nagpur,Independent House,Furnished,19739176.0
1422,5,2.0,19.0,1,Pune,Apartment,Semi-Furnished,14872899.0
2130,1,2.0,22.0,3,Pune,Apartment,Unfurnished,19973346.0
608,3,1.0,1.0,3,Pune,Villa,Furnished,9557254.0
1861,3,4.0,30.0,1,Nagpur,Villa,Semi-Furnished,11649770.0
4334,3,1.0,10.0,1,Nashik,Apartment,Furnished,25286390.0
2270,3,4.0,38.0,3,Pune,Apartment,Semi-Furnished,21699269.0
3340,4,1.0,14.0,1,Mumbai,Apartment,Semi-Furnished,62020754.0
931,3,2.0,7.0,0,Pune,Apartment,Furnished,10609436.0
3042,2,1.0,23.0,3,Thane,Independent House,Semi-Furnished,38318903.0
1986,3,2.0,19.0,3,Pune,Apartment,Semi-Furnished,20251026.0
3475,5,3.0,18.0,1,Nashik,Independent House,Furnished,24371004.0
4212,2,1.0,37.0,0,Mumbai,Apartment,Semi-Furnished,75768688.0
2626,1,3.0,14.0,0,Nashik,Villa,Unfurnished,16355980.0
911,5,4.0,15.0,2,Thane,Independent House,Semi-Furnished,15320835.0
2404,1,2.0,24.0,1,Mumbai,Villa,Unfurnished,44842579.0
992,4,1.0,6.0,2,Nagpur,Independent House,Semi-Furnished,8474227.0
2298,5,3.0,33.0,3,Mumbai,Apartment,Unfurnished,43383538.0
744,2,1.0,9.0,0,Nagpur,Apartment,Unfurnished,3337992.0
3061,2,1.0,9.0,3,Mumbai,Villa,Furnished,59632071.0
1741,2,2.0,0.0,0,Pune,Villa,Unfurnished,19304078.0
1306,1,2.0,13.0,0,Pune,Villa,Furnished,15526763.0
569,1,1.0,23.0,2,Pune,Villa,Semi-Furnished,7098602.0
4052,1,4.0,28.0,2,Thane,Apartment,Unfurnished,49169438.0
3848,3,3.0,35.0,3,Nagpur,Apartment,Furnished,18672850.0
3747,3,4.0,31.0,2,Pune,Independent House,Unfurnished,35859940.0
732,1,2.0,12.0,1,Nashik,Apartment,Semi-Furnished,5234643.0
1898,5,2.0,33.0,2,Nagpur,Villa,Furnished,12514775.0
4385,4,4.0,7.0,3,Mumbai,Apartment,Furnished,83074053.0
2814,1,1.0,8.0,2,Mumbai,Independent House,Semi-Furnished,52887600.0
1013,5,2.0,14.0,1,Nagpur,Independent House,Furnished,8586074.0
1064,1,4.0,21.0,3,Pune,Apartment,Furnished,12144862.0
1552,3,2.0,8.0,1,Nashik,Independent House,Semi-Furnished,11560501.0
4389,3,4.0,36.0,1,Pune,Apartment,Semi-Furnished,40790782.0
1178,3,2.0,10.0,1,Pune,Apartment,Semi-Furnished,11971894.0
4111,5,2.0,15.0,1,Nagpur,Independent House,Semi-Furnished,22413136.0
3212,5,4.0,24.0,0,Nagpur,Apartment,Semi-Furnished,16789398.0
4187,2,1.0,17.0,2,Thane,Apartment,Unfurnished,51334745.0
3804,3,4.0,16.0,2,Pune,Villa,Semi-Furnished,37855984.0
1828,5,1.0,39.0,1,Nagpur,Independent House,Unfurnished,10149814.0
3811,4,2.0,17.0,3,Thane,Apartment,Unfurnished,46740075.0
1176,5,3.0,4.0,1,Nashik,Villa,Semi-Furnished,12025141.0
1663,3,3.0,29.0,1,Thane,Apartment,Unfurnished,20707339.0
1347,2,4.0,28.0,0,Thane,Apartment,Semi-Furnished,17343709.0
1032,3,4.0,8.0,3,Thane,Villa,Semi-Furnished,16903927.0
860,5,3.0,34.0,0,Thane,Apartment,Unfurnished,11192815.0
1249,5,3.0,15.0,0,Nashik,Villa,Unfurnished,10723974.0
980,4,2.0,6.0,3,Mumbai,Villa,Unfurnished,22066405.0
2021,4,4.0,6.0,2,Thane,Independent House,Semi-Furnished,28871457.0
785,3,3.0,28.0,0,Thane,Independent House,Unfurnished,11256730.0
745,2,1.0,8.0,1,Pune,Apartment,Semi-Furnished,7713458.0
4459,3,4.0,18.0,2,Mumbai,Villa,Semi-Furnished,85198956.0
850,3,2.0,29.0,0,Pune,Villa,Semi-Furnished,10499766.0
796,5,2.0,34.0,3,Thane,Apartment,Unfurnished,10861936.0
620,3,2.0,19.0,2,Pune,Villa,Semi-Furnished,9330899.0
1030,4,4.0,36.0,0,Mumbai,Villa,Semi-Furnished,21955194.0
2611,1,2.0,12.0,2,Nashik,Apartment,Semi-Furnished,15491600.0
3809,4,2.0,34.0,0,Pune,Apartment,Furnished,35749245.0
3439,3,1.0,10.0,2,Thane,Apartment,Unfurnished,43171192.0
2820,5,2.0,2.0,1,Mumbai,Apartment,Unfurnished,54367531.0
840,3,1.0,29.0,0,Pune,Independent House,Furnished,8793798.0
3597,3,3.0,30.0,2,Pune,Apartment,Furnished,34886741.0
649,1,4.0,37.0,1,Nagpur,Villa,Semi-Furnished,5009468.0
3023,5,2.0,36.0,1,Nashik,Villa,Semi-Furnished,20163011.0
2137,4,4.0,4.0,3,Mumbai,Apartment,Unfurnished,42214239.0
4028,5,4.0,24.0,2,Mumbai,Apartment,Furnished,74719336.0
1730,1,1.0,28.0,1,Thane,Apartment,Semi-Furnished,21106655.0
3053,2,3.0,24.0,0,Nagpur,Apartment,Semi-Furnished,15265624.0
2259,5,3.0,0.0,2,Nagpur,Apartment,Semi-Furnished,13715622.0
2588,1,2.0,1.0,0,Mumbai,Apartment,Semi-Furnished,47356721.0
4255,3,4.0,26.0,3,Thane,Independent House,Semi-Furnished,54887968.0
3350,3,2.0,34.0,0,Nagpur,Villa,Unfurnished,16234624.0
2158,5,1.0,7.0,2,Mumbai,Apartment,Semi-Furnished,42042392.0
2289,5,3.0,1.0,1,Thane,Apartment,Unfurnished,31058399.0
3318,5,1.0,16.0,2,Thane,Independent House,Furnished,44054470.0
1884,2,2.0,12.0,1,Nagpur,Apartment,Unfurnished,9712085.0
1171,3,3.0,39.0,0,Nagpur,Villa,Furnished,8100241.0
2370,4,3.0,37.0,3,Mumbai,Apartment,Semi-Furnished,44608224.0
772,5,2.0,22.0,3,Nashik,Independent House,Semi-Furnished,7617189.0
1178,1,2.0,37.0,0,Pune,Apartment,Semi-Furnished,9941475.0
2182,5,1.0,9.0,0,Nashik,Apartment,Semi-Furnished,14566996.0
3686,2,2.0,39.0,2,Mumbai,Apartment,Semi-Furnished,65965070.0
3625,1,3.0,17.0,3,Mumbai,Apartment,Semi-Furnished,66899668.0
1542,4,3.0,19.0,2,Thane,Villa,Unfurnished,21147668.0
2187,4,2.0,2.0,0,Pune,Apartment,Semi-Furnished,22546267.0
1114,1,1.0,7.0,2,Thane,Apartment,Furnished,15283592.0
3520,1,3.0,7.0,1,Pune,Apartment,Unfurnished,32352466.0
1485,5,3.0,19.0,2,Pune,Villa,Furnished,18019715.0
3698,5,1.0,7.0,1,Pune,Independent House,Furnished,37428324.0
3868,1,3.0,4.0,0,Mumbai,Apartment,Semi-Furnished,71411855.0
3256,5,1.0,24.0,0,Mumbai,Independent House,Unfurnished,61063565.0
1820,5,2.0,34.0,2,Mumbai,Independent House,Semi-Furnished,35169810.0
4311,5,3.0,2.0,2,Nagpur,Apartment,Furnished,23707056.0
3244,2,3.0,22.0,1,Mumbai,Apartment,Semi-Furnished,59739881.0
3083,3,3.0,38.0,0,Pune,Apartment,Unfurnished,28045807.0
3925,5,4.0,16.0,3,Mumbai,Apartment,Semi-Furnished,73696034.0
4025,5,1.0,7.0,0,Pune,Villa,Semi-Furnished,40745066.0
810,4,4.0,3.0,0,Pune,Apartment,Unfurnished,10352985.0
4026,1,2.0,37.0,1,Pune,Apartment,Unfurnished,35755633.0
3560,1,2.0,16.0,2,Nagpur,Villa,Semi-Furnished,19015166.0
1326,2,4.0,4.0,3,Nagpur,Apartment,Semi-Furnished,9446207.0
1730,1,2.0,34.0,2,Thane,Independent House,Unfurnished,21445506.0
3510,1,1.0,32.0,3,Nagpur,Villa,Furnished,17856141.0
1366,1,3.0,28.0,2,Nashik,Apartment,Unfurnished,7295566.0
2309,4,3.0,3.0,3,Mumbai,Apartment,,44581212.0
3255,3,3.0,,0,Pune,Apartment,Unfurnished,30598105.0
3101,3,1.0,8.0,0,Nashik,Independent House,Unfurnished,19115558.0
4139,5,3.0,6.0,2,Pune,Apartment,Semi-Furnished,41019878.0
946,3,1.0,21.0,3,Pune,Independent House,Unfurnished,11131015.0
1680,3,3.0,15.0,2,Thane,Independent House,Furnished,23175194.0
4439,2,3.0,30.0,1,Pune,Apartment,Furnished,41325585.0
2775,3,4.0,4.0,1,Pune,Villa,Semi-Furnished,29574294.0
1494,1,4.0,29.0,0,Thane,Apartment,Furnished,18944878.0
1659,3,1.0,37.0,1,Mumbai,Apartment,Semi-Furnished,30355704.0
1856,5,1.0,5.0,2,Mumbai,Independent House,Furnished,38003750.0
2717,3,3.0,26.0,0,Pune,Apartment,Unfurnished,25879494.0
1638,2,4.0,20.0,1,Mumbai,Independent House,Semi-Furnished,32623799.0
2987,4,1.0,3.0,1,Thane,Villa,Unfurnished,40688480.0
2281,5,2.0,11.0,1,Nagpur,Apartment,Unfurnished,12639743.0
2941,3,2.0,31.0,3,Mumbai,Apartment,Furnished,54593190.0
1120,2,2.0,34.0,3,Mumbai,Apartment,Unfurnished,19964507.0
2994,4,3.0,14.0,1,Mumbai,Apartment,Semi-Furnished,56188253.0
4198,1,2.0,4.0,3,Nashik,Villa,Unfurnished,26500557.0
1040,5,2.0,9.0,2,Pune,Apartment,Furnished,13410836.0
1809,2,4.0,33.0,3,Pune,Independent House,Semi-Furnished,18874982.0
3274,2,2.0,22.0,2,Nagpur,Apartment,Unfurnished,15093990.0
2969,4,1.0,17.0,2,Thane,Apartment,Semi-Furnished,37391416.0
3199,1,4.0,0.0,2,Thane,Apartment,Unfurnished,41078409.0
2738,2,2.0,31.0,1,Thane,Apartment,Unfurnished,32511603.0
3230,1,4.0,18.0,2,Nashik,Apartment,Semi-Furnished,19812436.0
2937,2,4.0,21.0,2,Nagpur,Apartment,Furnished,15608559.0
796,3,3.0,33.0,2,Thane,Villa,Furnished,12832330.0
3505,1,1.0,22.0,0,Pune,Apartment,Unfurnished,30611981.0
2287,2,4.0,37.0,2,Mumbai,Apartment,Semi-Furnished,41765986.0
705,4,3.0,22.0,2,Pune,Apartment,Furnished,9342934.0
2136,5,2.0,13.0,0,Thane,Apartment,Unfurnished,27322667.0
2240,1,4.0,36.0,3,Thane,Apartment,Semi-Furnished,28269485.0
846,4,4.0,25.0,3,Thane,Villa,Semi-Furnished,14448463.0
4484,1,4.0,30.0,2,Pune,Apartment,Furnished,41981201.0
1389,3,1.0,9.0,3,Thane,Apartment,Semi-Furnished,19136870.0
1822,5,3.0,26.0,3,Pune,Apartment,Furnished,20367855.0
2263,4,2.0,22.0,1,Pune,Apartment,Semi-Furnished,22049913.0
3830,2,1.0,4.0,3,Nashik,Independent House,Semi-Furnished,24102737.0
3471,2,2.0,10.0,3,Nagpur,Independent House,Unfurnished,17428872.0
3583,4,1.0,36.0,0,Thane,Villa,Semi-Furnished,45592417.0
1448,5,1.0,22.0,3,Mumbai,Apartment,Semi-Furnished,29017005.0
3881,2,3.0,30.0,0,Mumbai,Apartment,Unfurnished,70106762.0
3818,1,3.0,6.0,1,Mumbai,Apartment,Semi-Furnished,71344701.0
2355,3,2.0,8.0,3,Pune,Independent House,Unfurnished,24418869.0
2683,4,1.0,37.0,2,Thane,Apartment,Furnished,33512814.0
648,3,4.0,16.0,1,Mumbai,Apartment,Furnished,14599094.0
3541,5,3.0,35.0,2,Pune,Villa,Semi-Furnished,35120472.0
4343,5,3.0,32.0,0,Mumbai,Villa,Semi-Furnished,81514459.0
2390,4,1.0,13.0,0,Nagpur,Apartment,Unfurnished,11607346.0
2662,1,1.0,37.0,3,Thane,Apartment,Semi-Furnished,31841250.0
2496,5,1.0,31.0,0,Pune,Independent House,Unfurnished,24386765.0
830,4,1.0,5.0,3,Pune,Apartment,Semi-Furnished,10852299.0
2978,2,4.0,3.0,1,Thane,Independent House,Furnished,39621419.0
3385,3,2.0,5.0,0,Nashik,Apartment,Unfurnished,19766366.0
4211,5,3.0,29.0,3,Mumbai,Independent House,Unfurnished,79589693.0
4219,5,4.0,5.0,0,Pune,Independent House,Unfurnished,40645912.0
2467,3,4.0,11.0,1,Thane,Apartment,Semi-Furnished,32101310.0
4335,1,,17.0,0,Nagpur,Independent House,Unfurnished,20705423.0
2614,4,2.0,5.0,3,Pune,Apartment,Semi-Furnished,26611371.0
3068,4,2.0,13.0,1,Pune,Apartment,Unfurnished,29667041.0
2907,1,1.0,27.0,2,Pune,Apartment,Unfurnished,25922811.0
4494,5,4.0,38.0,0,Pune,Villa,Semi-Furnished,44320847.0
3450,2,3.0,18.0,2,Pune,Apartment,Furnished,32889001.0
980,5,2.0,29.0,2,Pune,Apartment,Unfurnished,9823426.0
787,3,3.0,21.0,1,Pune,Independent House,Unfurnished,9292141.0
2139,2,3.0,18.0,3,Mumbai,Independent House,Unfurnished,40330064.0
2562,1,1.0,20.0,1,Mumbai,Apartment,Furnished,46668164.0
3174,1,3.0,38.0,2,Mumbai,Apartment,Semi-Furnished,57814667.0
2426,4,4.0,2.0,0,Thane,Apartment,Semi-Furnished,33013099.0
2558,2,3.0,20.0,3,Pune,Apartment,Semi-Furnished,25226218.0
4186,5,3.0,2.0,0,Thane,Independent House,Furnished,55562822.0
1839,2,1.0,35.0,2,Thane,Independent House,Unfurnished,22854978.0
2474,5,3.0,24.0,0,Thane,Apartment,Unfurnished,31944950.0
2729,5,4.0,1.0,0,Pune,Apartment,Semi-Furnished,28421029.0
2373,1,2.0,24.0,0,Pune,Apartment,Semi-Furnished,22483371.0
4372,4,3.0,17.0,3,Nashik,Apartment,Unfurnished,25872854.0
4348,5,3.0,1.0,0,Pune,Apartment,Furnished,43384674.0
2552,2,1.0,39.0,3,Pune,Apartment,Semi-Furnished,22639068.0
2302,1,2.0,15.0,2,Pune,Apartment,Furnished,22583257.0
2855,5,4.0,0.0,0,Nashik,Apartment,Furnished,19178902.0
1223,3,4.0,24.0,1,Thane,Independent House,Semi-Furnished,16959906.0
2203,1,2.0,15.0,1,Pune,Villa,Furnished,22429819.0
1367,5,2.0,26.0,1,Thane,Apartment,Semi-Furnished,18647459.0
1076,4,4.0,6.0,2,Nagpur,Apartment,Semi-Furnished,8361536.0
880,1,1.0,33.0,3,Pune,Independent House,Semi-Furnished,10112716.0
2848,2,2.0,16.0,3,Mumbai,Apartment,Furnished,53362919.0
502,1,1.0,16.0,2,Pune,Independent House,Furnished,7125643.0
3084,5,1.0,32.0,3,Thane,Apartment,Semi-Furnished,39020392.0
2227,1,3.0,21.0,3,Nagpur,Independent House,Unfurnished,12021504.0
1965,4,2.0,0.0,0,Nagpur,Apartment,Furnished,12207149.0
3576,3,4.0,23.0,2,Nagpur,Independent House,Semi-Furnished,19646828.0
2654,3,4.0,25.0,3,Pune,Apartment,Semi-Furnished,25552297.0
3433,5,4.0,12.0,0,Thane,Independent House,Semi-Furnished,44244637.0
3337,5,3.0,7.0,2,Thane,Apartment,Semi-Furnished,43741831.0
628,1,3.0,2.0,3,Nagpur,Apartment,Unfurnished,3653715.0
1361,1,3.0,33.0,1,Mumbai,Villa,Semi-Furnished,27118282.0
2779,1,4.0,0.0,3,Pune,Apartment,Unfurnished,26754346.0
4402,4,1.0,23.0,3,Pune,Apartment,Unfurnished,40590793.0
1117,3,3.0,33.0,2,Pune,Apartment,Unfurnished,12078234.0
922,1,1.0,14.0,2,Nashik,Villa,Semi-Furnished,7722697.0
4264,2,2.0,8.0,2,Nagpur,Independent House,Unfurnished,21453452.0
4367,3,2.0,28.0,1,Thane,Apartment,Semi-Furnished,53870589.0
1169,4,3.0,25.0,1,Pune,Villa,Furnished,15167959.0
2106,2,4.0,0.0,2,Pune,Independent House,Semi-Furnished,23226607.0
3006,5,1.0,23.0,1,Pune,Villa,Furnished,30784162.0
1280,5,3.0,0.0,3,Thane,Apartment,Semi-Furnished,19641248.0
1804,4,1.0,15.0,3,Nagpur,Apartment,Unfurnished,9826066.0
2081,3,1.0,12.0,1,Mumbai,Apartment,Furnished,39223537.0
3066,5,2.0,33.0,2,Nashik,Apartment,Semi-Furnished,18844651.0
1732,4,3.0,39.0,0,Nashik,Apartment,Furnished,10310941.0
2149,3,1.0,27.0,0,Pune,Independent House,Unfurnished,21006319.0
1658,3,2.0,29.0,1,Pune,Villa,Furnished,18171196.0
3538,5,4.0,0.0,0,Pune,Villa,Semi-Furnished,37177125.0
1112,3,2.0,2.0,3,Pune,Apartment,Furnished,13236045.0
1422,1,4.0,31.0,0,Nashik,Apartment,Unfurnished,7645617.0
1499,5,4.0,17.0,1,Mumbai,Villa,Semi-Furnished,32375307.0
4123,1,2.0,20.0,1,Nagpur,Apartment,Unfurnished,18190429.0
4277,4,3.0,27.0,0,Nashik,Independent House,Furnished,26551507.0
2500,4,3.0,13.0,1,Nashik,Apartment,Unfurnished,15732549.0
1125,3,2.0,27.0,2,Thane,Apartment,Semi-Furnished,14380678.0
3524,1,2.0,29.0,3,Mumbai,Villa,Semi-Furnished,65843691.0
2468,3,2.0,9.0,0,Nashik,Villa,Semi-Furnished,16948257.0
3898,5,1.0,27.0,0,Pune,Apartment,Furnished,36600073.0
1939,2,1.0,6.0,1,Nagpur,Villa,Semi-Furnished,12292302.0
4495,4,2.0,12.0,1,Nashik,Apartment,Unfurnished,27298774.0
3728,5,4.0,31.0,3,Pune,Apartment,Furnished,36813789.0
1395,5,1.0,39.0,0,Pune,Apartment,Semi-Furnished,13558522.0
3402,3,1.0,2.0,1,Nagpur,Villa,Semi-Furnished,19232986.0
1647,2,2.0,25.0,2,Nagpur,Villa,Unfurnished,9489322.0
1899,4,3.0,22.0,1,Nagpur,Apartment,Semi-Furnished,11202044.0
1501,3,1.0,24.0,2,Mumbai,Villa,Furnished,30620322.0
3228,4,1.0,31.0,3,Nashik,Villa,Furnished,20613612.0
1551,4,1.0,2.0,2,Nashik,Apartment,Furnished,12380029.0
3055,4,2.0,29.0,1,Pune,Apartment,Semi-Furnished,29454226.0
2829,2,1.0,11.0,3,Nashik,Apartment,Unfurnished,16970220.0
3503,4,4.0,6.0,3,Nashik,Apartment,Semi-Furnished,21566567.0
4474,3,4.0,17.0,3,Thane,Independent House,Unfurnished,56726673.0
535,5,2.0,1.0,0,Mumbai,Independent House,Semi-Furnished,14232043.0
4461,4,1.0,25.0,3,Mumbai,Apartment,Unfurnished,81808775.0
937,5,1.0,22.0,3,Thane,Apartment,Furnished,14276318.0
2607,5,2.0,20.0,3,Thane,Apartment,Unfurnished,33976981.0
1863,5,2.0,1.0,2,Pune,Apartment,Unfurnished,19889689.0
3056,4,3.0,30.0,1,Thane,Apartment,Furnished,39443631.0
3386,3,2.0,1.0,2,Pune,Apartment,Unfurnished,32706791.0
3939,1,2.0,10.0,2,Thane,Apartment,Unfurnished,48114983.0
2107,2,2.0,15.0,3,Pune,Apartment,Semi-Furnished,21054586.0
4231,3,3.0,28.0,1,Mumbai,Apartment,Furnished,77858636.0
1789,4,3.0,16.0,2,Thane,Apartment,Unfurnished,23084241.0
1315,3,1.0,32.0,3,Pune,Apartment,Semi-Furnished,12876711.0
2016,3,2.0,37.0,3,Thane,Apartment,Unfurnished,24997669.0
2614,1,3.0,30.0,0,Mumbai,Apartment,Semi-Furnished,47668413.0
3172,4,3.0,1.0,3,Pune,Apartment,Semi-Furnished,32506905.0
3831,3,3.0,30.0,0,Thane,Independent House,Semi-Furnished,48041108.0
1399,1,3.0,8.0,3,Nashik,Apartment,Semi-Furnished,9457383.0
1712,2,3.0,35.0,0,Thane,Apartment,Furnished,21177548.0
4254,5,2.0,39.0,0,Thane,Apartment,Semi-Furnished,52460444.0
2259,1,3.0,3.0,2,Pune,Apartment,Semi-Furnished,21502494.0
1466,3,2.0,3.0,2,Pune,Apartment,Semi-Furnished,15764242.0
4442,3,2.0,27.0,2,Mumbai,Villa,Semi-Furnished,84398356.0
2295,1,1.0,5.0,1,Nashik,Independent House,Semi-Furnished,14075761.0
4440,1,2.0,38.0,0,Pune,Apartment,Semi-Furnished,39580576.0
4177,5,1.0,21.0,2,Mumbai,Apartment,Unfurnished,77166026.0
4124,3,1.0,22.0,2,Thane,Villa,Unfurnished,52375909.0
2827,2,2.0,34.0,2,Pune,Apartment,Semi-Furnished,25568011.0
3693,1,3.0,8.0,1,Nagpur,Apartment,Unfurnished,17830514.0
4342,3,4.0,22.0,3,Mumbai,Independent House,Unfurnished,80705472.0
1576,4,1.0,39.0,3,Pune,Apartment,Semi-Furnished,14681587.0
650,4,4.0,0.0,0,Pune,Apartment,Furnished,10078381.0
1783,1,2.0,6.0,0,Pune,Apartment,Unfurnished,16996077.0
3047,4,3.0,5.0,0,Nashik,Apartment,Furnished,19623547.0
2689,5,3.0,13.0,0,Pune,Independent House,Unfurnished,27306291.0
822,2,4.0,5.0,2,Thane,Apartment,Furnished,12612994.0
2743,1,1.0,6.0,2,Thane,Apartment,Semi-Furnished,33436387.0
1197,5,4.0,34.0,1,Pune,Apartment,Semi-Furnished,13346093.0
2522,3,1.0,18.0,2,Thane,Apartment,Semi-Furnished,32183963.0
2802,4,4.0,14.0,3,Thane,Apartment,Semi-Furnished,36614326.0
3046,2,3.0,16.0,3,Pune,Apartment,Semi-Furnished,29291343.0
2150,2,2.0,38.0,1,Thane,Apartment,Semi-Furnished,26031614.0
2133,2,2.0,19.0,2,Pune,Apartment,Furnished,21116976.0
3214,2,1.0,18.0,2,Nagpur,Villa,Furnished,17266612.0
3496,3,4.0,37.0,3,Pune,Apartment,Semi-Furnished,33223800.0
3730,1,3.0,1.0,3,Thane,Independent House,Furnished,47921022.0
1834,5,4.0,19.0,1,Thane,Apartment,Unfurnished,24794619.0
2196,3,3.0,29.0,3,Thane,Apartment,Semi-Furnished,27562804.0
1822,5,4.0,20.0,1,Thane,Independent House,Semi-Furnished,25208951.0
2610,3,4.0,34.0,3,Pune,Independent House,Semi-Furnished,26167383.0
1008,2,2.0,35.0,3,Nagpur,Apartment,Furnished,5703273.0
2220,3,3.0,13.0,3,Pune,Apartment,Furnished,23016686.0
1254,1,2.0,32.0,0,Pune,Independent House,Furnished,12234269.0
2629,5,4.0,9.0,0,Pune,Apartment,Semi-Furnished,27052268.0
3902,4,3.0,9.0,3,Thane,Apartment,Semi-Furnished,50097646.0
4441,1,2.0,39.0,0,Nagpur,Apartment,Furnished,20509071.0
2285,3,3.0,0.0,0,Pune,Independent House,Unfurnished,23748265.0
725,3,2.0,14.0,1,Thane,Apartment,Furnished,10760274.0
1411,2,3.0,25.0,1,Thane,Apartment,Unfurnished,16905822.0
919,1,2.0,16.0,0,Mumbai,Independent House,Furnished,18003383.0
3537,4,2.0,,0,Mumbai,Apartment,Semi-Furnished,64961340.0
4438,2,4.0,10.0,1,Nagpur,Villa,Unfurnished,23707939.0
2715,3,1.0,22.0,2,Nagpur,Apartment,Unfurnished,12676901.0
1207,2,4.0,5.0,2,Mumbai,Villa,Semi-Furnished,26150869.0
584,4,1.0,8.0,3,Nashik,Apartment,Unfurnished,5323602.0
4404,1,1.0,6.0,3,Pune,Apartment,Furnished,41899220.0
1765,2,1.0,29.0,0,Nashik,Apartment,Unfurnished,9797235.0
948,3,1.0,8.0,2,Mumbai,Independent House,Semi-Furnished,19104204.0
1208,3,1.0,26.0,0,Pune,Apartment,Unfurnished,11636461.0
1521,4,4.0,13.0,1,Pune,Apartment,Unfurnished,16132489.0
3123,1,4.0,22.0,1,Nashik,Apartment,Unfurnished,17467390.0
4067,3,3.0,34.0,2,Mumbai,Villa,Furnished,76539442.0
1600,4,1.0,34.0,1,Mumbai,Villa,Semi-Furnished,31644286.0
3248,2,4.0,0.0,3,Pune,Apartment,Furnished,32445313.0
759,1,3.0,31.0,1,Thane,Apartment,Semi-Furnished,9016348.0
540,5,3.0,38.0,3,Pune,Villa,Unfurnished,7981491.0
719,4,4.0,26.0,3,Mumbai,Apartment,Unfurnished,14513927.0
4192,4,2.0,7.0,2,Pune,Apartment,Semi-Furnished,41143956.0
2826,4,2.0,26.0,0,Nagpur,Apartment,Unfurnished,13742157.0
3720,4,4.0,25.0,2,Mumbai,Apartment,Unfurnished,69883779.0
586,4,3.0,26.0,1,Mumbai,Independent House,Semi-Furnished,13644984.0
588,3,3.0,17.0,1,Thane,Apartment,Unfurnished,8751009.0
3895,1,3.0,21.0,1,Nagpur,Apartment,Semi-Furnished,17879778.0
910,3,4.0,26.0,1,Nashik,Independent House,Semi-Furnished,7636806.0
1121,2,2.0,18.0,1,Mumbai,Apartment,Semi-Furnished,21390711.0
2575,4,1.0,30.0,3,Thane,Independent House,Semi-Furnished,33203238.0
2926,3,2.0,28.0,1,Thane,Apartment,Semi-Furnished,36032840.0
1415,5,3.0,12.0,1,Nagpur,Independent House,Semi-Furnished,10636567.0
2278,3,4.0,24.0,2,Nagpur,Independent House,Unfurnished,12958892.0
3199,3,2.0,30.0,0,Thane,Independent House,Semi-Furnished,39636375.0
2271,5,3.0,19.0,2,Thane,Apartment,Unfurnished,29789683.0
2030,3,4.0,28.0,3,Pune,Independent House,Semi-Furnished,21508857.0
787,2,4.0,5.0,3,Thane,Villa,Semi-Furnished,13668375.0
2307,2,4.0,15.0,0,Nagpur,Apartment,Furnished,12220139.0
3711,5,4.0,28.0,1,Nashik,Apartment,Unfurnished,22639161.0
3007,4,3.0,35.0,0,Mumbai,Villa,Unfurnished,55568111.0
4072,1,2.0,25.0,2,Mumbai,Independent House,Unfurnished,74356938.0
1004,3,2.0,26.0,1,Thane,Villa,Furnished,16313493.0
544,2,3.0,13.0,3,Nagpur,Apartment,Semi-Furnished,3319638.0
2692,4,1.0,28.0,0,Pune,Villa,Semi-Furnished,27548294.0
1214,1,3.0,14.0,3,Nashik,Apartment,Unfurnished,7961990.0
2875,4,3.0,2.0,1,Pune,Apartment,Furnished,28857855.0
4115,4,3.0,9.0,3,Mumbai,Villa,Semi-Furnished,79244220.0
1848,2,2.0,24.0,0,Nashik,Villa,Unfurnished,12614639.0
2697,1,3.0,38.0,1,Nashik,Villa,Semi-Furnished,16084022.0
3226,4,1.0,19.0,1,Pune,Apartment,Semi-Furnished,30495749.0
1100,2,3.0,34.0,3,Pune,Apartment,Semi-Furnished,10901748.0
4089,5,4.0,31.0,2,Pune,Villa,Furnished,42100952.0
1311,4,4.0,22.0,3,Nashik,Apartment,Furnished,10206997.0
3733,5,4.0,32.0,2,Thane,Independent House,Semi-Furnished,48287059.0
3139,3,2.0,16.0,3,Nagpur,Independent House,Furnished,17416298.0
1063,5,1.0,17.0,2,Nagpur,Independent House,Furnished,8804551.0
3399,1,3.0,29.0,2,Mumbai,Independent House,Semi-Furnished,63263005.0
1285,2,1.0,25.0,3,Pune,Apartment,Furnished,13052654.0
2897,1,2.0,21.0,3,Thane,Apartment,Semi-Furnished,35543143.0
4338,4,3.0,17.0,2,Nashik,Independent House,Semi-Furnished,27404259.0
4312,3,3.0,39.0,1,Pune,Apartment,Semi-Furnished,39277718.0
3984,2,3.0,2.0,2,Nashik,Independent House,Furnished,25374524.0
2476,2,4.0,2.0,2,Nagpur,Apartment,Furnished,14843538.0
2738,4,1.0,19.0,3,Mumbai,Independent House,Semi-Furnished,53160969.0
1701,1,4.0,1.0,2,Pune,Apartment,Semi-Furnished,16762820.0
4183,3,3.0,13.0,3,Nashik,Independent House,Semi-Furnished,26758458.0
2408,4,2.0,22.0,2,Pune,Apartment,Furnished,24618520.0
3586,2,2.0,16.0,3,Mumbai,Villa,Semi-Furnished,67442742.0
1938,2,3.0,8.0,3,Thane,Independent House,Unfurnished,25833710.0
3461,2,3.0,11.0,3,Thane,Apartment,Unfurnished,42912329.0
1397,3,2.0,24.0,0,Mumbai,Apartment,Unfurnished,26651426.0
3435,2,1.0,38.0,3,Pune,Apartment,Unfurnished,31448603.0
683,2,1.0,31.0,1,Mumbai,Apartment,Semi-Furnished,12159470.0
919,3,2.0,21.0,3,Pune,Villa,Unfurnished,10754338.0
1908,1,2.0,5.0,1,Thane,Villa,Furnished,26923840.0
2428,3,3.0,9.0,1,Nagpur,Apartment,Semi-Furnished,13500776.0
3345,1,4.0,17.0,2,Mumbai,Apartment,Semi-Furnished,62229797.0
1936,1,1.0,9.0,2,Nagpur,Independent House,Furnished,10845416.0
573,2,2.0,27.0,2,Mumbai,Villa,Semi-Furnished,13349593.0
1801,2,1.0,14.0,0,Nashik,Apartment,Semi-Furnished,10526208.0
2256,1,4.0,33.0,3,Thane,Apartment,Furnished,28692424.0
2674,5,3.0,10.0,1,Pune,Apartment,Semi-Furnished,27229296.0
3076,2,1.0,19.0,3,Mumbai,Independent House,Semi-Furnished,58463278.0
1490,5,2.0,28.0,1,Thane,Villa,Semi-Furnished,21911327.0
2941,5,3.0,8.0,2,Mumbai,Villa,Semi-Furnished,58056703.0
3026,5,4.0,30.0,2,Mumbai,Villa,Semi-Furnished,58940070.0
3606,5,3.0,23.0,0,Pune,Independent House,Semi-Furnished,35758767.0
2588,1,2.0,25.0,1,Mumbai,Apartment,Semi-Furnished,46444504.0
3742,2,3.0,18.0,2,Nashik,Apartment,Semi-Furnished,23057201.0
1386,4,3.0,37.0,3,Mumbai,Apartment,Unfurnished,26907424.0
3346,3,3.0,30.0,3,Pune,Independent House,Unfurnished,32174663.0
683,1,1.0,7.0,1,Mumbai,Apartment,Semi-Furnished,13638946.0
911,3,3.0,22.0,2,Nashik,Apartment,Unfurnished,7293643.0
3958,5,1.0,36.0,0,Thane,Independent House,Semi-Furnished,50252603.0
2400,5,4.0,11.0,3,Nashik,Apartment,Furnished,17301674.0
2983,2,4.0,21.0,3,Nashik,Apartment,Furnished,18756919.0
2913,2,3.0,30.0,3,Thane,Villa,Semi-Furnished,37173109.0
3279,2,3.0,10.0,1,Pune,Independent House,Semi-Furnished,32689647.0
1482,2,1.0,20.0,1,Mumbai,Apartment,Semi-Furnished,28065280.0
1213,2,4.0,22.0,3,Pune,Apartment,Semi-Furnished,13319368.0
670,2,2.0,7.0,2,Mumbai,Independent House,Furnished,15785468.0
3959,3,2.0,7.0,0,Thane,Villa,Semi-Furnished,51466556.0
1394,1,3.0,22.0,2,Mumbai,Villa,Unfurnished,26902984.0
2800,2,4.0,7.0,2,Thane,Apartment,Semi-Furnished,36153869.0
2319,2,2.0,37.0,1,Pune,Apartment,Furnished,21316752.0
1149,1,3.0,20.0,1,Mumbai,Apartment,Semi-Furnished,21798331.0
2155,5,3.0,28.0,0,Mumbai,Apartment,Furnished,41046260.0
832,4,2.0,15.0,1,Pune,Independent House,Semi-Furnished,10951467.0
1206,5,3.0,11.0,0,Mumbai,Villa,Furnished,27553406.0
1058,3,4.0,19.0,1,Nagpur,Independent House,Semi-Furnished,8010718.0
3797,1,2.0,28.0,0,Mumbai,Apartment,Furnished,69043806.0
2769,5,4.0,15.0,1,Thane,Apartment,Furnished,37318862.0
4202,3,4.0,11.0,2,Thane,Villa,Furnished,56180651.0
2243,4,4.0,5.0,1,Mumbai,Apartment,Furnished,44055722.0
1305,2,3.0,21.0,0,Thane,Apartment,Semi-Furnished,16994460.0
2934,3,4.0,27.0,3,Pune,Apartment,Semi-Furnished,29126055.0
4218,3,3.0,21.0,1,Pune,Apartment,Semi-Furnished,39993180.0
2630,2,4.0,10.0,2,Mumbai,Apartment,Furnished,49198930.0
571,3,3.0,9.0,2,Nashik,Apartment,Furnished,5828472.0
1714,4,4.0,15.0,2,Nashik,Independent House,Furnished,14174969.0
4199,1,4.0,13.0,1,Nashik,Apartment,Semi-Furnished,24394422.0
2573,1,4.0,8.0,3,Thane,Apartment,Furnished,34114160.0
4307,5,3.0,37.0,3,Pune,Apartment,Furnished,42289066.0
2537,3,3.0,13.0,3,Thane,Apartment,Semi-Furnished,32668390.0
548,5,4.0,10.0,1,Nashik,Apartment,Semi-Furnished,5979374.0
3992,4,2.0,24.0,1,Mumbai,Apartment,Furnished,73973468.0
3552,4,1.0,32.0,0,Pune,Apartment,Furnished,33229487.0
3360,5,4.0,18.0,1,Mumbai,Apartment,Semi-Furnished,64201240.0
4380,4,3.0,26.0,3,Mumbai,Independent House,Semi-Furnished,81664100.0
1284,2,2.0,3.0,1,Nagpur,Apartment,Semi-Furnished,8042094.0
4123,3,3.0,21.0,3,Mumbai,Apartment,Semi-Furnished,76928527.0
1430,2,1.0,2.0,3,Pune,Independent House,Semi-Furnished,16328649.0
4382,2,2.0,5.0,2,Nagpur,Villa,Unfurnished,23225405.0
1265,4,2.0,23.0,2,Nagpur,Villa,Furnished,9929505.0
2701,1,2.0,8.0,3,Thane,Apartment,Furnished,35334039.0
3657,4,4.0,1.0,0,Nashik,Independent House,Semi-Furnished,24253135.0
812,3,3.0,7.0,0,Nagpur,Apartment,Furnished,6830728.0
766,2,1.0,30.0,0,Mumbai,Villa,Semi-Furnished,15666569.0
3899,1,2.0,23.0,3,Nagpur,Villa,Unfurnished,18856734.0
741,4,1.0,,1,Mumbai,Apartment,Semi-Furnished,15196661.0
2955,5,4.0,38.0,0,Pune,Independent House,Unfurnished,28874672.0
4252,4,2.0,15.0,0,Thane,Independent House,Unfurnished,53509472.0
2958,3,2.0,35.0,1,Nagpur,Apartment,Furnished,14293860.0
2424,4,2.0,13.0,1,Nashik,Apartment,Semi-Furnished,15943597.0
2169,3,1.0,1.0,0,Mumbai,Villa,Unfurnished,42723690.0
3052,2,4.0,4.0,0,Nagpur,Apartment,Semi-Furnished,15796381.0
2787,2,3.0,10.0,3,Pune,Apartment,Semi-Furnished,27131603.0
2507,2,2.0,7.0,3,Mumbai,Apartment,Semi-Furnished,46743190.0
1114,5,2.0,6.0,0,Pune,Independent House,Semi-Furnished,14090463.0
3150,4,3.0,15.0,1,Pune,Independent House,Semi-Furnished,32450064.0
3459,1,1.0,39.0,1,Pune,Apartment,Semi-Furnished,31181378.0
3335,5,4.0,8.0,1,Nagpur,Villa,Semi-Furnished,20067883.0
800,1,3.0,9.0,0,Pune,Independent House,Furnished,10846036.0
3311,3,1.0,39.0,3,Thane,Apartment,Semi-Furnished,40259023.0
3419,1,3.0,8.0,2,Thane,Apartment,Furnished,42730827.0
1233,2,4.0,33.0,3,Pune,Apartment,Furnished,12274169.0
3895,4,1.0,24.0,1,Nagpur,Independent House,Semi-Furnished,19573180.0
2595,5,3.0,37.0,3,Mumbai,Apartment,Unfurnished,48550187.0
2389,5,3.0,22.0,2,Thane,Apartment,Semi-Furnished,31312141.0
3390,5,4.0,23.0,0,Mumbai,Apartment,Furnished,63835596.0
2539,2,3.0,9.0,1,Mumbai,Apartment,Unfurnished,46700672.0
2678,1,3.0,22.0,3,Pune,Apartment,Unfurnished,24253247.0
1748,5,4.0,26.0,3,Thane,Villa,Semi-Furnished,25365559.0
4211,5,4.0,39.0,2,Pune,Apartment,Furnished,41015927.0
4377,2,2.0,3.0,0,Thane,Villa,Unfurnished,56385501.0
1021,1,3.0,6.0,2,Pune,Villa,Semi-Furnished,13588322.0
3432,4,1.0,0.0,3,Nashik,Independent House,Unfurnished,22775189.0
593,1,4.0,31.0,0,Mumbai,Apartment,Furnished,11352476.0
1975,1,4.0,3.0,1,Pune,Villa,Semi-Furnished,21254484.0
4379,5,2.0,36.0,0,Pune,Villa,Semi-Furnished,43001263.0
1199,3,3.0,14.0,0,Pune,Apartment,Furnished,13080139.0
2007,1,4.0,11.0,3,Nagpur,Apartment,Semi-Furnished,11156862.0
1378,4,1.0,39.0,0,Nagpur,Apartment,Furnished,8169697.0
3412,2,3.0,28.0,0,Pune,Villa,Unfurnished,32855573.0
2355,3,4.0,21.0,0,Mumbai,Apartment,Unfurnished,44715033.0
2872,5,4.0,35.0,3,Pune,Independent House,Semi-Furnished,28880906.0
4270,2,1.0,30.0,1,Nagpur,Independent House,Unfurnished,20246340.0
2584,4,4.0,25.0,3,Nagpur,Villa,Furnished,16659181.0
3436,5,4.0,12.0,1,Thane,Independent House,Semi-Furnished,45119163.0
891,3,1.0,39.0,2,Thane,Villa,Unfurnished,12862745.0
1360,5,3.0,28.0,3,Mumbai,Apartment,Furnished,28308864.0
4287,3,3.0,37.0,2,Pune,Apartment,Semi-Furnished,40684201.0
3938,3,4.0,38.0,2,Thane,Independent House,Semi-Furnished,49751080.0
3126,5,1.0,21.0,0,Pune,Apartment,Unfurnished,28728952.0
2012,4,4.0,14.0,0,Pune,Independent House,Furnished,22422645.0
1299,5,3.0,37.0,2,Mumbai,Apartment,Semi-Furnished,25725882.0
3906,4,2.0,39.0,1,Nagpur,Apartment,Furnished,19001166.0
3641,4,2.0,4.0,0,Nagpur,Villa,Furnished,21381304.0
1466,2,4.0,25.0,0,Thane,Independent House,Semi-Furnished,19524458.0
2859,2,4.0,24.0,1,Mumbai,Independent House,Unfurnished,53281837.0
2974,5,2.0,29.0,0,Pune,Apartment,Semi-Furnished,29023869.0
2409,4,4.0,39.0,2,Mumbai,Apartment,Unfurnished,45197061.0
4206,2,3.0,10.0,1,Nagpur,Villa,Furnished,22485181.0
996,2,1.0,39.0,1,Pune,Independent House,Unfurnished,9113905.0
1531,4,3.0,25.0,0,Thane,Apartment,Semi-Furnished,19457195.0
880,1,4.0,3.0,2,Nashik,Villa,Semi-Furnished,9627246.0
3271,1,1.0,20.0,0,Nagpur,Apartment,Semi-Furnished,15311351.0
3076,4,1.0,5.0,2,Thane,Villa,Semi-Furnished,40471548.0
4449,2,1.0,38.0,3,Mumbai,Apartment,Furnished,80842959.0
2669,4,3.0,30.0,3,Nagpur,Independent House,Furnished,15472943.0
1102,3,1.0,36.0,2,Mumbai,Apartment,Furnished,20655827.0
2303,5,4.0,24.0,3,Thane,Villa,Semi-Furnished,32992325.0
853,3,1.0,15.0,3,Thane,Villa,Semi-Furnished,14382024.0
3183,5,1.0,17.0,2,Nashik,Apartment,Furnished,20637753.0
3196,5,2.0,37.0,1,Pune,Apartment,Unfurnished,29555256.0
3930,2,4.0,6.0,2,Thane,Apartment,Unfurnished,48835038.0
1858,5,4.0,35.0,3,Thane,Villa,Unfurnished,26155767.0
1740,4,2.0,16.0,2,Nashik,Villa,Semi-Furnished,13524289.0
784,1,3.0,23.0,1,Thane,Apartment,Semi-Furnished,10135380.0
2160,1,4.0,26.0,0,Nashik,Apartment,Unfurnished,12281136.0
2401,2,4.0,3.0,0,Mumbai,Independent House,Unfurnished,45277912.0
3517,1,1.0,5.0,1,Mumbai,Apartment,Unfurnished,63594817.0
3515,2,4.0,6.0,3,Pune,Apartment,Semi-Furnished,34259838.0
1061,5,4.0,31.0,2,Nashik,Independent House,Unfurnished,9599905.0
1640,3,3.0,3.0,0,Nagpur,Independent House,Furnished,11710400.0
2545,1,3.0,24.0,3,Pune,Apartment,Furnished,24443387.0
1840,3,2.0,4.0,1,Pune,Apartment,Furnished,19571039.0
602,2,4.0,30.0,1,Nagpur,Villa,Furnished,6043323.0
3882,5,4.0,39.0,3,Nagpur,Apartment,Furnished,20793751.0
3425,1,3.0,16.0,1,Thane,Villa,Semi-Furnished,44175189.0
2580,4,3.0,8.0,2,Pune,Apartment,Semi-Furnished,26805460.0
1769,3,2.0,17.0,3,Thane,Apartment,Furnished,23158098.0
3870,1,3.0,27.0,2,Pune,Apartment,Semi-Furnished,35177214.0
641,4,1.0,29.0,2,Pune,Villa,Semi-Furnished,9152557.0
2285,3,4.0,25.0,1,Nagpur,Villa,Unfurnished,13584580.0
3703,4,3.0,23.0,3,Mumbai,Apartment,Semi-Furnished,70174152.0
4311,4,3.0,25.0,0,Nagpur,Apartment,Furnished,20886014.0
1505,4,1.0,8.0,1,Pune,Apartment,Semi-Furnished,15860116.0
3103,3,3.0,8.0,3,Pune,Villa,Semi-Furnished,32431935.0
1258,1,1.0,37.0,1,Nashik,Villa,Semi-Furnished,8356027.0
963,1,4.0,23.0,0,Pune,Independent House,Furnished,11746967.0
1912,3,3.0,34.0,1,Pune,Independent House,Furnished,20182324.0
4040,2,2.0,25.0,1,Pune,Apartment,Semi-Furnished,36468194.0
3257,4,4.0,18.0,2,Mumbai,Independent House,Semi-Furnished,63076192.0
2457,3,4.0,22.0,0,Nagpur,Apartment,Semi-Furnished,13484138.0
1631,5,1.0,27.0,1,Pune,Apartment,Furnished,17127384.0
1066,1,1.0,7.0,3,Nashik,Apartment,Unfurnished,6025006.0
1583,2,2.0,18.0,0,Nashik,Villa,Furnished,11938271.0
1110,4,1.0,28.0,3,Nashik,Villa,,9305928.0
1248,1,3.0,3.0,0,Mumbai,Apartment,Furnished,24962448.0
3250,2,3.0,2.0,1,Nagpur,Independent House,Semi-Furnished,17058298.0
1030,4,3.0,6.0,2,Thane,Independent House,Semi-Furnished,16123903.0
689,3,1.0,23.0,3,Pune,Independent House,Semi-Furnished,9185107.0
2669,4,4.0,9.0,1,Thane,Apartment,Furnished,36233794.0
1646,3,4.0,17.0,0,Pune,Independent House,Furnished,18507737.0
2318,5,3.0,5.0,3,Mumbai,Villa,Unfurnished,47330830.0
1059,5,1.0,10.0,3,Nashik,Villa,Unfurnished,10369377.0
1339,5,2.0,0.0,2,Pune,Apartment,Unfurnished,15594388.0
2264,1,3.0,32.0,0,Pune,Independent House,Semi-Furnished,21541305.0
3260,3,3.0,18.0,2,Pune,Villa,Semi-Furnished,33415977.0
2157,1,1.0,7.0,1,Pune,Apartment,Unfurnished,19393200.0
2666,2,4.0,21.0,1,Nashik,Independent House,Furnished,18017962.0
2587,2,4.0,37.0,0,Pune,Apartment,Semi-Furnished,23269441.0
1575,4,3.0,32.0,1,Thane,Villa,Semi-Furnished,22654457.0
1618,3,2.0,35.0,3,Thane,Apartment,Semi-Furnished,20358458.0
2202,5,3.0,16.0,0,Pune,Apartment,Semi-Furnished,22684495.0
628,2,1.0,14.0,3,Pune,Apartment,Unfurnished,6213241.0
3241,4,,12.0,2,Mumbai,Apartment,Furnished,61421376.0
2957,4,1.0,12.0,2,Thane,Apartment,Semi-Furnished,37959587.0
1724,5,1.0,36.0,3,Mumbai,Apartment,Semi-Furnished,33111449.0
1994,2,3.0,5.0,0,Pune,Apartment,Unfurnished,19838206.0
1814,4,3.0,34.0,3,Thane,Villa,Furnished,25440467.0
3105,1,4.0,36.0,1,Mumbai,Apartment,Furnished,56044490.0
3538,3,3.0,33.0,1,Mumbai,Apartment,Semi-Furnished,64375112.0
934,3,4.0,25.0,1,Thane,Apartment,Unfurnished,12008476.0
2153,5,4.0,34.0,2,Thane,Apartment,Semi-Furnished,28951073.0
555,4,2.0,1.0,1,Mumbai,Apartment,Semi-Furnished,13523094.0
2308,5,4.0,32.0,3,Mumbai,Independent House,Semi-Furnished,44785522.0
1493,5,2.0,20.0,0,Mumbai,Apartment,Semi-Furnished,29893639.0
1843,3,3.0,38.0,2,Pune,Apartment,Semi-Furnished,18223224.0
2326,4,1.0,3.0,2,Mumbai,Apartment,Furnished,44394679.0
1794,1,1.0,37.0,2,Pune,Apartment,Semi-Furnished,15392395.0
2076,3,3.0,22.0,2,Nashik,Villa,Semi-Furnished,14331333.0
3559,1,2.0,4.0,2,Nagpur,Independent House,Furnished,19086538.0
3741,4,3.0,20.0,3,Thane,Apartment,Semi-Furnished,47489835.0
523,5,1.0,1.0,0,Thane,Apartment,Unfurnished,8732993.0
2011,4,2.0,3.0,1,Pune,Villa,Semi-Furnished,21816973.0
3887,5,3.0,21.0,2,Pune,Apartment,Semi-Furnished,37150742.0
2621,2,3.0,32.0,1,Nashik,Apartment,Furnished,15762570.0
1321,5,4.0,4.0,3,Pune,Villa,Furnished,18559000.0
2874,3,4.0,10.0,2,Pune,Villa,Semi-Furnished,29467085.0
1079,4,4.0,15.0,2,Nagpur,Apartment,Furnished,7688991.0
587,4,1.0,21.0,0,Mumbai,Independent House,Unfurnished,13026086.0
3029,4,3.0,0.0,1,Pune,Apartment,Unfurnished,29440041.0
2560,2,1.0,25.0,2,Nashik,Apartment,Unfurnished,14333385.0
3526,4,2.0,19.0,1,Thane,Villa,Semi-Furnished,45548205.0
1879,4,1.0,38.0,3,Nagpur,Villa,Unfurnished,11319667.0
3917,5,2.0,12.0,0,Pune,Villa,Unfurnished,38295358.0
2185,3,1.0,19.0,0,Nashik,Villa,Furnished,15330493.0
3452,3,3.0,3.0,1,Thane,Villa,Semi-Furnished,46277138.0
901,3,1.0,36.0,1,Pune,Independent House,Unfurnished,9363513.0
888,1,3.0,33.0,3,Nashik,Apartment,Semi-Furnished,5265149.0
3631,1,3.0,14.0,3,Nagpur,Apartment,Unfurnished,17065093.0
3835,1,1.0,18.0,1,Nagpur,Villa,Unfurnished,18932697.0
4269,4,1.0,34.0,2,Pune,Apartment,Semi-Furnished,39050792.0
1798,3,4.0,11.0,1,Thane,Villa,Semi-Furnished,25810997.0
589,5,3.0,9.0,2,Mumbai,Apartment,Furnished,14474706.0
4419,4,2.0,9.0,2,Pune,Apartment,Semi-Furnished,42292923.0
2905,1,4.0,28.0,2,Pune,Villa,Semi-Furnished,29305156.0
1488,1,1.0,8.0,3,Mumbai,Villa,Semi-Furnished,29442282.0
3555,2,4.0,3.0,2,Pune,Apartment,Furnished,34338026.0
4115,5,1.0,6.0,1,Nagpur,Apartment,Furnished,21661106.0
1639,1,3.0,39.0,0,Thane,Independent House,Semi-Furnished,20473799.0
3578,1,1.0,34.0,2,Pune,Independent House,Unfurnished,32513972.0
3650,1,1.0,38.0,3,Thane,Apartment,Unfurnished,43071977.0
2506,3,2.0,11.0,2,Thane,Apartment,Unfurnished,31225136.0
3029,5,1.0,17.0,3,Pune,Apartment,Furnished,30008857.0
1578,4,2.0,19.0,1,Nagpur,Apartment,Semi-Furnished,8911244.0
4216,3,1.0,20.0,0,Thane,Apartment,Unfurnished,50936761.0
4432,1,1.0,1.0,2,Nagpur,Independent House,Unfurnished,22448139.0
4424,2,4.0,23.0,0,Nashik,Apartment,Furnished,26200762.0
3448,3,4.0,1.0,0,Thane,Apartment,Semi-Furnished,43936346.0
669,2,4.0,11.0,2,Nagpur,Apartment,Unfurnished,5213256.0
1965,4,1.0,11.0,1,Pune,Apartment,Furnished,20565825.0
2279,5,2.0,26.0,2,Pune,Apartment,Semi-Furnished,22210105.0
4339,2,2.0,35.0,2,Nashik,Apartment,Semi-Furnished,22915747.0
2687,2,2.0,27.0,1,Mumbai,Apartment,Semi-Furnished,48499194.0
2644,1,2.0,17.0,2,Mumbai,Villa,Semi-Furnished,50619721.0
1086,4,3.0,21.0,2,Pune,Apartment,Semi-Furnished,12535168.0
3674,3,2.0,20.0,2,Thane,Apartment,Furnished,45550896.0
1845,2,2.0,5.0,2,Nagpur,Independent House,Furnished,12108890.0
867,2,4.0,38.0,1,Mumbai,Apartment,Semi-Furnished,16565333.0
4450,1,4.0,36.0,2,Pune,Apartment,Semi-Furnished,41187769.0
1260,3,2.0,9.0,2,Pune,Independent House,Furnished,15527677.0
564,4,1.0,4.0,0,Pune,Apartment,Unfurnished,7534347.0
811,2,3.0,6.0,0,Nashik,Apartment,Unfurnished,6030265.0
2310,1,2.0,25.0,0,Pune,Independent House,Furnished,22694715.0
911,3,4.0,1.0,0,Thane,Apartment,Unfurnished,13080222.0
3870,4,2.0,4.0,1,Pune,Independent House,Semi-Furnished,38979115.0
2549,2,1.0,25.0,3,Pune,Apartment,Semi-Furnished,23281417.0
1795,2,1.0,5.0,3,Thane,Apartment,Semi-Furnished,23417595.0
512,1,1.0,2.0,3,Mumbai,Apartment,Unfurnished,10598948.0
2419,4,2.0,0.0,2,Mumbai,Apartment,Furnished,47835697.0
1105,5,2.0,28.0,0,Pune,Apartment,Unfurnished,11079928.0
4412,4,4.0,14.0,1,Nagpur,Apartment,Unfurnished,22568961.0
1664,3,4.0,11.0,3,Mumbai,Apartment,Semi-Furnished,32703270.0
2399,4,1.0,25.0,3,Thane,Apartment,Unfurnished,30572177.0
574,2,4.0,6.0,3,Nashik,Apartment,Semi-Furnished,5436392.0
1023,1,3.0,20.0,1,Thane,Apartment,Furnished,13982687.0
1329,2,2.0,19.0,1,Nashik,Villa,Semi-Furnished,10196598.0
706,4,2.0,26.0,2,Nagpur,Apartment,Semi-Furnished,4503704.0
3403,4,2.0,24.0,0,Nagpur,Villa,,18644516.0
4281,5,1.0,27.0,0,Mumbai,Apartment,Furnished,79802770.0
4441,5,4.0,8.0,0,Nagpur,Apartment,Furnished,23375858.0
1563,2,1.0,5.0,2,Nagpur,Independent House,Furnished,9625557.0
3654,1,1.0,21.0,0,Pune,Independent House,Unfurnished,33715434.0
2516,2,2.0,2.0,2,Nagpur,Apartment,Unfurnished,12226991.0
683,5,1.0,18.0,1,Pune,Apartment,Unfurnished,8630510.0
862,5,1.0,25.0,3,Nashik,Independent House,Unfurnished,8223172.0
2691,1,2.0,32.0,0,Pune,Apartment,Unfurnished,24036226.0
2194,1,2.0,26.0,1,Pune,Apartment,Furnished,20570946.0
533,3,1.0,39.0,0,Pune,Apartment,Unfurnished,5196098.0
4220,4,4.0,22.0,1,Pune,Apartment,Unfurnished,40465451.0
3421,5,4.0,17.0,2,Pune,Villa,Furnished,36109277.0
2509,4,3.0,9.0,0,Pune,Villa,Furnished,28128476.0
4447,2,3.0,26.0,2,Nashik,Apartment,Unfurnished,24758247.0
4384,1,4.0,32.0,3,Mumbai,Apartment,Unfurnished,79213335.0
4395,4,2.0,12.0,0,Thane,Apartment,Furnished,54632941.0
1535,3,2.0,3.0,0,Thane,Villa,Furnished,22985666.0
4023,5,1.0,0.0,3,Pune,Independent House,Semi-Furnished,40614471.0
2518,3,3.0,25.0,2,Mumbai,Apartment,Semi-Furnished,46830510.0
3404,3,1.0,26.0,3,Mumbai,Villa,Semi-Furnished,64337456.0
3938,2,3.0,4.0,2,Mumbai,Apartment,Furnished,73433205.0
1153,1,4.0,0.0,2,Mumbai,Apartment,Unfurnished,22582753.0
2293,5,1.0,26.0,0,Nagpur,Apartment,Semi-Furnished,12596106.0
1015,5,3.0,15.0,2,Nashik,Apartment,Furnished,8714666.0
1617,1,2.0,16.0,1,Mumbai,Apartment,Semi-Furnished,30324137.0
2154,4,2.0,10.0,3,Nagpur,Independent House,Unfurnished,13129859.0
3921,2,3.0,28.0,0,Pune,Apartment,Furnished,36707357.0
3950,3,1.0,29.0,0,Thane,Apartment,Semi-Furnished,48036181.0
2059,5,4.0,2.0,2,Thane,Independent House,Unfurnished,28895170.0
1816,5,2.0,3.0,3,Pune,Villa,Semi-Furnished,21984189.0
2622,1,2.0,22.0,3,Nagpur,Apartment,Semi-Furnished,12922478.0
4147,2,4.0,24.0,2,Thane,Apartment,Furnished,51463789.0
4406,5,1.0,5.0,1,Mumbai,Independent House,Unfurnished,82135668.0
1407,5,2.0,6.0,1,Pune,Apartment,Furnished,16331389.0
1245,1,4.0,27.0,3,Nagpur,Apartment,Semi-Furnished,7082124.0
3327,5,2.0,18.0,0,Mumbai,Apartment,Furnished,63188291.0
1705,3,1.0,4.0,0,Pune,Apartment,Furnished,18286495.0
1299,3,2.0,24.0,2,Nashik,Villa,Furnished,11121626.0
624,1,4.0,2.0,1,Mumbai,Independent House,Furnished,14643554.0
2112,4,4.0,,1,Pune,Apartment,Semi-Furnished,22037030.0
2067,4,4.0,28.0,3,Thane,Independent House,Unfurnished,27184570.0
2752,4,2.0,8.0,1,Pune,Apartment,Semi-Furnished,27040810.0
1300,4,4.0,2.0,3,Nashik,Villa,Semi-Furnished,12666039.0
3357,5,2.0,38.0,0,Nagpur,Apartment,Semi-Furnished,16336512.0
3220,5,4.0,8.0,1,Pune,Apartment,Semi-Furnished,32551404.0
2349,4,4.0,20.0,0,Nagpur,Apartment,Unfurnished,11751823.0
1225,5,1.0,32.0,2,Nashik,Villa,Furnished,10279339.0
2527,4,4.0,39.0,3,Mumbai,Apartment,Unfurnished,47225017.0
3199,4,3.0,32.0,3,Nashik,Apartment,Semi-Furnished,19209495.0
1990,3,3.0,13.0,0,Thane,Apartment,Semi-Furnished,25525718.0
1553,4,4.0,34.0,3,Thane,Apartment,Semi-Furnished,20818766.0
2526,1,1.0,0.0,0,Pune,Apartment,Furnished,24014966.0
1920,3,3.0,13.0,2,Mumbai,Apartment,Semi-Furnished,37367848.0
2102,3,1.0,7.0,2,Nashik,Apartment,Furnished,13605426.0
1895,5,2.0,21.0,0,Thane,Independent House,Semi-Furnished,25940686.0
1713,1,1.0,35.0,0,Thane,Independent House,Unfurnished,20169137.0
3367,4,1.0,30.0,0,Mumbai,Apartment,Semi-Furnished,61726284.0
2340,1,4.0,39.0,2,Thane,Apartment,Unfurnished,27716141.0
2366,5,2.0,5.0,2,Mumbai,Apartment,Furnished,46437357.0
3112,5,2.0,30.0,0,Pune,Apartment,Furnished,30807576.0
1945,2,2.0,28.0,2,Nashik,Independent House,Unfurnished,11748149.0
904,5,3.0,18.0,3,Mumbai,Apartment,Furnished,19598903.0
3910,3,3.0,3.0,0,Nashik,Independent House,Semi-Furnished,24812845.0
722,5,3.0,4.0,2,Mumbai,Apartment,Unfurnished,16819309.0
2787,4,4.0,36.0,1,Nagpur,Independent House,Semi-Furnished,15181116.0
1563,1,2.0,11.0,1,Thane,Villa,Semi-Furnished,22191391.0
1355,2,4.0,25.0,1,Pune,Villa,Furnished,15745390.0
667,3,4.0,37.0,1,Nashik,Independent House,Semi-Furnished,6383837.0
4100,2,3.0,19.0,1,Nagpur,Apartment,Semi-Furnished,20013326.0
2216,1,1.0,8.0,0,Pune,Apartment,Semi-Furnished,20993555.0
1870,5,2.0,19.0,1,Nagpur,Apartment,Unfurnished,9748904.0
3464,5,3.0,9.0,2,Nashik,Independent House,Semi-Furnished,22749134.0
655,3,2.0,7.0,1,Pune,Independent House,Furnished,10056591.0
2758,2,2.0,32.0,2,Thane,Apartment,Semi-Furnished,34231997.0
2478,1,2.0,13.0,0,Mumbai,Villa,Furnished,48793655.0
2713,5,1.0,27.0,0,Pune,Apartment,Unfurnished,24898321.0
995,2,1.0,29.0,3,Pune,Apartment,Semi-Furnished,9913610.0
4310,1,4.0,21.0,1,Nagpur,Apartment,Unfurnished,19514281.0
1453,2,1.0,21.0,2,Thane,Apartment,Furnished,18562729.0
3213,3,4.0,7.0,2,Mumbai,Apartment,Unfurnished,59967989.0
3488,4,2.0,21.0,0,Pune,Villa,Unfurnished,34614060.0
1875,2,4.0,30.0,3,Pune,Apartment,Furnished,18516188.0
1023,5,2.0,7.0,1,Nagpur,Apartment,Semi-Furnished,7698645.0
1686,4,4.0,9.0,3,Mumbai,Apartment,Semi-Furnished,34112415.0
3727,5,3.0,27.0,1,Mumbai,Apartment,Furnished,70423588.0
4125,2,4.0,39.0,1,Mumbai,Villa,Semi-Furnished,76991665.0
4247,4,1.0,15.0,2,Mumbai,Independent House,Semi-Furnished,79809341.0
1405,2,4.0,33.0,0,Nashik,Apartment,Furnished,8913765.0
2926,4,2.0,7.0,2,Nashik,Independent House,Semi-Furnished,19646981.0
1104,4,2.0,22.0,3,Pune,Villa,Unfurnished,13718555.0
3341,2,1.0,37.0,2,Mumbai,Independent House,Furnished,61325091.0
2163,5,4.0,17.0,0,Mumbai,Apartment,Semi-Furnished,41887608.0
3354,5,3.0,20.0,2,Nashik,Apartment,Furnished,21322945.0
3240,5,4.0,6.0,0,Pune,Villa,Semi-Furnished,34391425.0
4471,2,3.0,21.0,0,Pune,Apartment,Unfurnished,40364830.0
2454,4,1.0,23.0,1,Nashik,Apartment,Furnished,15396746.0
1866,1,2.0,39.0,1,Pune,Apartment,Unfurnished,15669821.0
2607,1,2.0,8.0,0,Nashik,Apartment,Furnished,15530049.0
1151,5,1.0,14.0,0,Mumbai,Apartment,Furnished,23478689.0
947,1,4.0,25.0,3,Pune,Independent House,Furnished,10172289.0
2576,5,4.0,37.0,1,Nagpur,Apartment,Unfurnished,12360885.0
3801,3,3.0,9.0,0,Mumbai,Apartment,Semi-Furnished,70929671.0
2632,2,3.0,27.0,1,Pune,Independent House,Unfurnished,25234365.0
3627,1,3.0,35.0,2,Thane,Apartment,Semi-Furnished,43508485.0
1211,4,3.0,25.0,2,Mumbai,Apartment,Semi-Furnished,24396257.0
2297,4,1.0,17.0,1,Thane,Independent House,Semi-Furnished,30156370.0
2952,3,3.0,9.0,0,Pune,Independent House,Semi-Furnished,29457138.0
1890,5,4.0,11.0,3,Thane,Villa,Furnished,28367477.0
556,2,4.0,2.0,2,Thane,Apartment,Unfurnished,9689978.0
793,3,3.0,6.0,3,Pune,Apartment,Semi-Furnished,10082796.0
4210,2,4.0,17.0,1,Nashik,Independent House,Semi-Furnished,25973070.0
2920,3,3.0,5.0,0,Nagpur,Independent House,Unfurnished,16199880.0
1558,1,2.0,0.0,1,Mumbai,Apartment,Semi-Furnished,28840281.0
1535,3,2.0,27.0,1,Mumbai,Independent House,Semi-Furnished,29542696.0
658,3,3.0,2.0,2,Thane,Villa,Semi-Furnished,12760744.0
4279,3,4.0,5.0,2,Nagpur,Apartment,Semi-Furnished,22213651.0
932,3,1.0,23.0,0,Thane,Apartment,Furnished,13626438.0
3537,4,2.0,36.0,2,Thane,Apartment,Furnished,44063164.0
1460,3,3.0,28.0,1,Thane,Independent House,Unfurnished,19824432.0
1842,2,4.0,1.0,2,Nagpur,Apartment,Semi-Furnished,11361702.0
1595,2,2.0,6.0,1,Nashik,Villa,Furnished,12916769.0
3798,4,3.0,29.0,2,Thane,Apartment,Unfurnished,47181982.0
631,5,1.0,29.0,2,Nashik,Villa,Semi-Furnished,7049910.0
1909,4,2.0,15.0,1,Pune,Apartment,Semi-Furnished,18523074.0
1617,4,4.0,37.0,0,Nashik,Independent House,Unfurnished,11000633.0
1591,5,3.0,35.0,2,Pune,Apartment,Semi-Furnished,16621793.0
1271,5,4.0,29.0,3,Thane,Villa,Furnished,20655541.0
4149,3,1.0,29.0,1,Nashik,Villa,Unfurnished,24977893.0
2014,1,2.0,31.0,3,Nashik,Apartment,Unfurnished,11453680.0
2172,4,4.0,5.0,0,Pune,Independent House,Furnished,23708305.0
2040,4,4.0,28.0,3,Nashik,Apartment,Furnished,14820774.0
4420,2,4.0,37.0,3,Mumbai,Independent House,Semi-Furnished,81205438.0
1856,5,2.0,8.0,1,Nagpur,Apartment,Semi-Furnished,11333472.0
1866,5,4.0,0.0,0,Nashik,Villa,Unfurnished,15619393.0
1811,2,2.0,14.0,2,Mumbai,Independent House,Furnished,35426271.0
1807,3,4.0,10.0,3,Pune,Independent House,Unfurnished,19990052.0
858,1,4.0,37.0,0,Nashik,Apartment,Furnished,5164747.0
2917,1,2.0,17.0,2,Mumbai,Apartment,Furnished,54019160.0
600,2,2.0,26.0,3,Thane,Independent House,Unfurnished,8758492.0
1403,2,4.0,39.0,0,Thane,Apartment,Semi-Furnished,17026433.0
1308,2,2.0,31.0,2,Nagpur,Independent House,,9108984.0
1665,1,2.0,29.0,0,Mumbai,Apartment,Furnished,30092114.0
3526,3,3.0,38.0,0,Pune,Apartment,Semi-Furnished,31405250.0
2897,4,4.0,27.0,1,Thane,Villa,Unfurnished,37832364.0
4463,2,1.0,9.0,1,Thane,Apartment,Semi-Furnished,54995083.0
1904,3,4.0,29.0,0,Pune,Apartment,Semi-Furnished,18366416.0
4214,2,2.0,12.0,3,Nagpur,Apartment,Semi-Furnished,21261359.0
679,4,1.0,13.0,0,Mumbai,Independent House,Unfurnished,15063983.0
2516,4,2.0,25.0,3,Pune,Apartment,Furnished,25090724.0
3695,5,2.0,12.0,0,Thane,Independent House,Semi-Furnished,47232997.0
2627,1,3.0,0.0,2,Thane,Apartment,Unfurnished,32506583.0
4233,5,3.0,39.0,2,Thane,Apartment,Unfurnished,52191509.0
1758,2,1.0,22.0,1,Pune,Apartment,Unfurnished,15347971.0
633,1,2.0,26.0,1,Mumbai,Apartment,Semi-Furnished,11558495.0
3595,4,1.0,32.0,3,Thane,Apartment,Unfurnished,44769586.0
772,1,2.0,25.0,0,Nagpur,Apartment,Semi-Furnished,3828275.0
3559,1,3.0,24.0,3,Mumbai,Apartment,Unfurnished,64622551.0
3433,5,4.0,31.0,2,Nashik,Villa,Unfurnished,22273152.0
3877,2,1.0,11.0,3,Pune,Apartment,Unfurnished,36114782.0
2415,3,3.0,33.0,1,Nashik,Apartment,Semi-Furnished,14296164.0
4082,2,2.0,28.0,1,Thane,Apartment,Semi-Furnished,49771387.0
1179,1,2.0,7.0,2,Pune,Apartment,Semi-Furnished,12398194.0
2237,1,3.0,5.0,2,Pune,Villa,Semi-Furnished,24147156.0
987,1,1.0,35.0,3,Nashik,Independent House,Semi-Furnished,6476501.0
3567,3,4.0,35.0,3,Nashik,Independent House,Semi-Furnished,22488865.0
3357,3,2.0,39.0,0,Mumbai,Apartment,Unfurnished,60095609.0
3725,1,1.0,4.0,0,Pune,Apartment,Semi-Furnished,35034656.0
3557,2,4.0,35.0,3,Nagpur,Independent House,Unfurnished,17297294.0
1733,2,4.0,34.0,1,Pune,Independent House,Semi-Furnished,17383639.0
772,3,3.0,30.0,2,Nashik,Apartment,Semi-Furnished,6262478.0
4216,5,3.0,19.0,0,Nashik,Apartment,Furnished,26021252.0
2471,4,,20.0,0,Mumbai,Villa,Semi-Furnished,47224646.0
877,5,2.0,17.0,1,Nashik,Independent House,Semi-Furnished,8218662.0
4208,1,2.0,1.0,2,Nagpur,Apartment,Unfurnished,20822280.0
4477,2,4.0,20.0,3,Nashik,Apartment,Furnished,26041669.0
2281,4,2.0,9.0,3,Nashik,Independent House,Unfurnished,15981577.0
3580,2,3.0,8.0,0,Mumbai,Villa,Unfurnished,67204698.0
645,5,2.0,2.0,0,Mumbai,Apartment,Unfurnished,14184565.0
873,3,3.0,18.0,2,Mumbai,Apartment,Furnished,18117155.0
1606,2,1.0,1.0,2,Mumbai,Apartment,Furnished,31800217.0
3124,5,3.0,33.0,0,Mumbai,Villa,Semi-Furnished,59906214.0
1033,3,1.0,35.0,1,Pune,Villa,Unfurnished,11581741.0
636,5,3.0,32.0,3,Nagpur,Apartment,Furnished,6379859.0
3175,3,1.0,12.0,0,Pune,Apartment,Semi-Furnished,30088454.0
3580,1,4.0,6.0,3,Thane,Villa,Unfurnished,46288226.0
3456,4,4.0,20.0,1,Nashik,Apartment,Semi-Furnished,21657733.0
3696,1,3.0,26.0,2,Pune,Apartment,Semi-Furnished,34280584.0
3711,4,4.0,0.0,2,Nagpur,Apartment,Semi-Furnished,19840519.0
2909,3,4.0,34.0,2,Mumbai,Apartment,Semi-Furnished,53978229.0
2577,4,1.0,17.0,2,Thane,Villa,Semi-Furnished,34669898.0
3927,5,3.0,32.0,0,Thane,Apartment,Semi-Furnished,48834843.0
1892,3,2.0,3.0,1,Thane,Villa,Unfurnished,26073075.0
891,5,4.0,17.0,3,Nashik,Villa,Unfurnished,9358926.0
3507,1,4.0,18.0,0,Thane,Apartment,Furnished,44199038.0
1603,1,4.0,1.0,2,Nashik,Independent House,,11412703.0
4415,5,2.0,28.0,2,Thane,Apartment,Semi-Furnished,55704691.0
2156,3,1.0,37.0,0,Pune,Independent House,Unfurnished,20212962.0
3907,3,1.0,21.0,0,Thane,Apartment,Unfurnished,46924278.0
669,1,1.0,15.0,3,Nagpur,Independent House,Semi-Furnished,5086346.0
3136,2,4.0,25.0,0,Mumbai,Apartment,Unfurnished,56563436.0
2292,4,3.0,14.0,0,Thane,Apartment,Semi-Furnished,30127216.0
2350,5,2.0,14.0,0,Nagpur,Apartment,Semi-Furnished,13031502.0
1560,5,2.0,30.0,2,Thane,Apartment,Furnished,21714832.0
4384,3,1.0,23.0,3,Pune,Apartment,Semi-Furnished,41591096.0
2070,3,3.0,10.0,0,Nashik,Apartment,Unfurnished,12204095.0
3901,1,2.0,16.0,3,Nagpur,Apartment,Furnished,19036984.0
2200,1,4.0,33.0,2,Pune,Apartment,Furnished,20415743.0
693,3,1.0,21.0,0,Nagpur,Villa,Unfurnished,6439718.0
4017,3,4.0,3.0,0,Nagpur,Apartment,Semi-Furnished,20578359.0
1240,1,1.0,34.0,1,Pune,Apartment,Semi-Furnished,10248199.0
1581,3,2.0,29.0,0,Nagpur,Independent House,Semi-Furnished,10022652.0
3944,4,2.0,10.0,0,Pune,Villa,Unfurnished,38769267.0
4074,5,3.0,38.0,1,Thane,Apartment,Unfurnished,49438163.0
4167,5,3.0,38.0,3,Thane,Apartment,Unfurnished,51122720.0
2203,2,1.0,39.0,3,Mumbai,Apartment,Unfurnished,39458436.0
3527,2,2.0,15.0,2,Nashik,Apartment,Semi-Furnished,20929086.0
1811,5,3.0,36.0,1,Mumbai,Independent House,Furnished,35601799.0
3461,4,2.0,32.0,1,Mumbai,Apartment,Semi-Furnished,63459729.0
2510,2,1.0,34.0,2,Thane,Independent House,Semi-Furnished,31453886.0
707,4,1.0,21.0,0,Mumbai,Villa,Unfurnished,16121761.0
2170,1,3.0,11.0,2,Mumbai,Independent House,Semi-Furnished,41719976.0
2370,3,2.0,9.0,3,Pune,Apartment,Furnished,24016575.0
1529,2,3.0,38.0,3,Nagpur,Villa,Furnished,9867709.0
1997,5,1.0,20.0,0,Thane,Villa,Semi-Furnished,28110369.0
2510,1,3.0,37.0,1,Pune,Villa,Semi-Furnished,25176030.0
698,5,1.0,22.0,1,Pune,Apartment,Unfurnished,7364926.0
1107,2,3.0,21.0,2,Pune,Apartment,Furnished,12424349.0
3567,1,4.0,2.0,0,Pune,Apartment,Semi-Furnished,33812250.0
1907,4,2.0,16.0,3,Mumbai,Apartment,Semi-Furnished,36135098.0
2933,4,1.0,22.0,3,Nagpur,Independent House,Semi-Furnished,15368494.0
2763,1,1.0,4.0,1,Nashik,Villa,Unfurnished,18276879.0
2704,1,2.0,6.0,1,Pune,Apartment,Semi-Furnished,26320011.0
2153,1,1.0,23.0,1,Nashik,Apartment,Furnished,12315413.0
2433,3,4.0,9.0,0,Nagpur,Apartment,Unfurnished,12753035.0
3795,1,4.0,28.0,3,Mumbai,Independent House,Unfurnished,69097938.0
4360,4,4.0,18.0,3,Pune,Independent House,Unfurnished,43022918.0
1526,1,4.0,16.0,1,Nagpur,Apartment,Unfurnished,7684229.0
3177,4,3.0,4.0,2,Pune,Apartment,Furnished,31604475.0
4379,5,2.0,16.0,1,Thane,Independent House,Semi-Furnished,56270133.0
530,4,2.0,21.0,0,Thane,Villa,Furnished,9784754.0
3638,5,2.0,22.0,1,Thane,Independent House,Furnished,47736874.0
2487,5,4.0,10.0,0,Pune,Apartment,Semi-Furnished,25145737.0
4370,1,2.0,1.0,3,Pune,Apartment,Semi-Furnished,41421681.0
2813,2,2.0,37.0,2,Thane,Villa,Semi-Furnished,35672135.0
3852,4,3.0,38.0,3,Mumbai,Apartment,Semi-Furnished,69961435.0
1164,2,2.0,36.0,0,Mumbai,Independent House,Semi-Furnished,22500273.0
1068,4,2.0,11.0,2,Nashik,Villa,Semi-Furnished,10756920.0
4206,4,1.0,24.0,2,Pune,Apartment,Semi-Furnished,39329197.0
2605,5,1.0,5.0,2,Nashik,Apartment,Semi-Furnished,17560991.0
2733,2,1.0,36.0,3,Thane,Villa,Unfurnished,34683180.0
1179,2,2.0,0.0,1,Nagpur,Independent House,Semi-Furnished,8597220.0
1406,1,4.0,18.0,0,Mumbai,Apartment,Semi-Furnished,27134519.0
3772,2,2.0,34.0,0,Thane,Villa,Semi-Furnished,47451559.0
1713,2,3.0,29.0,1,Nagpur,Apartment,Semi-Furnished,8427554.0
2836,3,2.0,34.0,0,Pune,Independent House,Furnished,27866562.0
1766,3,2.0,19.0,0,Nagpur,Villa,Furnished,11453523.0
1553,5,1.0,3.0,0,Pune,Apartment,Semi-Furnished,16347501.0
1164,4,3.0,0.0,1,Mumbai,Villa,Semi-Furnished,26530883.0
4218,4,3.0,6.0,0,Nashik,Villa,Unfurnished,27489372.0
4260,1,2.0,2.0,1,Pune,Villa,Unfurnished,40332271.0
960,3,3.0,17.0,2,Pune,Apartment,Unfurnished,9942351.0
1913,4,2.0,2.0,1,Nashik,Villa,Furnished,16042438.0
2755,2,2.0,7.0,0,Pune,Independent House,Furnished,27141279.0
2033,3,3.0,16.0,2,Nashik,Apartment,Unfurnished,12502680.0
3384,4,3.0,29.0,0,Pune,Apartment,Furnished,33753679.0
1540,4,1.0,26.0,2,Nagpur,Independent House,Semi-Furnished,9391012.0
735,5,2.0,2.0,1,Thane,Villa,Furnished,14937212.0
1847,3,2.0,36.0,1,Pune,Apartment,Semi-Furnished,18028210.0
2891,2,4.0,21.0,0,Nagpur,Independent House,Semi-Furnished,14950676.0
1222,2,2.0,13.0,1,Pune,Apartment,Semi-Furnished,12547864.0
3763,4,4.0,15.0,0,Mumbai,Independent House,Unfurnished,71710469.0
548,3,3.0,33.0,2,Mumbai,Apartment,Unfurnished,10880786.0
770,3,1.0,18.0,0,Pune,Apartment,Semi-Furnished,9194483.0
2535,1,2.0,9.0,2,Pune,Independent House,Furnished,25388399.0
2548,3,4.0,16.0,1,Nagpur,Villa,Semi-Furnished,16304694.0
1679,2,2.0,,2,Nagpur,Apartment,Furnished,10223003.0
1534,3,3.0,6.0,2,Thane,Independent House,Unfurnished,21420634.0
779,5,4.0,12.0,2,Thane,Independent House,Furnished,14646018.0
3151,4,3.0,8.0,3,Mumbai,Independent House,Furnished,61357844.0
2016,3,1.0,13.0,2,Pune,Apartment,Semi-Furnished,19915944.0
974,5,2.0,2.0,3,Pune,Apartment,Semi-Furnished,12674337.0
2099,5,2.0,24.0,1,Nashik,Villa,,14261020.0
4248,3,2.0,4.0,3,Thane,Independent House,Unfurnished,53806605.0
1544,4,4.0,8.0,1,Pune,Apartment,Unfurnished,16801189.0
4078,2,1.0,39.0,2,Pune,Apartment,Semi-Furnished,37208189.0
1534,5,3.0,0.0,1,Mumbai,Apartment,Furnished,31952752.0
1243,2,4.0,11.0,3,Thane,Apartment,Unfurnished,16930142.0
1542,2,4.0,20.0,1,Mumbai,Villa,Furnished,31817054.0
1793,1,3.0,12.0,2,Nagpur,Apartment,Furnished,10459509.0
982,5,4.0,12.0,0,Mumbai,Villa,Semi-Furnished,21984197.0
2850,2,2.0,5.0,2,Mumbai,Villa,Furnished,55380737.0
1833,5,3.0,16.0,0,Mumbai,Apartment,Furnished,36160507.0
3372,1,3.0,,1,Nagpur,Independent House,Unfurnished,16142105.0
2463,3,1.0,23.0,0,Nagpur,Apartment,Furnished,11584163.0
2270,3,1.0,36.0,1,Mumbai,Apartment,Semi-Furnished,40774173.0
2383,3,4.0,27.0,1,Pune,Apartment,Unfurnished,22619503.0
1125,1,1.0,31.0,1,Pune,Apartment,Unfurnished,9910913.0
3351,1,2.0,17.0,1,Pune,Apartment,Semi-Furnished,30750432.0
916,2,3.0,24.0,0,Pune,Independent House,Furnished,10393899.0
3386,3,3.0,23.0,2,Pune,Apartment,Semi-Furnished,32521901.0
4499,4,3.0,32.0,3,Nagpur,Apartment,Semi-Furnished,22087868.0
3555,3,4.0,20.0,1,Thane,Independent House,Semi-Furnished,46086404.0
2321,2,4.0,16.0,0,Nagpur,Independent House,Furnished,13444903.0
1757,2,4.0,2.0,0,Nagpur,Apartment,Unfurnished,9204653.0
3990,4,3.0,34.0,2,Thane,Apartment,Semi-Furnished,50229268.0
1528,3,4.0,17.0,3,Thane,Apartment,Semi-Furnished,21432767.0
2429,5,3.0,31.0,3,Pune,Apartment,Unfurnished,23421034.0
3583,3,3.0,27.0,1,Pune,Apartment,Furnished,34355067.0
4189,3,4.0,0.0,1,Pune,Villa,Furnished,42883999.0
4183,1,4.0,26.0,0,Thane,Apartment,Semi-Furnished,51124579.0
851,1,1.0,19.0,0,Pune,Apartment,Semi-Furnished,7514940.0
4093,5,4.0,9.0,3,Mumbai,Villa,Furnished,80206329.0
956,2,3.0,10.0,1,Nashik,Apartment,Unfurnished,7125728.0
2837,3,4.0,25.0,1,Nashik,Apartment,Unfurnished,16457196.0
4218,3,3.0,,1,Nashik,Independent House,Semi-Furnished,26859465.0
3119,1,4.0,24.0,1,Nagpur,Apartment,Semi-Furnished,15512684.0
4289,3,2.0,33.0,3,Nashik,Apartment,Semi-Furnished,24378887.0
1877,2,1.0,3.0,3,Thane,Apartment,Semi-Furnished,24263028.0
1758,1,1.0,,2,Pune,Apartment,Semi-Furnished,17679782.0
1804,3,2.0,2.0,1,Thane,Villa,Unfurnished,25305690.0
1920,3,1.0,29.0,2,Nashik,Apartment,Unfurnished,10361126.0
3231,1,2.0,33.0,1,Pune,Apartment,Unfurnished,28414901.0
2309,3,1.0,39.0,2,Thane,Apartment,Semi-Furnished,29003898.0
3449,4,1.0,1.0,0,Thane,Apartment,Furnished,45316300.0
2164,2,3.0,19.0,2,Thane,Independent House,Furnished,28741311.0
1730,5,4.0,1.0,0,Thane,Independent House,Semi-Furnished,25049014.0
1260,4,1.0,14.0,2,Mumbai,Apartment,Semi-Furnished,24683895.0
2704,4,3.0,12.0,2,Pune,Apartment,Unfurnished,27456855.0
4093,1,3.0,24.0,0,Pune,Villa,Semi-Furnished,39515942.0
3935,4,3.0,36.0,2,Thane,Apartment,Furnished,49988838.0
1513,2,1.0,32.0,0,Thane,Apartment,Unfurnished,18155407.0
2410,4,3.0,2.0,1,Thane,Independent House,Furnished,32956286.0
3321,5,1.0,9.0,0,Thane,Apartment,Unfurnished,41475018.0
2949,2,1.0,10.0,2,Nashik,Apartment,Semi-Furnished,17416222.0
768,2,2.0,10.0,2,Pune,Apartment,Semi-Furnished,8437111.0
2864,1,4.0,14.0,1,Pune,Apartment,Furnished,27400762.0
655,4,1.0,24.0,3,Mumbai,Apartment,Semi-Furnished,13427116.0
965,4,4.0,29.0,2,Nagpur,Apartment,Furnished,7340721.0
3114,3,4.0,37.0,2,Pune,Villa,Furnished,31747108.0
910,1,4.0,28.0,0,Thane,Apartment,Semi-Furnished,12018900.0
1856,2,2.0,11.0,2,Nagpur,Independent House,Semi-Furnished,11175327.0
2853,3,1.0,7.0,2,Mumbai,Apartment,Semi-Furnished,53159676.0
3121,5,1.0,15.0,3,Thane,Apartment,Semi-Furnished,40326808.0
2282,1,4.0,31.0,2,Nashik,Apartment,Semi-Furnished,12630910.0
876,2,1.0,39.0,0,Nagpur,Apartment,Semi-Furnished,2601673.0
3696,4,3.0,15.0,2,Mumbai,Villa,Semi-Furnished,71277445.0
4299,2,2.0,7.0,0,Mumbai,Apartment,Unfurnished,78890240.0
4054,5,4.0,0.0,1,Pune,Apartment,Unfurnished,39948458.0
3494,5,3.0,3.0,3,Nashik,Apartment,Semi-Furnished,22930912.0
2108,2,3.0,25.0,3,Nagpur,Apartment,Furnished,10822158.0
4005,4,4.0,23.0,3,Thane,Apartment,Furnished,51775116.0
2452,4,4.0,25.0,1,Thane,Apartment,Furnished,32375639.0
1045,4,2.0,0.0,2,Pune,Apartment,Semi-Furnished,12696028.0
3902,1,3.0,17.0,2,Thane,Independent House,Unfurnished,48531829.0
1780,1,3.0,7.0,0,Pune,Villa,Semi-Furnished,18958693.0
4254,2,4.0,13.0,3,Pune,Apartment,Furnished,40575023.0
1973,1,2.0,24.0,3,Nagpur,Apartment,Semi-Furnished,9782217.0
3977,2,2.0,11.0,0,Thane,Apartment,Semi-Furnished,48831664.0
2648,4,4.0,26.0,3,Thane,Apartment,Semi-Furnished,34125218.0
2369,3,4.0,11.0,1,Thane,Apartment,Unfurnished,31181031.0
1687,2,3.0,20.0,2,Pune,Apartment,Unfurnished,16171365.0
3842,1,1.0,18.0,2,Pune,Independent House,Unfurnished,34634170.0
742,2,2.0,15.0,0,Pune,Villa,Semi-Furnished,9387044.0
2375,3,2.0,5.0,0,Nashik,Apartment,Furnished,15211847.0
1975,4,3.0,23.0,2,Mumbai,Apartment,Unfurnished,37247351.0
2673,2,3.0,39.0,3,Pune,Apartment,Unfurnished,23656005.0
1518,2,4.0,25.0,3,Mumbai,Apartment,Furnished,29709134.0
3158,3,1.0,29.0,1,Nashik,Apartment,Furnished,18565770.0
2043,1,2.0,32.0,3,Nagpur,Apartment,Semi-Furnished,9369429.0
1252,2,3.0,1.0,1,Mumbai,Apartment,Semi-Furnished,24883328.0
1287,1,4.0,31.0,2,Mumbai,Apartment,Semi-Furnished,23891504.0
3286,3,1.0,9.0,1,Nagpur,Villa,Semi-Furnished,18356380.0
1547,3,4.0,26.0,2,Nagpur,Apartment,Furnished,9270616.0
1729,3,1.0,39.0,2,Pune,Independent House,Unfurnished,16561859.0
3007,4,1.0,35.0,2,Pune,Apartment,Furnished,28877429.0
1819,2,4.0,16.0,1,Thane,Apartment,Semi-Furnished,23706087.0
2052,5,4.0,33.0,2,Nagpur,Apartment,Semi-Furnished,12201096.0
1477,5,4.0,24.0,2,Pune,Apartment,Unfurnished,15456990.0
1881,1,3.0,5.0,1,Nashik,Apartment,Furnished,12582657.0
3271,5,3.0,9.0,2,Nashik,Apartment,Semi-Furnished,22501246.0
2635,1,3.0,38.0,0,Pune,Apartment,Semi-Furnished,23496571.0
4490,2,3.0,36.0,3,Pune,Apartment,Semi-Furnished,41299019.0
3587,3,3.0,35.0,0,Thane,Apartment,Unfurnished,42825476.0
567,1,2.0,15.0,3,Nashik,Villa,Unfurnished,5337555.0
2015,2,4.0,12.0,3,Pune,Villa,Unfurnished,21727135.0
1659,1,2.0,32.0,3,Nagpur,Villa,Unfurnished,9395554.0
2850,3,3.0,0.0,0,Mumbai,Independent House,Semi-Furnished,55192123.0
1562,5,3.0,35.0,0,Nashik,Apartment,Semi-Furnished,10487823.0
4364,5,3.0,24.0,0,Pune,Independent House,Semi-Furnished,42937844.0
1697,2,3.0,25.0,1,Pune,Apartment,Semi-Furnished,15903296.0
2587,3,1.0,17.0,3,Pune,Apartment,Unfurnished,24793012.0
991,3,2.0,39.0,3,Thane,Villa,Semi-Furnished,14638009.0
4139,3,2.0,29.0,2,Nashik,Apartment,Semi-Furnished,24080703.0
4147,4,2.0,2.0,3,Thane,Apartment,Semi-Furnished,52840957.0
3674,5,4.0,20.0,0,Pune,Apartment,Semi-Furnished,35387136.0
1906,3,4.0,34.0,3,Nagpur,Apartment,Furnished,10220181.0
734,1,3.0,3.0,1,Mumbai,Apartment,Furnished,15586302.0
3343,5,2.0,29.0,2,Nagpur,Villa,Furnished,19727533.0
2216,5,1.0,9.0,3,Mumbai,Apartment,Semi-Furnished,42919693.0
4461,2,4.0,20.0,2,Nashik,Apartment,Semi-Furnished,26288834.0
3293,3,4.0,35.0,1,Pune,Apartment,Furnished,31092905.0
2654,5,2.0,19.0,2,Pune,Independent House,Furnished,28272378.0
4446,3,4.0,1.0,1,Nagpur,Independent House,Furnished,24514282.0
3701,3,4.0,0.0,2,Pune,Villa,Furnished,38654474.0
2333,5,3.0,29.0,1,Pune,Apartment,Furnished,24116738.0
575,5,1.0,37.0,1,Thane,Apartment,Semi-Furnished,8520259.0
871,3,1.0,11.0,0,Pune,Apartment,Unfurnished,8197859.0
2274,1,4.0,37.0,1,Nashik,Villa,Semi-Furnished,14609118.0
2748,3,3.0,18.0,2,Thane,Apartment,Semi-Furnished,34604794.0
620,4,1.0,2.0,3,Nagpur,Villa,Furnished,8142785.0
1006,2,1.0,21.0,0,Pune,Apartment,Semi-Furnished,8235669.0
3317,3,4.0,38.0,0,Nashik,Independent House,Semi-Furnished,20282215.0
3506,4,2.0,10.0,2,Nashik,Apartment,Furnished,22763393.0
619,1,2.0,38.0,2,Mumbai,Apartment,Semi-Furnished,11002144.0
2530,3,3.0,26.0,0,Nagpur,Apartment,Unfurnished,11660877.0
823,4,2.0,15.0,1,Thane,Apartment,Semi-Furnished,12986367.0
3393,2,4.0,27.0,0,Pune,Independent House,Semi-Furnished,33107182.0
3836,3,3.0,16.0,0,Pune,Apartment,Unfurnished,35585022.0
3977,4,2.0,3.0,0,Nagpur,Independent House,Semi-Furnished,21429039.0
2892,1,2.0,34.0,2,Mumbai,Apartment,Furnished,51774536.0
3015,4,4.0,14.0,3,Nagpur,Apartment,Semi-Furnished,16920530.0
4206,2,3.0,22.0,1,Pune,Apartment,Semi-Furnished,38467843.0
2949,2,4.0,29.0,0,Pune,Apartment,Semi-Furnished,27790864.0
2285,4,2.0,3.0,3,Nagpur,Independent House,Semi-Furnished,14934174.0
3518,1,1.0,28.0,1,Thane,Apartment,Semi-Furnished,42164381.0
2863,1,4.0,14.0,0,Pune,Apartment,Semi-Furnished,26537996.0
3869,3,1.0,21.0,0,Thane,Apartment,Semi-Furnished,48040058.0
2598,5,4.0,18.0,1,Mumbai,Villa,Furnished,52094976.0
3976,1,3.0,31.0,2,Pune,Independent House,Semi-Furnished,37335951.0
679,4,1.0,7.0,1,Nashik,Independent House,Semi-Furnished,6695310.0
645,1,4.0,4.0,1,Pune,Apartment,Furnished,8321874.0
896,3,1.0,16.0,1,Nagpur,Apartment,Unfurnished,4920689.0
2724,3,2.0,4.0,3,Pune,Apartment,Furnished,27108180.0
3335,3,2.0,9.0,2,Mumbai,Independent House,Semi-Furnished,63892997.0
1365,1,3.0,26.0,2,Pune,Apartment,Unfurnished,13336606.0
1122,4,3.0,32.0,1,Thane,Independent House,Unfurnished,16052191.0
3941,2,3.0,27.0,2,Thane,Independent House,Unfurnished,49342975.0
3502,4,2.0,12.0,3,Mumbai,Villa,Furnished,68870297.0
3093,4,3.0,32.0,2,Mumbai,Villa,Semi-Furnished,58812626.0
2453,3,1.0,16.0,3,Thane,Apartment,Furnished,31299223.0
2180,2,3.0,7.0,0,Pune,Apartment,Furnished,21733523.0
582,4,1.0,30.0,3,Thane,Apartment,Semi-Furnished,8708034.0
1252,5,1.0,20.0,3,Nashik,Apartment,Furnished,9794319.0
4087,5,3.0,14.0,2,Thane,Villa,Furnished,54045003.0
1856,5,1.0,26.0,3,Pune,Apartment,Semi-Furnished,18946545.0
3318,2,4.0,28.0,2,Pune,Independent House,Furnished,32679529.0
3315,3,1.0,8.0,1,Mumbai,Independent House,Furnished,63428596.0
1737,2,1.0,4.0,2,Pune,Apartment,Semi-Furnished,17463043.0
1317,5,4.0,20.0,2,Pune,Apartment,Unfurnished,13605947.0
3266,5,1.0,2.0,0,Thane,Apartment,Semi-Furnished,42265461.0
874,5,4.0,25.0,0,Pune,Apartment,Furnished,11577803.0
2479,1,2.0,17.0,1,Pune,Villa,Semi-Furnished,24904017.0
4052,2,4.0,8.0,2,Pune,Villa,Furnished,41572131.0
3345,4,4.0,23.0,0,Mumbai,Villa,Furnished,64432694.0
3556,4,1.0,15.0,3,Nashik,Apartment,Unfurnished,21652587.0
833,2,2.0,15.0,0,Pune,Independent House,Furnished,9811935.0
1299,1,3.0,8.0,3,Nagpur,Villa,Semi-Furnished,9374575.0
1600,1,4.0,27.0,2,Thane,Independent House,Semi-Furnished,21052618.0
1669,4,1.0,36.0,1,Pune,Independent House,,17165511.0
1276,3,1.0,24.0,1,Nagpur,Villa,Semi-Furnished,8251129.0
4388,3,2.0,9.0,2,Mumbai,Apartment,Semi-Furnished,80584802.0
1159,5,1.0,33.0,0,Mumbai,Independent House,Semi-Furnished,23423550.0
3332,1,2.0,4.0,2,Thane,Apartment,Unfurnished,41288636.0
2847,4,1.0,11.0,2,Thane,Apartment,Semi-Furnished,36574619.0
2942,2,4.0,1.0,0,Mumbai,Apartment,Semi-Furnished,55725800.0
1358,5,4.0,33.0,3,Mumbai,Apartment,Furnished,27492813.0
1730,5,1.0,1.0,2,Pune,Apartment,Unfurnished,18506607.0
2925,3,3.0,21.0,0,Nashik,Apartment,Unfurnished,16980037.0
1696,2,3.0,7.0,2,Nagpur,Independent House,Semi-Furnished,10675625.0
3276,2,3.0,8.0,1,Pune,Villa,Semi-Furnished,33367097.0
658,1,4.0,24.0,3,Thane,Independent House,Semi-Furnished,11205974.0
791,5,3.0,32.0,1,Nagpur,Independent House,Furnished,7473534.0
3413,1,3.0,0.0,3,Pune,Apartment,Unfurnished,32703874.0
2967,3,1.0,6.0,3,Thane,Villa,Semi-Furnished,40092048.0
672,3,1.0,11.0,0,Nagpur,Apartment,Furnished,4017500.0
4096,4,3.0,37.0,1,Mumbai,Apartment,Semi-Furnished,75251630.0
519,5,4.0,2.0,0,Nashik,Independent House,Semi-Furnished,7914213.0
4322,3,2.0,7.0,1,Thane,Independent House,Furnished,55581992.0
3417,4,3.0,16.0,0,Thane,Apartment,Semi-Furnished,43234571.0
4452,3,1.0,13.0,2,Pune,Independent House,Unfurnished,41955027.0
4295,3,2.0,1.0,0,Nagpur,Apartment,Unfurnished,20932465.0
1752,1,4.0,21.0,2,Thane,Independent House,Furnished,23408927.0
3526,2,3.0,24.0,1,Thane,Villa,Furnished,46191778.0
1343,3,1.0,7.0,3,Pune,Apartment,Unfurnished,14552751.0
2386,1,4.0,27.0,3,Nashik,Independent House,Semi-Furnished,16133780.0
1460,2,4.0,2.0,2,Thane,Apartment,Semi-Furnished,19797503.0
2444,3,2.0,29.0,1,Pune,Apartment,Unfurnished,22275214.0
3989,3,2.0,10.0,2,Mumbai,Villa,Furnished,75974637.0
2244,5,3.0,8.0,2,Nashik,Villa,Semi-Furnished,17143650.0
869,5,4.0,7.0,0,Nashik,Apartment,Furnished,8228412.0
1798,4,2.0,34.0,1,Nagpur,Villa,Furnished,11439027.0
3646,1,1.0,20.0,3,Pune,Apartment,Unfurnished,33447515.0
2586,3,1.0,27.0,1,Nagpur,Apartment,Semi-Furnished,12243974.0
2740,4,4.0,8.0,0,Pune,Villa,Semi-Furnished,29833886.0
2224,3,4.0,2.0,3,Thane,Apartment,Semi-Furnished,30593361.0
1671,3,4.0,1.0,3,Mumbai,Apartment,Unfurnished,33046293.0
2892,3,1.0,17.0,2,Pune,Independent House,Furnished,29691109.0
3032,3,1.0,13.0,2,Thane,Independent House,Semi-Furnished,38581433.0
4092,3,2.0,30.0,1,Nagpur,Apartment,Semi-Furnished,19192816.0
2971,1,1.0,31.0,1,Mumbai,Apartment,Semi-Furnished,53393237.0
4480,3,2.0,12.0,3,Pune,Independent House,Semi-Furnished,43710455.0
3806,2,3.0,17.0,3,Nashik,Independent House,Semi-Furnished,24416155.0
814,4,2.0,15.0,1,Thane,Apartment,Semi-Furnished,11548520.0
2068,5,1.0,27.0,1,Pune,Apartment,Unfurnished,19700370.0
2038,3,2.0,25.0,0,Thane,Apartment,Semi-Furnished,25517758.0
512,2,3.0,26.0,0,Mumbai,Apartment,Semi-Furnished,9832621.0
1222,5,3.0,2.0,1,Nagpur,Apartment,Unfurnished,8109818.0
3548,4,2.0,13.0,2,Mumbai,Villa,Furnished,68459552.0
1908,3,2.0,38.0,2,Pune,Villa,Unfurnished,19171513.0
1091,1,3.0,13.0,3,Thane,Independent House,Furnished,16833395.0
1649,1,1.0,6.0,1,Pune,Apartment,Unfurnished,14961896.0
1598,2,4.0,7.0,0,Thane,Apartment,Semi-Furnished,21592833.0
1198,2,4.0,1.0,3,Pune,Apartment,Semi-Furnished,14244461.0
904,4,1.0,31.0,3,Pune,Apartment,Semi-Furnished,9445332.0
3556,3,4.0,0.0,2,Thane,Apartment,Furnished,46498952.0
3798,5,1.0,23.0,0,Nagpur,Independent House,Unfurnished,19700171.0
2485,3,2.0,15.0,1,Pune,Apartment,Unfurnished,23829952.0
2961,5,3.0,3.0,2,Nashik,Villa,Unfurnished,21332464.0
4176,3,2.0,35.0,3,Pune,Apartment,Semi-Furnished,38418528.0
3870,2,1.0,29.0,2,Thane,Apartment,Furnished,47798105.0
630,4,1.0,32.0,1,Pune,Independent House,Unfurnished,7131494.0
4311,3,3.0,37.0,1,Nashik,Independent House,Furnished,26153393.0
767,2,1.0,36.0,1,Pune,Apartment,Semi-Furnished,7012118.0
606,3,2.0,28.0,0,Nagpur,Independent House,Furnished,5562195.0
2113,4,2.0,21.0,0,Thane,Apartment,Semi-Furnished,27973574.0
3483,2,4.0,27.0,3,Thane,Independent House,Furnished,44553997.0
821,4,4.0,17.0,1,Mumbai,Apartment,Semi-Furnished,17431659.0
1671,5,4.0,7.0,3,Pune,Apartment,Furnished,18811012.0
1550,3,3.0,15.0,1,Pune,Villa,Semi-Furnished,18446649.0
2089,2,3.0,18.0,3,Thane,Independent House,Semi-Furnished,27877732.0
4444,3,2.0,1.0,0,Pune,Independent House,Furnished,43661145.0
1825,5,1.0,33.0,0,Nashik,Apartment,Semi-Furnished,11411002.0
1335,1,4.0,36.0,2,Mumbai,Independent House,Semi-Furnished,25586244.0
989,5,2.0,16.0,3,Thane,Apartment,Semi-Furnished,14528672.0
1292,3,2.0,19.0,0,Nashik,Apartment,Furnished,9540587.0
1032,5,1.0,33.0,2,Nashik,Apartment,Semi-Furnished,7676133.0
2794,4,2.0,18.0,0,Thane,Apartment,Unfurnished,35280877.0
2182,4,3.0,27.0,2,Thane,Apartment,Furnished,28437996.0
2491,5,2.0,20.0,2,Nashik,Villa,Semi-Furnished,17780149.0
3828,1,3.0,10.0,2,Nagpur,Apartment,Unfurnished,18234902.0
2821,3,1.0,31.0,1,Nashik,Apartment,Unfurnished,16105481.0
1120,1,1.0,7.0,1,Mumbai,Apartment,Unfurnished,20915763.0
2006,2,4.0,8.0,2,Pune,Villa,Semi-Furnished,21864042.0
1750,1,2.0,27.0,1,Nagpur,Apartment,Unfurnished,7955492.0
3807,4,2.0,28.0,2,Nagpur,Apartment,Unfurnished,17954046.0
1728,4,2.0,38.0,0,Pune,Villa,Semi-Furnished,17954271.0
1054,4,3.0,28.0,1,Pune,Independent House,Furnished,12886976.0
3444,1,3.0,0.0,0,Nagpur,Independent House,Semi-Furnished,17670837.0
2213,2,2.0,33.0,0,Pune,Apartment,Semi-Furnished,19733412.0
883,4,4.0,16.0,1,Nagpur,Independent House,Semi-Furnished,8351955.0
3259,5,4.0,0.0,1,Nagpur,Villa,Unfurnished,20510320.0
1342,5,1.0,23.0,0,Mumbai,Independent House,Furnished,28536372.0
3972,1,3.0,6.0,0,Pune,Apartment,Unfurnished,36850758.0
3829,3,4.0,16.0,3,Mumbai,Apartment,Unfurnished,71302144.0
1978,1,2.0,18.0,2,Mumbai,Apartment,Semi-Furnished,36444269.0
2722,5,1.0,2.0,2,Nashik,Independent House,Unfurnished,18573301.0
2770,1,1.0,34.0,2,Nagpur,Apartment,Unfurnished,12217362.0
3113,5,3.0,20.0,0,Thane,Apartment,Semi-Furnished,40468890.0
776,1,4.0,38.0,2,Pune,Apartment,Semi-Furnished,7747994.0
1799,1,1.0,18.0,3,Nagpur,Independent House,Unfurnished,9057584.0
1181,5,3.0,23.0,1,Mumbai,Apartment,Semi-Furnished,23964231.0
3289,3,2.0,32.0,3,Thane,Villa,Semi-Furnished,42211432.0
776,3,2.0,8.0,3,Pune,Apartment,Furnished,9827975.0
2567,4,3.0,36.0,2,Nashik,Independent House,Unfurnished,16964802.0
3411,2,4.0,7.0,0,Nashik,Apartment,Furnished,20770689.0
4293,4,1.0,39.0,2,Mumbai,Apartment,Semi-Furnished,79209913.0
1652,3,1.0,25.0,3,Thane,Apartment,Semi-Furnished,21461290.0
531,2,2.0,20.0,2,Pune,Apartment,Unfurnished,5329249.0
3394,2,2.0,8.0,3,Pune,Villa,Semi-Furnished,34416697.0
506,1,3.0,22.0,2,Nashik,Villa,Unfurnished,4734766.0
765,2,3.0,22.0,1,Nashik,Apartment,Semi-Furnished,5191389.0
4461,3,1.0,39.0,3,Pune,Apartment,Semi-Furnished,40871983.0
3950,1,2.0,33.0,0,Mumbai,Apartment,Unfurnished,70251986.0
3330,1,3.0,19.0,1,Pune,Apartment,Unfurnished,29980165.0
3842,4,2.0,15.0,0,Thane,Independent House,Furnished,49554365.0
801,3,3.0,15.0,2,Nashik,Villa,Semi-Furnished,7823923.0
855,1,2.0,15.0,3,Pune,Apartment,Semi-Furnished,8362683.0
1703,4,2.0,0.0,3,Mumbai,Apartment,Furnished,33917076.0
595,4,1.0,1.0,0,Thane,Independent House,Unfurnished,10892096.0
4053,1,1.0,30.0,2,Thane,Independent House,Semi-Furnished,49878531.0
725,2,1.0,10.0,3,Pune,Independent House,Furnished,9983136.0
2676,2,3.0,16.0,3,Nagpur,Apartment,Semi-Furnished,13937067.0
3914,4,1.0,27.0,2,Pune,Apartment,Semi-Furnished,37013827.0
3439,1,3.0,24.0,0,Pune,Apartment,Furnished,32480131.0
1438,5,4.0,14.0,1,Thane,Villa,Unfurnished,21969519.0
2381,2,3.0,30.0,3,Thane,Apartment,Unfurnished,30000149.0
2693,1,3.0,6.0,2,Pune,Villa,Semi-Furnished,27780267.0
3571,5,1.0,18.0,1,Thane,Apartment,Furnished,45901511.0
2204,1,2.0,4.0,0,Nagpur,Villa,Semi-Furnished,13284806.0
1640,1,4.0,21.0,2,Nagpur,Apartment,Unfurnished,7720580.0
3682,5,2.0,3.0,1,Nagpur,Independent House,Semi-Furnished,20868233.0
4045,3,4.0,37.0,1,Nashik,Apartment,Semi-Furnished,22598860.0
2455,3,3.0,26.0,3,Thane,Villa,Semi-Furnished,33041556.0
612,4,2.0,9.0,0,Pune,Apartment,Furnished,8232397.0
2502,4,1.0,24.0,0,Nashik,Villa,Semi-Furnished,16758473.0
4057,4,1.0,13.0,3,Mumbai,Villa,Semi-Furnished,77082619.0
4456,1,2.0,20.0,3,Thane,Apartment,Semi-Furnished,54692388.0
2104,3,2.0,6.0,1,Pune,Apartment,Furnished,21267376.0
1100,2,3.0,20.0,3,Mumbai,Apartment,Semi-Furnished,22326996.0
2788,5,3.0,4.0,0,Nagpur,Apartment,Unfurnished,15601367.0
3822,3,2.0,6.0,0,Mumbai,Villa,Semi-Furnished,72284665.0
4280,1,3.0,23.0,1,Pune,Apartment,Semi-Furnished,39541247.0
706,5,4.0,20.0,2,Pune,Apartment,Semi-Furnished,9911684.0
1662,2,3.0,11.0,0,Nagpur,Apartment,Unfurnished,8745103.0
2410,2,4.0,2.0,0,Pune,Apartment,Unfurnished,23037387.0
893,5,2.0,16.0,3,Mumbai,Apartment,Unfurnished,19570779.0
4045,4,4.0,37.0,2,Nashik,Villa,Unfurnished,25645263.0
948,5,2.0,28.0,2,Thane,Apartment,Unfurnished,12524589.0
3160,4,1.0,2.0,3,Nagpur,Independent House,Unfurnished,17804102.0
4174,5,1.0,37.0,0,Pune,Villa,Unfurnished,39916857.0
3240,1,1.0,16.0,3,Thane,Apartment,Unfurnished,39322892.0
3552,3,4.0,23.0,1,Thane,Independent House,Furnished,45466828.0
1553,2,1.0,0.0,3,Nagpur,Villa,Semi-Furnished,11002947.0
3809,2,4.0,12.0,3,Nashik,Apartment,Semi-Furnished,22915436.0
2174,2,4.0,31.0,0,Pune,Apartment,Semi-Furnished,20258707.0
745,2,2.0,13.0,0,Nagpur,Villa,Semi-Furnished,6576850.0
1966,3,4.0,6.0,2,Nashik,Apartment,Unfurnished,13008515.0
1899,5,4.0,3.0,2,Mumbai,Apartment,Semi-Furnished,38011310.0
2585,4,4.0,36.0,0,Pune,Apartment,Semi-Furnished,25134104.0
1559,2,2.0,32.0,1,Pune,Apartment,Semi-Furnished,14111131.0
2348,3,2.0,1.0,3,Nashik,Villa,Unfurnished,16762211.0
2211,3,1.0,37.0,3,Pune,Apartment,Semi-Furnished,20124435.0
1807,2,4.0,32.0,0,Nagpur,Apartment,Unfurnished,8061211.0
3284,3,4.0,,2,Thane,Independent House,Unfurnished,42476106.0
1721,4,3.0,26.0,0,Mumbai,Apartment,Semi-Furnished,33015759.0
3563,2,1.0,10.0,1,Pune,Apartment,Unfurnished,32534225.0
1503,3,4.0,9.0,0,Pune,Apartment,Semi-Furnished,16201416.0
3959,4,2.0,28.0,2,Mumbai,Independent House,Unfurnished,73569347.0
1960,3,3.0,8.0,0,Thane,Villa,Semi-Furnished,26897829.0
662,2,3.0,14.0,0,Nashik,Apartment,Semi-Furnished,5169552.0
1099,3,1.0,14.0,0,Thane,Independent House,Furnished,16625461.0
3725,4,1.0,6.0,0,Thane,Villa,Semi-Furnished,47898539.0
3988,2,1.0,33.0,0,Pune,Independent House,Furnished,38294342.0
1347,3,4.0,26.0,2,Nagpur,Villa,Unfurnished,8996767.0
2908,4,,34.0,3,Mumbai,Independent House,Semi-Furnished,54741902.0
2797,2,2.0,20.0,1,Mumbai,Villa,Semi-Furnished,53288291.0
1035,2,2.0,7.0,3,Mumbai,Apartment,Semi-Furnished,21093989.0
2307,5,2.0,11.0,2,Mumbai,Apartment,Semi-Furnished,44459805.0
3275,2,2.0,14.0,1,Nagpur,Apartment,Furnished,16757720.0
4368,3,3.0,37.0,0,Nashik,Apartment,Furnished,26227882.0
3890,1,2.0,9.0,3,Mumbai,Independent House,Semi-Furnished,72652544.0
891,5,3.0,27.0,0,Pune,Villa,Semi-Furnished,13311119.0
1450,3,2.0,4.0,1,Nashik,Villa,Unfurnished,12174084.0
2246,4,3.0,38.0,0,Nagpur,Villa,Semi-Furnished,13080191.0
1102,4,4.0,25.0,3,Nashik,Independent House,Semi-Furnished,9782192.0
2782,2,1.0,17.0,3,Pune,Villa,Unfurnished,27534254.0
534,2,1.0,13.0,1,Pune,Apartment,Unfurnished,5598310.0
954,4,3.0,14.0,1,Nagpur,Apartment,Furnished,7575701.0
689,5,1.0,9.0,2,Nagpur,Apartment,Unfurnished,5328633.0
1681,1,1.0,23.0,2,Pune,Apartment,Semi-Furnished,14918013.0
3549,5,4.0,34.0,1,Mumbai,Apartment,Unfurnished,66206575.0
1209,5,2.0,9.0,1,Mumbai,Apartment,Semi-Furnished,25180067.0
4448,1,3.0,29.0,0,Nagpur,Apartment,Unfurnished,19128310.0
1578,1,4.0,22.0,1,Pune,Apartment,Semi-Furnished,15308946.0
679,4,1.0,30.0,2,Nashik,Independent House,Unfurnished,6106683.0
1841,5,2.0,30.0,2,Thane,Apartment,Unfurnished,24117678.0
3492,2,1.0,1.0,3,Mumbai,Independent House,Unfurnished,65183713.0
926,4,2.0,0.0,2,Mumbai,Apartment,Unfurnished,19769953.0
787,5,1.0,36.0,3,Pune,Independent House,Semi-Furnished,9829794.0
3897,2,4.0,6.0,2,Pune,Villa,Unfurnished,39007905.0
2868,2,2.0,22.0,1,Thane,Independent House,Semi-Furnished,35982229.0
1872,5,1.0,30.0,1,Thane,Apartment,Semi-Furnished,22228346.0
3524,2,1.0,20.0,2,Pune,Villa,Unfurnished,33676202.0
3877,3,1.0,0.0,1,Thane,Apartment,Unfurnished,48545460.0
1936,3,1.0,0.0,3,Pune,Apartment,Semi-Furnished,19971555.0
2744,3,1.0,26.0,0,Nashik,Villa,Semi-Furnished,17984586.0
543,2,3.0,35.0,0,Nagpur,Apartment,Semi-Furnished,3341267.0
1724,4,4.0,13.0,1,Mumbai,Apartment,Furnished,34213266.0
2880,4,4.0,21.0,0,Nashik,Independent House,Unfurnished,18396973.0
1288,2,4.0,37.0,0,Nashik,Apartment,Semi-Furnished,6649915.0
4464,3,4.0,33.0,1,Pune,Villa,Semi-Furnished,42659547.0
4384,1,2.0,21.0,0,Thane,Apartment,Unfurnished,51905032.0
1530,2,2.0,26.0,0,Pune,Apartment,Semi-Furnished,14620488.0
2085,5,3.0,38.0,2,Pune,Apartment,Semi-Furnished,20580761.0
1257,3,2.0,31.0,1,Thane,Apartment,Semi-Furnished,15823594.0
2515,4,3.0,16.0,3,Mumbai,Independent House,Semi-Furnished,48768064.0
995,5,4.0,27.0,0,Mumbai,Independent House,Unfurnished,20459459.0
2063,4,1.0,13.0,2,Pune,Apartment,Semi-Furnished,21242557.0
2721,4,4.0,36.0,2,Pune,Apartment,Furnished,26891006.0
2947,4,4.0,3.0,2,Pune,Independent House,Semi-Furnished,31479097.0
2885,3,3.0,9.0,2,Mumbai,Apartment,Semi-Furnished,53452976.0
1385,4,2.0,13.0,0,Nashik,Apartment,Semi-Furnished,10007230.0
3669,2,2.0,8.0,3,Mumbai,Apartment,Semi-Furnished,67864293.0
3266,5,1.0,23.0,1,Thane,Villa,Unfurnished,42395337.0
3512,1,2.0,28.0,2,Thane,Apartment,Semi-Furnished,43162772.0
2371,5,3.0,35.0,1,Mumbai,Apartment,Semi-Furnished,44432568.0
4070,5,3.0,20.0,1,Thane,Independent House,Unfurnished,52241353.0
2059,1,1.0,24.0,2,Thane,Independent House,Unfurnished,25109925.0
3723,4,3.0,23.0,3,Thane,Villa,Unfurnished,48432250.0
1314,5,4.0,0.0,3,Nagpur,Villa,Semi-Furnished,11286939.0
1489,3,1.0,28.0,2,Pune,Independent House,Unfurnished,14935210.0
2606,2,1.0,0.0,2,Pune,Villa,Furnished,27937434.0
2723,5,4.0,21.0,2,Thane,Villa,Furnished,38533869.0
3484,3,3.0,39.0,3,Nashik,Apartment,Furnished,20483948.0
1689,1,3.0,31.0,0,Thane,Apartment,Unfurnished,19679966.0
3990,2,4.0,20.0,3,Nagpur,Independent House,Semi-Furnished,20605145.0
1819,4,3.0,12.0,2,Pune,Villa,Furnished,21366695.0
2636,3,3.0,33.0,2,Mumbai,Apartment,Semi-Furnished,48324242.0
4227,2,1.0,34.0,2,Thane,Villa,Unfurnished,51363252.0
2657,4,4.0,14.0,3,Pune,Independent House,Furnished,28083779.0
3227,1,4.0,4.0,2,Nagpur,Apartment,Semi-Furnished,16609467.0
4134,2,2.0,23.0,0,Thane,Villa,Semi-Furnished,52091355.0
4398,3,3.0,25.0,3,Pune,Apartment,Furnished,42220454.0
2497,1,3.0,37.0,2,Pune,Villa,Furnished,25361987.0
2167,2,1.0,35.0,3,Nashik,Independent House,Semi-Furnished,13156202.0
1287,5,1.0,9.0,3,Thane,Independent House,Unfurnished,18320417.0
2649,5,3.0,10.0,3,Nashik,Independent House,Semi-Furnished,19290949.0
4173,5,3.0,39.0,0,Pune,Villa,Semi-Furnished,40902586.0
2448,2,3.0,13.0,2,Pune,Apartment,Semi-Furnished,23775701.0
1893,1,2.0,18.0,3,Mumbai,Villa,Semi-Furnished,37513191.0
929,5,4.0,12.0,3,Mumbai,Apartment,Semi-Furnished,20614747.0
2058,2,2.0,15.0,2,Pune,Apartment,Semi-Furnished,20087305.0
1446,4,1.0,22.0,3,Thane,Apartment,Furnished,19915748.0
4406,1,1.0,11.0,3,Pune,Apartment,Furnished,41726368.0
2610,4,4.0,16.0,0,Thane,Apartment,Semi-Furnished,33509701.0
1047,3,3.0,14.0,3,Thane,Apartment,Semi-Furnished,14607901.0
769,5,2.0,4.0,2,Nashik,Apartment,Semi-Furnished,7534139.0
3902,1,1.0,31.0,2,Nashik,Apartment,Semi-Furnished,20940929.0
4225,3,1.0,35.0,0,Pune,Apartment,Unfurnished,37854561.0
3552,5,1.0,19.0,3,Nashik,Apartment,Semi-Furnished,22169628.0
995,2,1.0,8.0,1,Mumbai,Independent House,Semi-Furnished,20309039.0
893,4,3.0,25.0,1,Pune,Apartment,Semi-Furnished,9854362.0
1291,1,1.0,21.0,1,Nashik,Independent House,Furnished,9674355.0
3504,4,1.0,22.0,3,Pune,Apartment,Furnished,34449298.0
3561,2,2.0,23.0,1,Pune,Independent House,Furnished,34435287.0
3851,3,3.0,28.0,0,Nagpur,Villa,Furnished,20871363.0
887,5,2.0,1.0,0,Mumbai,Independent House,Semi-Furnished,20785355.0
1112,4,1.0,3.0,3,Pune,Independent House,Furnished,14184951.0
4101,3,3.0,3.0,0,Pune,Villa,Furnished,41224481.0
4214,1,2.0,6.0,3,Pune,Apartment,Semi-Furnished,39718104.0
3402,2,1.0,38.0,0,Nashik,Apartment,Unfurnished,18147258.0
924,5,3.0,29.0,3,Nashik,Apartment,Unfurnished,7391828.0
774,2,4.0,26.0,2,Pune,Independent House,Semi-Furnished,9798500.0
722,4,3.0,27.0,0,Nashik,Independent House,Semi-Furnished,6341340.0
3267,3,1.0,1.0,3,Thane,Apartment,Semi-Furnished,41160198.0
3883,2,2.0,8.0,1,Nashik,Villa,Furnished,25073445.0
3026,4,3.0,31.0,3,Nashik,Apartment,Furnished,19444829.0
1548,2,4.0,18.0,2,Nashik,Villa,Unfurnished,11259146.0
3529,2,4.0,20.0,1,Thane,Villa,Unfurnished,44357774.0
736,3,4.0,30.0,0,Thane,Apartment,Semi-Furnished,10246921.0
3812,4,4.0,,1,Pune,Independent House,Semi-Furnished,38382812.0
4067,5,3.0,31.0,0,Pune,Apartment,Furnished,38275810.0
3373,4,3.0,27.0,3,Pune,Villa,Furnished,34930503.0
4017,4,3.0,16.0,0,Nagpur,Villa,Semi-Furnished,21952677.0
2844,4,3.0,19.0,0,Pune,Apartment,Semi-Furnished,28450192.0
2373,2,3.0,2.0,0,Thane,Apartment,Furnished,31065980.0
1789,2,1.0,8.0,3,Pune,Apartment,Furnished,18654738.0
4186,3,4.0,9.0,3,Nashik,Apartment,Semi-Furnished,25955247.0
3289,4,1.0,35.0,2,Pune,Independent House,Furnished,31992111.0
1261,4,2.0,4.0,0,Mumbai,Apartment,Semi-Furnished,25078574.0
4327,1,2.0,11.0,2,Mumbai,Apartment,Unfurnished,79132431.0
736,4,4.0,5.0,3,Nagpur,Apartment,Semi-Furnished,7238505.0
2850,2,1.0,11.0,0,Mumbai,Apartment,Furnished,52230117.0
1262,5,2.0,0.0,3,Mumbai,Apartment,Furnished,26444127.0
3157,4,2.0,10.0,0,Nagpur,Villa,Unfurnished,17269616.0
2150,5,1.0,28.0,3,Thane,Apartment,Semi-Furnished,28417045.0
2248,4,1.0,30.0,2,Nagpur,Independent House,Semi-Furnished,11746882.0
3186,3,2.0,15.0,3,Nagpur,Apartment,Furnished,17330920.0
3524,1,4.0,28.0,1,Mumbai,Villa,Semi-Furnished,66141261.0
2020,2,2.0,24.0,3,Thane,Apartment,Unfurnished,25046066.0
4490,5,4.0,36.0,3,Mumbai,Apartment,Furnished,83597153.0
2493,2,3.0,32.0,1,Thane,Apartment,Semi-Furnished,31180878.0
1141,1,4.0,9.0,2,Thane,Villa,Furnished,17903061.0
525,2,4.0,23.0,1,Pune,Independent House,Furnished,7005106.0
1309,3,3.0,31.0,1,Pune,Apartment,Unfurnished,11965905.0
3264,4,3.0,12.0,3,Nagpur,Apartment,Furnished,17437859.0
2657,5,1.0,22.0,0,Nagpur,Villa,Semi-Furnished,16196650.0
1851,5,3.0,16.0,0,Nashik,Apartment,Furnished,14021415.0
2425,3,1.0,12.0,1,Thane,Independent House,Unfurnished,31768824.0
3852,3,3.0,7.0,3,Nashik,Apartment,Furnished,24411590.0
2786,5,3.0,1.0,0,Mumbai,Independent House,Semi-Furnished,53956130.0
732,1,4.0,29.0,1,Nashik,Apartment,Unfurnished,3731695.0
696,3,3.0,32.0,2,Pune,Apartment,Furnished,7679007.0
2428,3,2.0,26.0,1,Nashik,Villa,Semi-Furnished,16363438.0
2117,4,2.0,9.0,2,Thane,Apartment,Unfurnished,28238349.0
3902,5,3.0,0.0,2,Pune,Villa,Furnished,41900583.0
2831,4,2.0,25.0,3,Thane,Independent House,Semi-Furnished,36842249.0
3527,4,2.0,7.0,3,Thane,Apartment,Semi-Furnished,44307549.0
2840,4,2.0,21.0,1,Pune,Apartment,Furnished,27464854.0
1881,3,3.0,38.0,1,Thane,Apartment,Semi-Furnished,23986870.0
3129,2,1.0,0.0,1,Nagpur,Apartment,Unfurnished,15514733.0
2985,2,3.0,23.0,1,Mumbai,Villa,Semi-Furnished,56549959.0
3380,4,2.0,39.0,3,Pune,Villa,Semi-Furnished,33418585.0
1256,4,2.0,13.0,2,Pune,Apartment,Unfurnished,12976117.0
3066,2,2.0,,2,Nashik,Villa,Semi-Furnished,18781302.0
1641,5,1.0,33.0,1,Pune,Villa,Semi-Furnished,19031429.0
3660,5,3.0,19.0,2,Mumbai,Villa,Unfurnished,70863317.0
3694,4,3.0,12.0,2,Thane,Apartment,Semi-Furnished,46768160.0
2999,2,4.0,27.0,2,Nagpur,Apartment,Furnished,14616258.0
4286,5,,24.0,3,Nagpur,Apartment,Semi-Furnished,21953058.0
2650,2,3.0,19.0,3,Thane,Independent House,Unfurnished,33973639.0
600,3,3.0,7.0,0,Pune,Independent House,Furnished,9432664.0
2924,5,3.0,29.0,0,Pune,Independent House,Semi-Furnished,29750573.0
3610,3,3.0,8.0,3,Nagpur,Apartment,Furnished,18958488.0
904,2,4.0,5.0,1,Mumbai,Villa,Furnished,21478098.0
918,1,4.0,2.0,1,Pune,Independent House,Semi-Furnished,11133077.0
1592,2,1.0,17.0,3,Nagpur,Apartment,Semi-Furnished,8777559.0
3876,4,2.0,4.0,2,Pune,Apartment,Unfurnished,37226341.0
2609,4,3.0,13.0,0,Nashik,Apartment,Unfurnished,16664621.0
4405,2,3.0,9.0,0,Nashik,Villa,Unfurnished,26164467.0
3991,1,,18.0,3,Nashik,Apartment,Semi-Furnished,23372750.0
2719,4,1.0,31.0,3,Mumbai,Apartment,Semi-Furnished,50107636.0
3216,1,3.0,18.0,1,Pune,Apartment,Furnished,30457059.0
1824,1,3.0,22.0,3,Thane,Villa,Unfurnished,24888116.0
861,3,1.0,5.0,0,Thane,Independent House,Semi-Furnished,12820583.0
2094,3,3.0,4.0,3,Mumbai,Villa,Unfurnished,41499994.0
2869,2,4.0,39.0,0,Pune,Independent House,Unfurnished,26603610.0
1228,2,3.0,24.0,2,Nashik,Villa,Furnished,10168218.0
1386,2,4.0,0.0,3,Mumbai,Independent House,Semi-Furnished,28415427.0
559,2,2.0,22.0,2,Pune,Apartment,Semi-Furnished,6238822.0
3436,1,1.0,0.0,3,Pune,Independent House,Semi-Furnished,33735177.0
4097,1,3.0,3.0,1,Pune,Independent House,Semi-Furnished,39811345.0
3809,2,1.0,14.0,1,Mumbai,Villa,Furnished,71623193.0
2019,1,1.0,26.0,1,Pune,Apartment,Semi-Furnished,17826199.0
2873,2,1.0,24.0,0,Thane,Apartment,Semi-Furnished,34872631.0
4343,3,4.0,31.0,1,Mumbai,Apartment,Unfurnished,79043730.0
2865,1,4.0,7.0,0,Mumbai,Apartment,Semi-Furnished,53068372.0
1683,4,2.0,7.0,3,Pune,Apartment,Semi-Furnished,17818747.0
1854,4,3.0,21.0,0,Thane,Apartment,Unfurnished,23896518.0
3408,3,2.0,34.0,0,Pune,Apartment,Semi-Furnished,30897884.0
2285,4,1.0,28.0,2,Pune,Independent House,Semi-Furnished,23020021.0
3849,5,4.0,26.0,2,Nashik,Villa,Unfurnished,25141634.0
3956,1,4.0,3.0,0,Nagpur,Independent House,Furnished,21086944.0
643,1,2.0,35.0,2,Thane,Apartment,Unfurnished,7809371.0
3393,2,2.0,39.0,0,Mumbai,Apartment,Furnished,60932475.0
1979,4,4.0,23.0,3,Mumbai,Apartment,Semi-Furnished,37235903.0
2579,5,2.0,13.0,0,Pune,Independent House,Unfurnished,26043614.0
1559,5,2.0,26.0,2,Nashik,Apartment,Unfurnished,9866412.0
1972,3,2.0,25.0,2,Mumbai,Villa,Semi-Furnished,37400383.0
1821,3,2.0,37.0,1,Mumbai,Apartment,Furnished,34743858.0
701,3,3.0,4.0,2,Pune,Apartment,Semi-Furnished,9320870.0
3631,1,1.0,20.0,1,Thane,Apartment,Semi-Furnished,44252221.0
1072,3,2.0,28.0,2,Pune,Apartment,Unfurnished,10329539.0
2003,3,2.0,13.0,0,Pune,Apartment,Furnished,20416368.0
1272,2,2.0,33.0,2,Thane,Independent House,Furnished,17183812.0
1142,4,2.0,2.0,3,Nagpur,Apartment,Semi-Furnished,8745444.0
1993,5,2.0,4.0,3,Nashik,Apartment,Furnished,15136579.0
4175,2,2.0,31.0,1,Nagpur,Apartment,Semi-Furnished,19301064.0
4276,5,4.0,5.0,1,Pune,Independent House,Semi-Furnished,43181518.0
2026,1,3.0,16.0,1,Thane,Villa,Semi-Furnished,27851452.0
2520,5,3.0,11.0,3,Pune,Villa,Unfurnished,27545299.0
4442,4,2.0,27.0,3,Thane,Apartment,Unfurnished,54330676.0
1439,2,4.0,0.0,2,Pune,Independent House,Semi-Furnished,16862286.0
4278,4,1.0,14.0,3,Nashik,Apartment,Furnished,26639068.0
923,2,3.0,39.0,0,Nashik,Villa,Semi-Furnished,7011381.0
1403,4,1.0,14.0,3,Pune,Independent House,Unfurnished,15493554.0
1853,1,4.0,23.0,3,Mumbai,Apartment,Unfurnished,33714203.0
648,2,2.0,39.0,2,Nagpur,Apartment,Semi-Furnished,3269684.0
3762,2,2.0,24.0,2,Pune,Apartment,Semi-Furnished,34371483.0
3921,1,1.0,30.0,3,Thane,Apartment,Unfurnished,46679151.0
2033,2,4.0,38.0,2,Pune,Apartment,Unfurnished,18355805.0
3845,4,2.0,24.0,3,Nashik,Apartment,Semi-Furnished,23729808.0
3590,4,2.0,33.0,0,Nashik,Apartment,Unfurnished,21092474.0
3705,3,4.0,20.0,2,Mumbai,Villa,Semi-Furnished,70185054.0
3710,1,1.0,32.0,1,Nagpur,Apartment,Semi-Furnished,16472921.0
2793,2,2.0,25.0,3,Nagpur,Villa,Unfurnished,14918838.0
943,5,1.0,13.0,3,Nashik,Apartment,Semi-Furnished,8285497.0
4193,2,1.0,22.0,3,Nashik,Apartment,Unfurnished,23694809.0
2934,1,1.0,13.0,0,Nashik,Apartment,Semi-Furnished,16512681.0
4105,3,1.0,15.0,1,Mumbai,Independent House,Furnished,76962188.0
4336,1,4.0,11.0,0,Pune,Apartment,Semi-Furnished,40327407.0
1248,2,2.0,19.0,3,Pune,Villa,Unfurnished,14737111.0
2108,5,4.0,13.0,1,Nashik,Independent House,Unfurnished,15016860.0
1269,2,2.0,25.0,2,Thane,Villa,Unfurnished,17653869.0
703,4,4.0,14.0,1,Pune,Apartment,Furnished,9836335.0
4365,3,1.0,19.0,3,Nashik,Apartment,Semi-Furnished,25894815.0
4193,2,1.0,5.0,3,Pune,Apartment,Semi-Furnished,39542950.0
4226,4,1.0,15.0,3,Nashik,Villa,Unfurnished,27498723.0
4034,3,4.0,14.0,2,Nagpur,Villa,Furnished,22023002.0
3095,2,3.0,38.0,0,Nagpur,Villa,Furnished,15985229.0
2588,2,3.0,17.0,3,Nagpur,Apartment,Unfurnished,13284606.0
4465,5,4.0,0.0,0,Nagpur,Villa,Semi-Furnished,25246452.0
2709,1,2.0,12.0,1,Pune,Villa,Semi-Furnished,26788671.0
3069,5,3.0,29.0,1,Nashik,Independent House,Semi-Furnished,19899262.0
1346,3,3.0,6.0,1,Pune,Villa,Semi-Furnished,16040461.0
3486,5,3.0,6.0,3,Thane,Apartment,Unfurnished,45358690.0
3777,2,3.0,14.0,0,Nagpur,Villa,Semi-Furnished,20653482.0
3214,3,2.0,14.0,2,Pune,Villa,Semi-Furnished,32775742.0
2494,4,1.0,19.0,0,Pune,Apartment,Semi-Furnished,24520582.0
857,1,2.0,3.0,0,Nagpur,Apartment,Semi-Furnished,5562988.0
3595,1,1.0,20.0,2,Pune,Independent House,Unfurnished,33620327.0
3118,4,3.0,22.0,0,Pune,Apartment,Unfurnished,30202837.0
2255,4,3.0,29.0,2,Thane,Apartment,Semi-Furnished,29250999.0
2232,4,2.0,22.0,2,Nashik,Apartment,Semi-Furnished,15042455.0
3934,5,4.0,7.0,0,Pune,Villa,Furnished,41216966.0
843,3,3.0,14.0,1,Nagpur,Villa,Semi-Furnished,8079377.0
3289,5,1.0,17.0,0,Nashik,Apartment,Furnished,20976376.0
1305,4,4.0,39.0,2,Thane,Villa,Semi-Furnished,19023622.0
876,2,1.0,21.0,1,Nagpur,Apartment,Furnished,5129574.0
